# vtk DataFile Version 2.0
vena_cilindrica, Created by Gmsh 4.15.2 
ASCII
DATASET UNSTRUCTURED_GRID
POINTS 1992 double
6.0 2.999999999999999 30.0
6.0 2.999999999999999 0.0
5.897777478867205 3.776457135307561 30.0
5.598076211353317 4.499999999999998 30.0
5.1213203435596455 5.121320343559638 30.0
4.500000000000005 5.5980762113533125 30.0
3.776457135307568 5.897777478867203 30.0
3.000000000000005 6.0 30.0
2.2235428646924422 5.897777478867206 30.0
1.500000000000004 5.598076211353318 30.0
0.8786796564403629 5.121320343559648 30.0
0.4019237886466902 4.50000000000001 30.0
0.10222252113279895 3.7764571353075773 30.0
0.0 3.000000000000019 30.0
0.10222252113279007 2.2235428646924595 30.0
0.4019237886466711 1.500000000000023 30.0
0.8786796564403372 0.878679656440378 30.0
1.499999999999971 0.40192378864670086 30.0
2.22354286469241 0.10222252113280295 30.0
2.999999999999973 0.0 30.0
3.7764571353075427 0.10222252113279007 30.0
4.499999999999984 0.4019237886466751 30.0
5.121320343559635 0.8786796564403492 30.0
5.598076211353311 1.499999999999992 30.0
5.897777478867204 2.223542864692435 30.0
6.0 2.999999999999999 0.7894736842105263
6.0 2.999999999999999 1.578947368421053
6.0 2.999999999999999 2.368421052631579
6.0 2.999999999999999 3.157894736842105
6.0 2.999999999999999 3.947368421052631
6.0 2.999999999999999 4.736842105263158
6.0 2.999999999999999 5.526315789473684
6.0 2.999999999999999 6.315789473684211
6.0 2.999999999999999 7.105263157894737
6.0 2.999999999999999 7.894736842105263
6.0 2.999999999999999 8.68421052631579
6.0 2.999999999999999 9.473684210526315
6.0 2.999999999999999 10.26315789473684
6.0 2.999999999999999 11.05263157894737
6.0 2.999999999999999 11.84210526315789
6.0 2.999999999999999 12.63157894736842
6.0 2.999999999999999 13.42105263157895
6.0 2.999999999999999 14.21052631578947
6.0 2.999999999999999 15.0
6.0 2.999999999999999 15.78947368421053
6.0 2.999999999999999 16.57894736842105
6.0 2.999999999999999 17.36842105263158
6.0 2.999999999999999 18.1578947368421
6.0 2.999999999999999 18.94736842105263
6.0 2.999999999999999 19.73684210526316
6.0 2.999999999999999 20.52631578947368
6.0 2.999999999999999 21.31578947368421
6.0 2.999999999999999 22.10526315789474
6.0 2.999999999999999 22.89473684210526
6.0 2.999999999999999 23.68421052631579
6.0 2.999999999999999 24.47368421052632
6.0 2.999999999999999 25.26315789473684
6.0 2.999999999999999 26.05263157894737
6.0 2.999999999999999 26.8421052631579
6.0 2.999999999999999 27.63157894736842
6.0 2.999999999999999 28.42105263157895
6.0 2.999999999999999 29.21052631578947
5.897777478867205 3.776457135307561 0.0
5.598076211353317 4.499999999999998 0.0
5.1213203435596455 5.121320343559638 0.0
4.500000000000005 5.5980762113533125 0.0
3.776457135307568 5.897777478867203 0.0
3.000000000000005 6.0 0.0
2.2235428646924422 5.897777478867206 0.0
1.500000000000004 5.598076211353318 0.0
0.8786796564403629 5.121320343559648 0.0
0.4019237886466902 4.50000000000001 0.0
0.10222252113279895 3.7764571353075773 0.0
0.0 3.000000000000019 0.0
0.10222252113279007 2.2235428646924595 0.0
0.4019237886466711 1.500000000000023 0.0
0.8786796564403372 0.878679656440378 0.0
1.499999999999971 0.40192378864670086 0.0
2.22354286469241 0.10222252113280295 0.0
2.999999999999973 0.0 0.0
3.7764571353075427 0.10222252113279007 0.0
4.499999999999984 0.4019237886466751 0.0
5.121320343559635 0.8786796564403492 0.0
5.598076211353311 1.499999999999992 0.0
5.897777478867204 2.223542864692435 0.0
5.92241042001069 2.3221229189499515 17.76360852731118
5.922259541168751 2.3214727904879577 9.86832637702572
5.921243934243767 3.682886430267871 13.81532699672637
5.9220914127423825 3.6792508929528323 21.71052631578947
5.922135990108336 2.320940904402588 21.71056698101373
5.9220914127423825 3.679250892952834 8.289473684210526
5.921032567266458 2.3162100169140203 14.60781742106888
5.922091412742355 3.6792508929529566 16.97368421052632
5.9221391527360705 2.320954514007408 6.710469548997038
0.021947927282333968 2.6377765162471998 0.6495117693103749
5.922091412742397 3.679250892952774 5.131578947368421
5.922091412742397 3.6792508929527754 24.86842105263158
5.922091412742176 2.320749107046277 24.86842105263158
0.020918084677763904 2.6463462967817275 29.30756773319458
1.867329520950754 0.2220407515785352 0.6294370943651403
5.920883658980269 3.684425781733881 11.44875518027385
5.922526554852346 2.322623785343124 12.24010045106068
5.922062664897265 3.679374552374088 19.34197941628379
1.212994140373452 5.409690863505189 0.7224044547612773
1.212399805675596 5.409249996420328 29.27436592580626
5.920494269283109 2.313914565754004 4.344903623598542
1.85647967377451 0.22648936120498186 29.38231700784926
3.3915785766601605 5.974334584121431 0.6777482065821777
3.4674528465721246 5.9633575275743596 29.28202065569709
4.114909238293504 0.2148649242150209 29.31165501854345
4.1214368546610665 0.21748685878972118 0.6467467647373929
5.9220914127423825 3.6792508929528354 2.763157894736842
5.9220914127423825 3.679250892952833 27.23684210526316
5.922182447573309 2.3211408518002745 27.23696444114843
5.92259142863279 2.322903742971394 19.34261579155627
5.9226549462329245 2.3231779663307233 23.28979173000698
5.922150514107841 2.3210034072992123 2.762948977467654
5.922095371228412 2.320766136411407 8.289318154462995
5.922091412742092 3.6792508929540846 23.28947368421053
5.922091412742343 3.679250892953005 6.710526315789474
5.921727753757255 3.680813434741549 9.869679997827005
5.922583721338533 2.3228704763732346 16.18459188592659
5.922026888722595 3.6795284111662667 15.39445709997597
0.632320882188385 1.157692860818583 29.33766204683545
0.6425416774073431 1.144632042629113 0.6501859766614414
0.23111866266560988 4.154684432977825 0.6283550673667238
0.2283614024661449 4.148050297095282 29.32225179341782
4.866271153603183 5.3488363036254025 0.734424761183543
4.828786098364205 5.378138222734294 29.30842650535102
5.40369438752066 1.204936410206681 29.31139259973058
5.400720891958879 1.200961590484471 0.6895475009373276
5.9220914127423825 3.679250892952836 28.81578947368421
5.9220914127423825 3.6792508929528376 1.184210526315789
5.927679956414349 2.345255719528859 28.80930576605036
5.927690174667494 2.3453014119799716 1.190738103410515
5.922879007808758 2.32414623940464 28.02543155135022
5.6936339798912545 1.679266876929635 27.63185838418705
5.693004532586338 1.677983892885779 26.84356537428224
5.3250242174564235 1.104146000283474 27.23805455161275
5.324476821845677 1.10347488687805 26.45057816827235
4.836445496254093 0.6277715246443778 26.84456689691144
4.8360336996589055 0.6274527920994211 26.05760115818557
4.253451750662603 0.2744067235258929 26.45142040392902
4.253002051136422 0.2741999596727722 25.66470519540297
3.6060192133957383 0.06184739793944516 26.05848570100014
3.605356189174705 0.0617107214864161 25.27183169442038
2.927145971631238 0.0008847487049710168 25.66562036038342
2.926542342004106 0.0008994727615809772 24.87892014843069
2.248084525033766 0.09575773763511597 25.27444316502504
2.2510352911638356 0.09499537609353181 24.48618321866351
1.610807102125746 0.3410259323386149 24.88151893720766
1.614355576965197 0.3391750277568901 24.09310095615701
1.048101363268409 0.7218227215764448 24.48729787343653
1.049491458546509 0.720632449621831 23.6998349870706
0.5853732866555741 1.21966917815719 24.09384555908321
0.585330716671296 1.219726916411743 23.30675153879094
1.04960645148258 0.7205340524803572 22.91271075773727
0.5850803942364879 1.220066490652248 22.51940992695041
1.049321095996231 0.7207782439010781 22.12515383379782
0.585393828998416 1.219641317329267 21.73189302758506
1.049241882049788 0.720846041784069 21.33725308536818
0.5855315877673859 1.219454497539891 20.9433549955276
1.04914960921598 0.7209250225633572 20.54901452738765
0.5841764572026689 1.221293557085331 20.15491713927047
1.048395278616512 0.7215709334118658 19.76076006564169
0.5845242336293048 1.220821306873336 19.36732263297571
1.048354412352484 0.721605938338151 18.97233029000888
0.5847216820044792 1.220553275138385 18.57815957611038
1.048249601564223 0.7216957222078988 18.18361179192117
0.5832109588247101 1.222605634515789 17.78921542015974
1.047449438657122 0.722381439880766 17.39493315841408
0.5826617253301318 1.223352689525548 17.00153374607524
1.047009648040932 0.7227585360452449 16.60622823544656
0.5845563338985582 1.220777727238548 16.2127399210963
1.046642022155193 0.7230738680426971 15.81730700429314
0.5832816150313578 1.222509564651737 15.42271193582941
1.046272431402755 0.7233909892774522 15.02832204553125
0.5817828046027298 1.224549185168747 14.63472115034514
1.045898626744942 0.723711832161249 14.23928537457333
0.5835902099974639 1.222090067866232 13.84578453280532
1.046408351145069 0.7232743534794821 13.45003222481533
0.582704462850085 1.223294541553073 13.05573530642519
1.045724973715542 0.723860917773063 12.66107347185205
0.5818523121258541 1.224454517724505 12.26750474677464
1.044982843722616 0.7244983149509441 11.87245585249782
0.5810976010265332 1.225482830671845 11.47870391644293
1.044358444095536 0.725034922285714 11.08399354725749
0.5815264042014978 1.224898463065995 10.68997568194432
1.043473431075658 0.725796010668097 10.29589914697561
0.5806793824746501 1.226053058962372 9.902364615514669
1.043019341483044 0.7261867486113691 9.507875691810051
0.579909751234629 1.227103164921668 9.11439993163576
1.042237093437838 0.726860232698114 8.720110325909873
0.5798331449295162 1.227207740986484 8.326478929544418
1.042387400616961 0.726730787887897 7.93277025572609
0.579519361567872 1.227636188877916 7.539614473101605
1.041812921201491 0.7272256239506389 7.145745302865791
0.5793288299440031 1.227896423326297 6.752747383057391
1.041292403148563 0.72767419808768 6.359053984074823
0.579193960117983 1.228080668520503 5.966396734527563
1.040928342237835 0.727988063465995 5.572754978005318
0.5789304125747168 1.228440784832646 5.180106810166712
0.241873906774964 1.81985574870222 5.573777451024486
0.2425117964881589 1.81836604335647 7.933011068591311
0.24445878853032488 1.813832797666267 10.29648231640892
0.2455571816836768 1.811284407174857 12.6617800933701
0.2449941355935641 1.812589924631702 15.02947173508954
0.2446409272105492 1.813409767444187 17.3959035649164
0.2456488764587501 1.811071958339339 19.76140624962603
0.247177779057846 1.807536239591697 22.12672978832297
0.5835414151656462 1.222156388266856 24.88095416095151
0.24574091287419497 1.810858763230822 24.48774989020395
1.605977853712373 0.34355458259356686 10.68943006043975
1.610954009383464 0.34094918515043693 13.0552387317582
1.612886981453538 0.3399403251470239 20.15623944021905
1.603989247794905 0.34459909246687115 5.96529073058353
1.603492129403013 0.34486049945381003 5.179004627261891
1.609590626917482 0.34166183956136287 17.00168457381386
2.925972034519088 0.0009134956912699721 24.09242652520675
1.605891317600704 0.34359999592326096 8.326031353313276
0.24176103710039598 1.820119572353827 4.787636805910491
0.04681155097934786 2.4721004029448417 5.181002335732557
2.238445046333144 0.09827050665547521 5.571751767250247
2.2378845777960774 0.09841765871810315 4.785383780606805
0.24627960224619283 1.809611840198914 25.27457651557532
0.04878644047074987 2.4611692974127273 24.88183229737644
0.04678073057720411 2.4722728482351086 4.395097039936009
0.0037880838846557907 3.1507121552112474 4.788431455735778
0.0037944284476818524 3.1508382345390156 5.574136516035263
0.11488081692392083 3.8222452793701036 5.181534052842922
0.11490004944071686 3.822312760014596 5.967640470081568
0.3747795223122252 4.4519701937466785 5.574792460573895
0.3746895775251522 4.451807558061651 6.361363000400461
0.7700298180862588 5.006796698167404 5.968287572349556
0.769879075630397 5.006629179168105 6.755190532652714
0.7699487404797338 5.006706600355936 5.181736424651887
1.280351921751369 5.45821286445576 5.575098295633868
1.280079313647587 5.4580221383578 4.788482388018716
1.879294124096702 5.782807636132225 5.181924766207357
1.879421103730999 5.782858770623574 4.395516286387097
0.04889125465937205 2.4605955384184655 25.66818017785446
0.0032732885476249862 3.14010359334375 25.27554500649638
0.0033102916695981754 3.140892838663466 24.48907938113184
0.11222162955451598 3.812856742106029 24.88295954273341
0.11242884242149298 3.813592533102854 24.0962403424505
0.37034582320018883 4.443924828527894 24.49015949446933
0.3707178545009491 4.4446021595442495 23.70322492631642
0.7644624592894518 5.000592888139372 24.09738507906852
0.7649925362512162 5.001185058156099 23.31014208386575
0.7639402779347519 5.000009229818075 24.88460530742359
1.274344286351752 5.4539992579365535 23.70443624867702
1.275005585207061 5.454464151079247 22.91692713456061
1.873660997643289 5.7805324043733215 23.31136170184031
1.87435368381403 5.780812897491839 22.52367762864772
1.275568794128327 5.454859877104184 22.12912783223629
1.875049586967233 5.78109449106236 21.73582290061445
1.275925503329534 5.4551104109449895 21.34124340864716
1.875749529628924 5.781377514806362 20.94772886163351
1.276016042415557 5.45517398853757 20.55278196559915
1.835991275689881 5.7649744464876935 20.16873962670064
1.267852926464175 5.449421669627604 19.76334044658964
1.794824536888917 5.7472808562495 19.3556212466358
2.452433828191924 5.949605276556754 20.5418566618023
1.256866858573321 5.441615623160197 18.96937640489023
1.863406060877391 5.776356284331992 18.56590131828084
1.275143939432353 5.454561380435017 18.18499248853153
1.834511855925672 5.764351169085103 17.80114497856012
1.265351410781052 5.447650765922441 17.39610704092749
1.817918320624544 5.757296303135536 16.99353739768155
2.4497024886427683 5.949096920922409 18.17536725434411
1.262963258640924 5.445956532559122 16.60456027723099
1.869487246535985 5.778838051102513 16.19916590644971
1.277284551480645 5.456064226243434 15.81788796909326
1.877961950969197 5.78227076621366 15.42478745408633
1.279569637008329 5.4576654300568155 15.03137687324651
1.880509641254669 5.783296846668758 14.63753683849701
1.280315344378443 5.458187276270823 14.24264296283153
1.881525053440893 5.783705047938736 13.84885587132744
1.280984451839322 5.458655231052504 13.45383226045873
1.882106508792773 5.783938602468905 13.05995632432436
1.281254412992943 5.458843957461263 12.66496576252976
1.84032335941106 5.766794189901438 12.28102857164344
1.273383889040543 5.4533236242646925 11.87509051164535
1.797553927008347 5.748476567400012 11.46647506498067
1.262041931309508 5.445301975518282 11.08065607584878
1.869047348787328 5.778659047223144 10.67687737926675
2.4596363573736317 5.950933264871905 12.66058041378771
2.53139418365764 5.963175423239419 22.91817480445931
2.530554405527064 5.9630424961228545 23.70591323841681
2.5133541843432043 5.960266178927789 15.81757748210257
2.5361618017062666 5.963925458881114 4.788621583042304
2.539139027760488 5.964389846876832 5.575620159696696
2.9122331080605117 0.0012841127110290174 5.178025273323514
2.912893770547678 0.0012648491754729818 5.964520661259309
2.911403593727127 0.0013085058986930242 4.391736723754028
1.279707249961615 5.457761756998707 10.2959806718037
1.884309895809206 5.784822362631186 9.905604988235053
2.5379268533313546 5.964201141476019 10.2890618763709
2.5422767241548887 5.964875950651161 9.510773876219206
1.280892551125955 5.458590974364335 4.001924911619337
0.0036364518795402034 3.147666812435855 4.002088746225017
2.2375552979627544 0.09850416572152598 3.999264447309156
2.535944600012066 5.9638914598449855 4.002338923868528
3.2170692924867743 5.992136514642889 4.395671305229964
0.24190675738858003 1.819778976182332 4.001613320112406
0.003318957190372007 3.1410770274190614 26.06295611318894
2.243171619812449 0.0970341367934262 26.06099500134308
0.7644652652969288 5.000596023672963 20.9462385326874
0.7706554942439858 5.007491737132553 11.48127200185498
0.769059625754263 5.005718087508884 13.84756218883261
0.7609975274684699 4.9967142830153985 18.57870950242001
0.7634182532408089 4.999425439986099 16.21282010396243
0.24442543698493502 1.813910278408782 26.06177566167269
3.59153571264423 0.058897230515996046 5.570637952588097
3.5923026936013986 0.05905159529234005 6.357774540968963
1.610040301785783 0.3414266913736901 14.63356736762563
2.5400996527759254 5.9645390317253675 14.24388875116152
1.612149524554613 0.34032500898962903 18.57810995336651
1.614301290761894 0.33920329840556107 21.73287864651349
3.2058439824477842 5.992929710983878 23.32400084186602
3.210872763288669 5.992579602567491 24.10170452251115
3.2134114037534016 5.992399634532126 9.891837791520585
3.2238841236604503 5.991634319092626 9.116584006309342
4.2524293646613796 0.27393677869828315 24.87825735468845
2.9107174551747312 0.0013288564449878137 3.605750206472166
3.5893056017437397 0.05844957416102581 3.997962068926645
3.2173012837374877 5.992119675428448 3.609141234865989
3.8865209890757404 5.8660217263531305 4.002606394066782
3.88642944537221 5.866050041150209 4.789296849905549
3.601161506353572 0.060849639219064056 26.84689267529125
0.3744767423376669 4.451422620560315 7.148362740675121
2.5370029702109647 5.964056974892104 3.215883468037243
3.838544289083206 5.8804241832143305 23.71716722575905
3.876463176790727 5.869113504155928 24.49605578275726
3.7871078203035444 5.894902637260363 22.91787925723108
3.2095185456209756 5.992674719885352 24.88864079972672
3.879945512151844 5.868047401219831 25.28271335748071
3.2102001384463694 5.992626923256076 25.67570986440541
3.8802655121804275 5.867949202490471 26.06993220316216
3.202810659049305 5.993136788818044 26.45056616866443
3.8927419923146154 5.864090036147282 9.495119720853118
3.8952280696216803 5.863313937269443 8.722568723791543
3.7573391201595405 5.902832660880743 10.28324910518231
3.2261517989772384 5.991463749374102 8.329969093504864
3.8966478760344776 5.8628696418808275 7.936175205119418
3.886912793964987 5.865900503489474 3.216201028380541
4.239756397468624 0.2681500636133731 5.963314381593026
4.240353553423043 0.26842114107777704 6.751135764059986
0.7696740458007252 5.006401290376652 7.542310607452253
0.37413719761793196 4.450808237868186 7.935509592467284
3.7568925838584315 5.9029491239944445 26.84371482959661
2.2369958618616463 0.09865122999944198 3.213651966878589
3.588532461975814 0.05829479022783701 3.212104698674576
4.236855275382333 0.26683534565535316 3.60431500523208
0.37077990481073186 4.4447150899235925 22.91609542683512
4.510263769141062 5.592123328011195 3.609733372378474
1.280388179253591 5.458238228070913 7.149008618152355
4.505472840179747 5.5949087705507345 25.67714232295002
4.439227500915302 5.6322279917608 24.09690370157507
2.529592577563809 5.96288995018663 26.06709142862468
2.5272077402611064 5.9625103340125225 26.8397016357151
1.87354520546035 5.780485496430189 26.46147569048897
4.46626841977886 5.617261339866388 9.093427656212599
3.592297078480108 0.05905046442072903 7.145363820494287
4.240651906163225 0.2685566365502732 7.538393596038176
4.235918419438031 0.2664115780729168 2.818123108556033
3.5926469328254447 0.059120945531320857 7.933138669209912
4.241197485906347 0.2688045106620871 8.326790613877435
3.5929649369472063 0.05918504772041189 8.721281082291346
4.2416187141673305 0.2689959779177431 9.114537334644673
3.5933509990678103 0.05926291690242502 9.509584273972246
4.242964237816195 0.2696081044088179 9.903182205693508
3.59395996062338 0.059385852381126814 10.29808088093383
4.242887260190085 0.2695730629703381 10.69207054052901
3.5942865306926386 0.05945183351176686 11.08679826544365
4.244630446465812 0.27036723134222385 11.48059771583384
4.82489089933389 0.6188714428808462 11.08194303230649
3.5951967780005396 0.059635941680387994 11.87545149344384
4.2452841824394465 0.2706654098542409 12.26949920181399
3.5956416843012766 0.05972603590707193 12.66444756177922
4.245891996723415 0.27094281252654184 13.05855928937036
3.5961352687453134 0.05982606953977099 13.45352549096909
4.2462804960650615 0.2711202069112999 13.84767720689397
4.83140412101184 0.6238773294417541 13.45266562171969
4.830343565830591 0.623060280313664 14.24148976056893
4.246319781806642 0.27113814906700595 14.63697280463891
4.830480019582793 0.623165361682017 15.03136778416281
4.246618741145822 0.2712747089118688 15.42632581922163
4.83072167965683 0.62335149177787 15.81995063817272
4.246912571723423 0.2714089645976481 16.21552683223182
3.5972900885298644 0.06006045127727422 15.82123718933317
4.831066361525101 0.6236170385034261 16.60983801210996
4.247363853561619 0.27161523665962584 17.0047835611832
4.831385366119578 0.623862874166758 17.39835777222145
4.247852488422991 0.271838683813483 17.7939228177582
4.831770407746011 0.624159691118527 18.18819668729914
4.248372911954715 0.27207678394392687 18.58308872657688
4.832102288883663 0.6244156080940328 18.97657516558528
4.248827394941687 0.27228481368689117 19.37208281786765
4.8324655860106365 0.624695835037818 19.76625759084963
4.2493610237303265 0.2725291876202389 20.1610431557965
4.832898233317916 0.6250296704379519 20.55442427619963
4.249969872811329 0.27280816276815 20.9497891683583
4.834360497090153 0.6261589002809882 21.34350052095291
4.25083934834257 0.2732068423443019 21.73832764264329
4.8338981749645455 0.6258017176609472 22.13233424667413
4.5104927220854165 5.591989918291926 2.823209187095494
1.873055693934463 5.7802871310399695 27.24739406351812
1.27577186708118 5.455002514387974 26.85394960293468
3.586497399899028 0.057888377387479206 2.426253120079343
1.280135706326363 5.458061596328799 7.936302639305334
3.2268086556537403 5.99141401910878 7.541839139309009
3.8973164351291736 5.862660164121314 7.148329247558887
4.52084331799609 5.585930316560492 7.542746465139587
4.521250654577295 5.5856907096457125 6.754780727115397
0.0033521270194190045 3.1417798482188575 23.70237284212432
0.0037801951436340353 3.1505552423081977 6.360506893611643
4.251337382553454 0.27343535652934303 22.52678299947727
4.835663949204587 0.6271667008425101 22.91919593210349
4.8207012608152375 0.6156663574772501 3.210764921194829
4.821696766134922 0.616426864504978 3.99709313038302
4.826628345955575 0.6202040243433471 7.144136037444847
4.8280164106325145 0.6212700862733018 8.720071195994697
1.603288205260845 0.344967766215158 3.606849466944283
1.602722622808145 0.3452653746206851 2.821538452638411
3.602742456621897 0.06117344319447815 22.13300116903215
3.6010585164521123 0.06082857597581004 20.55580060874188
3.5996843879588196 0.060547902271844034 18.97792093179372
3.5985995898859535 0.060326798606966214 17.39964528159745
4.8171951748965505 0.6129931511759978 2.417691351319701
2.4324386839850614 5.945823170620292 27.60540471643149
4.836968848049638 0.628176766431531 27.63151481205045
3.887134384434828 5.865831918301113 2.430075490311153
5.056187408107955 5.18451215211504 3.216600444133556
5.056127069917176 5.184568944289424 4.003699198238921
5.015879782773624 5.221762521379044 2.442150836184154
1.275173950491814 5.454582469369889 27.63939571297347
0.7669277664879011 5.003344303887199 27.24623993257796
5.0661330676600045 5.175107847147322 7.149157637772944
5.02567540823103 5.212835091119095 6.368601409937355
0.7657141682359612 5.001990714758306 26.45957762785586
5.059772142811304 5.181132439742834 7.923266076111344
1.283912686658278 5.460699968095986 9.510951551655566
0.770716453996426 5.007559431627798 9.904264409329066
0.11459249303053598 3.821232925986447 7.541410033821789
0.11436469620476286 3.8204321382604243 8.328823135432403
3.8976629539663326 5.862551522868442 6.360759985203719
5.323231157306759 1.101949160396621 20.15497523897417
0.7712682012744949 5.008171947157358 28.01960069472302
0.37508605029501085 4.4525242705869505 27.63763307612897
4.252351271652236 0.273900901949633 23.31485782413882
4.83426585524086 0.6260857698102238 23.70507765288509
1.041082396365699 0.727855237408574 3.214638603117034
1.040536814199305 0.728325722403893 2.429736851722628
0.579690759670032 1.227402137772536 2.822580221417421
2.9134142697975713 0.001249775102082129 9.115588465226011
2.915543620868124 0.0011890489689201367 11.48100877507628
2.914164916495013 0.0012281950038790512 7.539045208539507
1.873183066589769 5.780338756083503 25.67438920074384
5.323950183205218 1.102829594901808 25.66343922986927
5.324270488346066 1.103222022216743 22.52001905243236
5.3103263814714605 1.086262293030472 3.596948424240034
5.322711641011817 1.101313445376465 16.99846922572085
5.3210548209369275 1.099288417932523 13.84484070366413
5.32142610925278 1.099741907192736 13.05731556517844
5.322525441597232 1.101085685678898 15.42524358849043
5.323112410991083 1.101803823125967 18.5766196903123
5.312822189567919 1.089279319355585 4.38624925306434
2.2357197923134273 0.09898711410332295 2.428485180182127
5.496362062810988 4.663783775422176 3.61021119735553
0.575531357647594 1.233095417898895 2.04885571124011
0.24277540644651907 1.817751066524549 2.432116097370837
1.040917748420936 0.727997198164601 4.000311270724818
0.37391966784779207 4.450414454245183 8.72289749593754
0.11411667182871899 3.819559281677081 9.116222193362278
0.0036477941974291106 3.147896784218134 8.721992202200699
0.0036114814854411037 3.1471592542592175 9.509136678363635
0.11399634865545716 3.819135473792927 9.903971362990417
0.003662359291817019 3.1481915749134104 10.29760968044143
0.11406456804812803 3.819375788393067 10.69218498540224
0.003519081937529034 3.1452656452417016 11.08586813428541
0.11384367715709409 3.8185973858460063 11.4803107909305
0.003522141495477804 3.1453287428286396 11.87322914787553
0.11371694841505509 3.818150442237547 12.26847742562916
0.003554582803810824 3.14599610187933 12.66238153381156
0.11366443075461108 3.8179651470013236 13.05734731348486
0.0034212230540111577 3.1432327949768566 13.45141937532654
0.11340555158697718 3.8170510941129168 13.84590561968174
0.003447413852474046 3.1437796872043338 14.23936115836889
0.11333719650568508 3.8168095609885695 14.63462123758348
0.0034573167385572035 3.143985927757932 15.02885354427816
0.11311178310383907 3.8160125140867045 15.42374868594395
0.0033262679982590804 3.1412322340358454 15.81803442343461
0.11277392055344704 3.814816277551991 16.21260214562419
0.003357715933367089 3.1418979257914432 16.60613842776546
0.11272483800013688 3.814642338022439 17.00143165565656
0.0032989055843830606 3.1406504558408637 17.39518258939924
0.11250164580527411 3.8138508797824997 17.79012438791788
0.0033119042463640724 3.1409271328327026 18.18445943782359
0.11232978068699806 3.8132408649919136 18.57897157297416
0.003205912148546819 3.1386549494918214 18.9721302969396
0.11208804391724492 3.812382012303496 19.36745230384112
0.0033330893454102117 3.1413768955235533 19.76061153748181
0.11215887761106602 3.8126337747346093 20.15607004416134
0.003252574067761138 3.1396598194489083 20.55000148165131
0.11185981388008814 3.811570246694174 20.94444811973804
0.0031360489444129946 3.1371366430371412 21.33741629009432
0.11175386249056896 3.811193102264717 21.73289659214406
0.003457099429439836 3.143981405188911 22.12666583544829
4.2394568950002665 0.2680141644883478 5.176537114193835
4.823561002899547 0.617852802888958 5.566986790963838
5.474484944003489 4.696149834743397 7.545905742157615
1.883942291940298 5.784675060447902 7.542518426906727
1.881980824125234 5.7838881303630565 8.33029525176155
1.882003522795484 5.783897246120678 6.755796476749921
0.993984996541633 0.7693266025928569 1.685054872189571
5.692580211002391 1.677119881728386 13.44926453725436
0.37040847585679204 4.444038924736519 19.76232239387445
0.3732779461180482 4.449251962789832 12.66330949877867
0.3714579421894002 4.445948356726759 17.39618558285957
0.37262002936653404 4.448058869629991 15.02967348224988
0.04733508503276784 2.469179974076384 9.114743507735817
0.047581728144522994 2.467809857274752 11.4789550403662
2.915812655879881 0.0011814841357939976 13.05914874897623
2.9170545353662205 0.0011468775719127855 13.84829357232117
0.04909820318987013 2.459464538089546 20.94309557175774
0.048824086001776124 2.460963150947222 18.57758739967107
0.04822016878117896 2.464280084363307 13.84508781354731
0.04825688805055295 2.4640778031663584 16.21212558925758
5.496305988340649 4.663867907189335 4.397821837509023
5.055873535719617 5.184807544185007 4.790760357136598
0.2397671832608701 1.824791594058158 1.651654179649317
0.048230647472979005 2.4642223507067413 2.049951330773537
0.04753868274744821 2.468048714516712 2.824486814084623
0.003492495199853174 3.1447161831876427 2.431776258677627
0.0015694804994499378 3.097027932718674 1.684530452510016
0.10851023731348519 3.7995542209750885 2.044349192035239
0.11232826753843606 3.813235492057762 2.824184320864649
0.36786319573376103 4.43939426274635 2.431652438602706
0.3704930207154429 4.444192870046728 3.216553555746343
0.7624718444934708 4.998366271061326 2.824181099007934
0.7627536486984372 4.99868175645545 2.040022137969132
1.270607630847484 5.4513673803648945 2.432223544066249
5.427077501234775 4.763319257253195 5.165278476974683
5.443028962152434 4.741151771122897 8.3284448222924
5.780444593731474 4.126555751478559 3.995412482802446
1.264673415687018 5.447170130125128 1.631621069224795
1.867793074419156 5.77814821016928 2.037903337982021
1.868354852317443 5.7783770909879255 1.255229607497844
2.5224893075993124 5.96175345676223 1.647683413453165
0.385112575874508 4.470497792977042 28.51743765928375
0.11432483849682784 3.8202919372294506 28.0304163959207
0.1144383998726668 3.8206913255728874 27.24568812423233
0.003771005679643835 3.1503722500796933 27.63834678926272
0.0010217391432418843 3.0782904266725923 28.51188179148274
0.04689112900166803 2.4716554192281714 28.02978599826419
0.04692467482976603 2.4714679537901976 27.24504581008142
0.24164604232519782 1.820388435043231 27.63763185432662
0.23409254102601196 1.838210032582457 28.41250652743338
0.627140062543496 1.164370484761723 28.05919128295499
0.5834010301701791 1.222347216406576 27.24931414504219
1.038305465224129 0.7302523152935079 27.63724642364583
1.038326736031796 0.7302339315620361 26.85231182411534
1.599795002109909 0.346808343921682 27.24478431961843
1.593061831626231 0.3503726695300968 28.0158657099713
2.229862240212609 0.10053663052114814 27.63673839321851
2.1872649781575713 0.11218737029723691 28.39307121187909
2.8912273310640475 0.0019725640860870364 28.0273430606908
2.8367871538642864 0.00444302894164883 28.79285137299941
3.6623448082402614 0.07403018556288421 28.52072404253509
1.274588336051919 5.454170855892456 28.42449284706748
2.5768292141785096 5.970004458923794 0.8132762240357851
0.7521923037530218 4.986796557449416 1.262028432485487
2.9182168941880975 0.0011149532528329509 27.24312569579403
1.601573494896484 0.34587051750974895 26.4583341087308
1.043607399171525 0.7256807630801712 26.06655389715997
5.6907995819783554 1.6735017491059 12.66048538788237
5.31814499094985 1.095740616162253 12.26481930193926
1.606121854211372 0.34347902046815104 25.67249484174292
0.04906017388671691 2.459672189630675 26.4541746301407
1.869375983764624 5.7787927835504025 2.824900641007838
5.6549821639566975 1.603193030847921 28.52161808023462
5.325129342240398 1.104274929782081 28.02637178313305
4.836024693406207 0.6274458224936899 28.39801846425999
4.254962559100066 0.27510202479854096 28.02486709021031
5.9221816316442055 3.6788626603969403 1.972998345644708
5.712654337776452 4.281212879947199 1.569349674798161
5.740440470831755 4.220649837515829 0.7324507128134609
5.377078939825437 4.830162756106236 1.186673957122789
5.922014264811841 3.679582692713784 28.02608049062997
5.692687546762964 4.322661625476317 27.63141376134577
5.692723643148653 4.322588137565224 26.84316927711188
5.324384149838917 4.896638690941851 27.23765562582392
5.3242255907658205 4.896832992972568 28.02508064088398
4.836365255531665 5.372290591027188 27.63200965526299
5.347492015302224 4.867961787107087 26.45933460620574
5.695425381491475 4.317073275414673 26.05437083389663
5.343283721172519 4.873238212851712 25.6631143138866
4.8357815024400725 5.372742353332714 28.43005957034704
4.259252047886682 5.722918338822006 28.03880943694862
5.324270678953324 4.896777744217244 28.81156731071527
4.217408487227277 5.741881940424677 28.82118356479327
3.590729300007847 5.941264845965463 28.42336997131374
2.841477711265991 5.99580885304362 28.7102631222615
3.6896728383553 5.919649187151591 27.6392022391537
5.922815823221363 2.3238730418576523 1.97463993495109
5.694451814727707 1.680936158440173 2.37487774766565
5.688814422287547 1.669482430593838 3.164937951755231
5.649216870009953 1.592289100825503 1.478131926065353
5.324944837366473 1.104048654842909 1.974274066355095
5.92164418301818 2.3188280188997576 3.558410087135649
5.727761112301321 4.248727077554042 2.381934069145668
5.6922743931019735 4.323502396011205 28.41900845083535
4.2524422287161165 0.273942688840052 27.23785941737487
3.6071118191671903 0.06207296907708981 27.63113756746175
0.24235203279688822 1.818738941224022 3.216204793390262
1.040624887519696 0.728249756554916 4.7864914988425
4.939722501875207 5.288553389309278 26.85444712286754
0.04722490648762889 2.4697932034262373 3.609365820504886
2.529344106415332 5.96285049063128 25.28134031287897
1.872006591798906 5.779861664014035 24.88771823994785
1.87285104922546 5.780204172856349 24.09904883061236
1.603199086010763 0.3450146503833902 4.39263805657832
3.212736236765056 5.992447709412319 2.822233890919526
3.2185229731167966 5.9920307000798285 2.037084071190662
3.844461192510278 5.878695067968144 1.678863542891114
0.7645873102836198 5.000732392564029 3.609861431926337
0.3718932438937781 4.446739395505919 4.002266778805064
2.9092598528954747 0.0013726097256681058 2.820193734781776
5.922133679636357 2.3209309620260328 24.07862609587805
5.692731272514097 1.677427395556444 24.47336314903891
5.922133679635786 3.67906903797642 5.920731359035877
5.739619270943837 4.222491820125254 6.333806477216261
5.922133679635789 3.6790690379764093 24.07926864096392
5.69262027599231 4.322798567173059 23.68453723002746
5.692486580277549 4.32307067650421 22.89576256953099
5.323600586340171 4.8975985653345155 23.29052035878154
5.323292931974336 4.897975224347803 22.50189258699468
5.369269781655879 4.840261041736281 24.06665924683759
4.89752287817427 5.323662395186795 22.87206919657953
4.83931410597115 5.370004983027577 22.09234566915826
5.322959570042682 4.898383216304632 21.71333465200759
4.8337673879129675 5.374299300220352 21.31766935889254
5.3223872057328006 4.899083375381027 20.92398475205442
4.8327369135928055 5.37509482032914 20.53048399345983
4.248553031352188 5.7278407812592835 20.92552968402267
4.247647397892914 5.728255114634817 20.13688724539907
4.832195064412477 5.3755128385135205 19.74193479236499
4.247003679469785 5.7285493991109675 19.34796669742901
4.83172357690565 5.3758764146747975 18.95302842301229
4.246339754880993 5.728852728786071 18.55909180691674
4.831246067201356 5.3762444826573645 18.16402628657388
4.245718876544068 5.729136215109422 17.77004425247522
4.830765378461213 5.376614846589109 17.37493929044633
4.245153213802147 5.729394342003037 16.98085921034612
4.83027679963184 5.376991130974079 16.58579042631691
4.244500181686821 5.729692161724737 16.19173227630489
4.829782656940794 5.3773715377194815 15.79659746345897
4.243918350762141 5.72995735069931 15.40251007587086
4.829273843289304 5.377763067729326 15.00738990120638
4.243335455148603 5.730222874779717 14.61338379351786
4.8287611881182055 5.3781573784828645 14.21819470642655
4.242744512840104 5.7304919109577686 13.82415485737001
4.828242765985456 5.378555946077756 13.42901804786237
4.242222961628591 5.7307292274413975 13.03501235600756
4.827673759793814 5.378993196241037 12.6399593684361
4.241621809446986 5.731002614847813 12.24593044608806
4.827177156102292 5.379374632170801 11.85083982864013
5.3184633248933615 4.903871794823491 12.24486179668768
5.321527811336643 4.900133842967515 17.76867464872796
5.321193535501731 4.900542178102075 14.61111918778369
5.320604853693371 4.90126092712567 16.19065436304425
5.3179899381628335 4.904448121261344 11.45573539665154
3.5976483566286133 5.9398667387858115 19.74306400420033
3.5954275772923596 5.940317329847197 17.37606227849265
3.593444581236534 5.940718199522184 15.0085009638318
3.5922588946889906 5.940957225404983 13.43011493421867
5.322142458654554 4.8993826369938684 19.34673505522524
4.82663995874669 5.379787062136 11.06179128537092
5.317532909081573 4.905004255985772 10.66671390498412
4.930932818129963 5.295974401396644 10.2841042617496
5.332101837172329 4.887140964808258 9.878066117507007
5.69364831758015 4.3207038809656115 10.27028533574001
5.690530489663525 4.327043964678998 11.84869194211717
5.690996780843861 4.326098158315581 12.636709497972
5.921918170807303 3.679995737564657 22.50067427188957
5.6927110903314 1.677386305829899 23.68603569860586
0.36382876353888616 4.431992043293217 1.67519398277469
5.699761336568713 4.308162346793668 24.47600223136311
5.354076710651141 4.85965664582737 24.86913269050272
5.701104661444848 4.305386382616624 25.26691788007735
4.478535799064723 5.610350913360892 2.052863417812086
2.529489903285373 5.962873647135428 24.49375196465287
1.848884273719709 5.770366868252326 28.01130504912788
1.96941685610435 5.8174276181506706 28.8058409528058
5.922650499997257 2.3231587668693776 22.49950094525477
5.692646654680614 1.677255129271976 22.10526312168985
5.692551479971061 1.677061404408486 21.31633296709175
2.9198385406886875 0.001071167826571795 26.45348948348145
5.92214425250683 2.320976460245083 26.44777007226741
5.922276102857021 2.321544121795101 25.65866981957094
5.693219856534132 1.678422607498799 25.26433948067438
5.323666753645772 1.102482459105761 24.86935410901818
5.922133679635786 3.6790690379764204 7.499678727456931
0.5792713847007529 1.227974895473715 4.394040988911595
0.579644642150476 1.227465108459327 3.607583013462071
5.922091412742596 3.6792508929519236 26.44736842105263
5.9224788411340015 3.6775820416186256 25.65756951373198
3.6017387941764385 0.060967774320416 22.92020722009514
2.924751934315856 0.0009438603769358345 22.52698017359523
2.9232250591047437 0.000982559495438906 21.73979169201288
3.6020035086307534 0.06102198449932894 21.34465245961171
2.9220792898442265 0.00101211023971981 20.9508935624172
2.9204522041967937 0.00105482741300289 20.16235875004956
1.582700817298905 0.35590033721971714 2.042667190558352
2.2085197956086366 0.1062897370233129 1.672415860793352
2.894605609600565 0.0018519011776070293 2.036373506963845
2.9751741005080965 0.00010272263958688299 1.243641347582743
3.5841139946412186 0.057414259318127936 1.641189115020336
4.240601029036877 0.2685335281661172 2.042129019827966
5.9221336796363655 2.3209309620260745 7.499678727456965
5.693168211222038 1.678317365604325 7.894551493071842
5.693162590715219 1.678305912863309 8.683229038485468
5.323317422154503 1.102054754237269 8.288649044639833
3.600155205479745 0.060643994114431 19.76706914546677
2.919517398405508 0.0010797691768149598 19.37292647785915
2.9199156728597226 0.001069107073908171 18.58388350837514
5.922133679635786 3.67906903797642 9.078626095877981
5.697113546946603 4.313612772043996 9.488879775499283
5.3827179632261615 4.822815160053091 9.090226448000966
5.9210430106874 3.6837453690624056 10.65756304930314
0.24191115280209097 1.819768704464033 7.146778916069411
0.047002997973279115 2.4710305244901183 7.540324475512994
5.922098975924488 2.3207816441665767 9.078652118013505
5.6935832570895535 1.679163432847639 9.47331823141773
5.692709595024521 1.677383261536857 10.26265116292301
5.323025883805679 1.101697931527007 9.868710321669333
5.3207966491142855 1.098973194965441 10.66292624258309
5.692695947221029 1.677355476396079 11.05606765232712
0.24190732973393692 1.819777638652521 6.360329004367444
5.918977412149437 2.3074894460288897 5.132773466277176
5.921797831718836 2.3194873766320634 5.921370015561832
5.687757826785517 1.66734930887603 6.316649096038095
5.6925886355847695 1.67713702919775 7.104574788126108
5.315088817744514 1.092026266964267 6.720781417225924
5.684807003794139 1.661414420973417 5.534122574019711
3.599065306358066 0.06042166991282283 18.18888793105992
2.9206555374399144 0.0010494408441719116 17.79436876128623
2.922380674650576 0.0010042947125952217 17.00483285701538
0.3740538617011602 4.450657395374046 4.788641493113892
2.5421209061133814 5.964851890968851 8.723293874223838
2.542310258818717 5.964881127603164 7.935715644142459
5.922574342248878 2.322829996213257 20.92174209209794
5.922715930295827 2.3234413618946244 20.13157599752249
5.692527910752319 1.677013435510491 19.7418279978763
5.922091412742343 3.6792508929530037 20.92105263157895
5.922133679635786 3.6790690379764186 20.13125767482513
3.598924715203871 0.060393021929979085 16.6102312439126
2.917901160939836 0.0011235803012867862 16.21541789298959
2.9163664301391603 0.001165988922973149 15.42707123406222
2.243880208346079 0.09684949396879716 15.82100612510978
3.2240179410414926 5.991624301628052 6.753497749879076
2.542687404776679 5.964939323198725 7.147585892230783
0.7645806670673712 5.000724970092351 10.69089163890975
3.668109388696425 5.92465892793257 12.6276226626777
3.5977498185868573 5.939846110662832 11.83673054775275
0.114821549394994 3.822037291224976 6.754155903392341
0.769366206420592 5.006059041738688 13.05877361555256
0.37323454120449817 4.449173290010155 13.45241964273844
0.7682272267695929 5.004791831753975 12.27049692986503
0.3738430144202538 4.450275659000972 11.87463704214817
3.5929671025725263 5.940814515617526 14.21962824049942
0.3700207020839068 4.443332564772503 20.55075922616692
0.763182966063721 4.999162213701657 20.15801353718335
0.3703900396875608 4.4440053520072595 21.3392774143014
0.370536536046814 4.444272097540941 22.12727527993401
1.605221010605672 0.3439518884733772 7.538701165273917
0.24587398171400388 1.810550599899212 23.70105609300786
0.24566026579423283 1.811045573381677 22.91399060051487
5.922043197078073 3.6794582801097886 18.5525600694825
3.615611049236996 5.936157869743608 15.79779768698177
3.641650027580516 5.930577629428356 16.59636363257654
3.030145645113187 5.999848536189904 16.96920333909464
2.9147743446564203 0.0012108130661712124 8.32768061801382
5.921316023943724 3.6825779722856797 12.23789759345317
5.921475999491292 3.6818929420344184 13.02582882913934
5.922743757293208 2.323561585062187 18.55240847825296
5.692799885979419 1.677567100352826 18.15693669058033
0.7685615503168588 5.005163944737612 14.6362752321007
0.7680282289402611 5.004570281430026 15.42518949828698
0.3714492422883069 4.4459325413494515 15.81869108332523
3.5968595836181905 0.05997302096679391 15.03212455269606
3.596912928990487 0.05998385120013383 14.24270272905822
2.918531205072599 0.0011063981106169685 14.63715391997155
4.2480560628331645 5.7280681927007215 11.46895797580365
3.7298269378029083 5.90987158494275 11.07852925781715
3.0166361814219456 5.9999538725566595 11.43939396896036
1.610238916478033 0.3413228607580332 12.26635805483738
3.6707330393495052 5.924058342428375 18.15151747043936
3.642531465696063 5.930384499616129 18.96259167486447
3.0294027005974566 5.999855910072612 19.33849164152625
4.259278019523135 5.72290632772152 21.70156827906523
3.6414236299350295 5.930627190033043 21.33023852486285
3.735476943514949 5.908448669919741 22.10151287617808
3.0486264206539664 5.9996058859814205 21.72913449365939
3.677099818150777 5.922590603601569 20.5199088375052
5.9220065812921465 3.6796157288390123 17.76316480374484
0.3702797333310901 4.443804460122906 18.18449766070673
0.764215295539481 5.000316663756113 17.79145300331437
0.36947511456626314 4.442337972568782 18.97413089738545
4.510484845489741 5.591994508394228 4.396088744952371
1.273470571886113 5.453384628193617 24.49171724171324
4.831031410257702 0.623590108030668 12.66367621881038
2.915227862004873 0.0011979584141039723 10.69148088168735
2.912890322710481 0.0012649493290481928 9.904107077784957
2.2398350171502903 0.09790606650144795 9.508992428650583
2.9162568134571054 0.0011690479942618737 12.27004827213728
5.922674377625613 2.323261880510093 16.97366243785388
5.692453029144501 1.676861048169694 16.57926718374989
5.922003669323354 3.679628248721941 14.60486667247491
5.691399097088016 4.325281441880859 14.21035336903287
5.691374240396331 4.325331919984981 15.00058594705229
5.9222863020521945 2.321588053732752 10.65805146515786
5.9222500810062435 2.321432049048139 11.44687389925991
5.691885393599813 1.675706593037638 11.84365891331895
5.922031173171167 3.679509987429126 16.18385476263352
5.6915131549125295 4.325049786586451 15.78966426439053
5.691798475551074 4.324470070262408 16.57897602739697
5.692009102854717 4.324041914044771 17.36814462941732
5.6920533553031305 4.323951937270063 18.15792632894819
5.6922898083263185 4.323471037832802 18.9469716106038
5.692330831992514 4.323387581588439 19.73636602033568
5.69249779721458 4.323047849472814 20.52567191798439
5.922458778803287 2.3223314333720335 15.3945278442688
5.690686088580894 1.673271552759477 15.0077946725799
1.609162818145882 0.3418856432478128 13.84457377505276
0.7650299901237818 5.001226887425286 21.73431978216814
0.7653346636248628 5.001567094654435 22.52256095622101
2.539280475431645 5.964411833683287 15.03254715640569
1.604371877649315 0.34439796955494506 6.751665084772654
2.913046696189976 0.001260410946538837 6.752276882371628
2.5138138727419794 5.960341711637669 13.45504341656969
5.320049356671467 4.901938743127211 13.82234948755007
5.3194647262674 4.90265167164179 13.03309982371836
5.322651756711119 4.898759810256883 20.13529788369834
4.512523643399082 5.590805324249347 8.310266044087102
5.320719154060421 4.9011214080055705 15.4008016656948
4.828082258150892 0.6213206905019888 11.87403973362787
4.484470614841516 5.6069804359971815 24.88962935855681
1.612269002431363 0.340262667407333 17.78964260952745
1.614711588764554 0.3389896622341402 22.5182874486413
0.11193380047686396 3.811833497197539 25.66916517701995
0.11358181747529805 3.8176735752063897 26.45654166313572
0.37120961716023704 4.44549684298831 26.06336901510647
2.2387643150646706 0.09818673378505594 6.358295656800997
0.04857565111083195 2.4623250863354764 24.09519862624014
5.690296745888462 4.327517766006147 11.05892712465233
5.32119674120062 4.900538262871764 16.9796571637131
1.615787294616452 0.33842993963060186 23.30589941370786
3.22413256638646 5.991615716078023 5.966852754931902
0.37288665246600017 4.448542529306165 26.85241125204546
0.7643922091527289 5.000514385227705 25.67250968515379
1.608551628809575 0.3422055327186202 11.47748507818596
1.274003951229881 5.4537598985291815 26.06710207039582
2.2412628911047388 0.09753242919317717 26.85058890083107
5.321836074925399 4.899757153210647 18.55787178647961
1.280920517379286 5.458610528821614 6.362157781442343
1.612014061041624 0.34039569987303686 19.36788068938363
0.3740694442189998 4.450685602126004 9.510685091123632
0.3729348539608228 4.448629945315973 11.08708531905142
0.373160363567012 4.44903882779745 10.29797333517332
0.7693954487712968 5.006091557242041 8.329554593678148
5.692371305281134 4.323305238597188 22.10703041815779
5.692448288233074 4.323148599058621 21.31761394789241
1.613451088433602 0.339646242351586 20.94511239172015
0.7694321008124261 5.006132310470556 4.39593354927247
0.04845549459217802 2.462985072277415 23.30901397568079
0.0034141101142841634 3.1430839073335304 22.91604012938696
0.04686707168433113 2.4717899019351095 6.753965579812612
0.04687553242108722 2.4717426015787773 5.967560337930201
0.11255285038542295 3.8140325289462647 23.30914855102214
3.5902690566595847 0.058642755333822905 4.784149628156939
2.2514793631346373 0.09488092220186806 23.70063927750262
5.693094465902885 1.678167106732757 26.05527852035063
3.6046228606288406 0.06155973407574722 24.48580345936419
0.769834869596917 5.0065800485239045 9.11690916906942
4.835469069733655 0.627015951580991 25.27087410171893
1.880650800008704 5.7833536190140915 5.968336247702794
0.370357422517849 4.443945952829617 25.27683871399578
1.27299065745464 5.453046826043288 25.27833294919779
1.281181021440833 5.458792654728092 8.723672718217337
0.372985803128536 4.448722336900959 14.24086632267964
1.884381877032175 5.784851199562689 9.118346420532257
1.272621790375378 5.452787092455036 3.216983534039357
0.37084471488541704 4.444833030752709 16.6080302120306
0.759426696152413 4.994951445545858 19.36920348048484
0.7646510887328031 5.000803649760905 17.0030078110347
1.878987154089338 5.78268399199465 3.610308183507779
4.237323362516441 0.2670472202083318 4.389787322958592
0.003763290610188097 3.1502184452885578 7.147135671854348
2.533108905313094 5.963446086181097 2.430804415474488
4.822035081985952 0.6166854676706128 4.782417888607349
2.240082559462089 0.09784123736031392 7.144635863563571
2.540842260867422 5.9646541401307935 6.361057079680171
3.219197490164781 5.991981360287102 5.181277375979769
3.889873081163868 5.864982704907645 5.574842344339487
4.51056965270425 5.591945085129884 5.965935122567998
0.11258806866412385 3.814157441026749 22.52270123534597
5.312252512839683 1.088589966316339 5.167736325722449
0.0035933166322719146 3.1467889228423407 3.215204577262613
5.6901124042466105 4.327891280383496 13.42375107974281
0.04892949633213295 2.4603863582325967 22.5223545709153
2.923601205496199 0.0009729537401019783 23.31034745767695
2.2402253151700418 0.09780386116108009 8.721982583409291
3.6039671658543817 0.06142489247427507 23.70310496806358
0.003711815168502941 3.1491881812985594 7.934562702044428
4.250427048214985 0.27301774903239195 24.09645124821601
2.240489854517712 0.09773461948954898 7.931979933954204
0.003805819351124118 3.151064330157087 26.85726192020166
0.047250734815337925 2.4696493830007915 8.326959254026676
0.242622534859251 1.818107655184291 8.719774075747491
4.836474483798449 0.6277939654496238 24.48627813331738
0.11344814828886607 3.8172015708397895 3.607974079666996
0.23387788425380096 1.838721204542262 0.7640512671783829
0.02619506335880395 3.395580837261428 0.631767680496776
1.188743219420183 0.608483979814554 0.6370522038488879
0.11416459434592596 3.8197280106677987 4.395446581186362
0.027227946596493968 3.4032695357984606 29.31942820566777
1.176727729635028 0.617631802571617 29.35137421289204
0.22721552524752697 1.854720009529698 29.24186314549074
1.609288992618058 0.341819627273817 15.42177876570933
0.6197783651513471 4.826073648295271 29.3221010257048
4.15185284809329 5.770060471603351 0.6675532364763104
0.24295439242649008 1.817333725111089 9.508635607362137
2.252937075176575 0.09450572426062598 22.9181138553638
2.2505794333363536 0.0951129429422668 22.1336255458821
4.830544902662969 0.623215331727625 29.22718462371541
4.821612544908844 0.6163624989880012 0.767923966403486
1.605394500422785 0.343860790442454 9.113678631512533
5.687411312350953 1.666650669086257 3.983475739465349
0.04769737144616304 2.467168704528249 9.902692539435336
1.605486831963505 0.34381231382780086 9.901349465816864
2.240533252897434 0.09772326267024489 10.29410567039401
5.317677211622549 1.095171308824459 2.804251883352233
0.047760538008465137 2.4668188309214862 10.69193607841042
0.24342885403073078 1.81622826642563 26.8548403500005
0.04873727853671195 2.46143863032974 21.73121551945248
0.24369870083806688 1.81560008939622 11.87293838452858
0.5797529968243631 1.22731716214678 26.46235580377505
0.24409019085053885 1.814689439921427 11.08427816302233
0.048536789414559856 2.4625384510863264 19.36532648672234
0.048075262480074876 2.4650791235912335 12.26720766756103
2.242038103734624 0.09732989063348896 11.08318756120306
0.5822747816454141 1.223879292240454 25.66963656793646
0.8891099968086928 0.8683003507935259 28.67296210720609
0.24508029215999105 1.812390045783246 14.24137756602859
0.24533848079695808 1.811791300056262 16.60836384222575
0.24625848854919807 1.809660683623089 21.33757873940513
2.2498647112568357 0.09529742510834494 21.34587431243004
4.823400347209576 0.6177298277071941 6.355393159768076
5.3239560073758785 1.102836729276691 7.501834612049857
0.2460596086963589 1.810120879607366 20.54801061296609
2.2431344604311105 0.09704382482044815 11.87176024300437
0.04821213755551801 2.4643243377514343 13.05762123324248
2.2493411339517744 0.09543268853634679 20.55734313544115
1.045531912813331 0.7240266925623051 25.27687639394961
0.04867986864823104 2.461753325808904 20.15599792638004
2.2488377633857093 0.09556282659021598 19.76844033789494
0.24491949135024882 1.812763127738096 13.45018778056376
4.826259195566545 0.619920725982297 7.93011189692305
4.830498083212216 0.6231792731978278 10.29044131822017
2.243867298373309 0.09685285637625318 12.66083902083577
0.2455232060523942 1.811363137201223 18.9723272934413
2.2467936150569483 0.09609226357292489 18.97756988604072
0.24538453539842786 1.811684535917391 18.18230744137408
4.83399779273908 0.6258786685958562 9.500522175480446
2.244286216014757 0.09674378039162601 15.02849053223806
2.2439091824401 0.09684194787786282 14.24158453302608
2.243888869195662 0.096847238281494 13.45086371431367
2.247240863339471 0.09597629448826694 18.18575193450542
2.245386154301579 0.09645769035816487 17.39826304494556
0.04834849751812209 2.463573483227692 15.42470992130367
1.610108426954598 0.34139107517157097 16.21632075797332
2.2450944626990097 0.09653351495969487 16.60824355809528
0.04813658861230197 2.464740809970925 17.79088679874176
0.04824282112619205 2.4641552865176903 14.63404958235259
0.04841566963033195 2.4632040045638943 17.0016591543715
0.245062173298761 1.812432077306458 15.81731093028386
5.318978964209435 1.09675630473811 11.47612516692398
5.324764720784827 1.103827805025546 9.079224480905337
4.511994759238842 5.591114016795532 5.180386930737619
5.922959643332732 2.324495060382097 13.04541669254998
5.324891840327792 1.103983668114314 24.08591901885104
5.321799940717995 1.100198685314194 23.3054099037064
5.694389201795558 1.680808266684674 17.37093283129979
5.694566595465249 1.681170646898236 22.89548767753188
5.319993917619022 1.097993632447372 14.63419638065163
5.32478544477148 1.103853213546306 21.73169044095523
5.6902970619781446 1.672482874569312 15.7965818990031
5.322363259663309 1.100887341370711 16.21059187433911
5.326258001477591 1.105660085792023 20.94181892755162
5.69218022661717 1.676306067320878 20.53125560861288
5.32238531565968 1.100914313252746 17.78932775543969
5.3252032514429235 1.104365583906207 19.36437954204074
5.693805576851526 1.679616906301955 18.94980358879317
5.018907055306908 5.2190120103397355 5.56953306915064
5.738399335371465 4.225222053358948 29.26562909023181
5.921272545743312 2.3172359752547096 13.8296230288687
5.691372154652306 1.674663844467299 14.22700229517821
3.388423792873346 0.025251782565475 0.6180435022501153
4.818637999549388 0.6140922426474651 1.643434890450823
5.315021828753385 1.091944987062654 5.943094688566404
5.684112730853203 1.660022818077949 4.760181101851181
5.7686997151864805 1.844880141662217 29.34780940420482
5.767680430197899 1.842440050667107 0.6527318091487786
3.3672684206705212 0.022565885333786007 29.34735620738953
4.39951564801009 5.653555341607727 1.311173606849936
0.10557167658744504 3.788850226993178 1.305994580874875
2.5735414969281316 5.969534162988818 29.37924775111875
2.6121664893690815 0.025174766808695903 0.6027402926028793
1.533808126824273 0.3826957778979052 1.282916832385054
1.538805600492359 0.37990249669072407 28.72121405261888
0.1022181928227659 3.7764409816545257 28.73578764590582
0.6199399791263001 4.82628428702617 0.5859260268196553
3.1902139830791816 5.993963700621828 1.337099313618566
4.94746121710041 5.28197169305182 1.657828888130329
5.460528128094122 4.716333688668271 2.896663720128144
5.765778584723215 4.16209673447887 3.261765353331661
0.049406812335525796 2.4577824782359037 1.339440968468466
1.851949702904735 5.771638597533862 0.5657301817830284
2.608421423339816 0.02566541587857296 29.43553201219494
5.44773993267494 4.734522764909264 6.781807355975389
0.558153174947178 1.25719074968617 1.346668011302285
4.267951197556271 0.281121598780921 1.343439155151135
4.924124337745053 5.30168319559777 23.64850156091123
4.351105231028855 5.678528449482377 22.46290444875965
3.1392069371967897 5.996768497671498 22.60771422766904
2.4646046316572736 5.951838715031219 22.16877610959537
3.0400829893826784 5.999732213708775 20.1007785235395
3.0373979113734992 5.999766890314129 17.73311257550825
0.795860482217662 5.035133653141788 28.68196103252198
3.0358004714150852 5.999786380102166 12.20698448560122
3.0951988701325086 5.998489148742328 27.20446907507235
4.3470381283576565 5.680576109859726 27.26955324445568
4.405308663657025 5.650491946762055 26.42759094691155
5.2677238634629795 1.035966273436084 1.337188764527934
3.010062788377918 5.999983123334205 28.03749985634099
2.4523526794093575 5.949590210902167 21.29774256655664
2.416556130459883 5.942718683648856 18.92468924164733
0.05980009260300312 2.403992865359238 28.68342393241129
4.148050297095274 5.771638597533858 29.46535469064845
4.3130904920592865 0.30263214231660696 28.65890826789617
2.4319968334272333 5.945738006470248 16.55468621391444
2.4396946170101073 5.947211882066261 11.00047397957765
3.1248194777628893 5.997402224922608 10.59968763585877
4.354653669579604 5.676735593123555 10.704767220581
5.273007762951626 1.042083834899552 28.66575235640255
4.9432880870811164 5.285526506214403 26.0700314680583
4.4037467388066105 5.65131950041669 9.853975554022275
5.735678733426322 4.231284641128507 5.572949727910797
4.948014012647387 5.281499815149987 25.28181198566301
5.750932179922204 4.196817505498842 4.733241479536343
5.721558665141989 4.262187954383402 8.751755935170786
5.000337248861047 5.235766287163981 8.659492871407148
1.851949702904735 5.771638597533862 29.47438946473556
4.946948154449948 5.2824094470282805 24.48347825629648
5.372167048451406 4.836524841716372 29.46386139419343
4.385956364064294 5.660662503383261 23.30705603819775
5.373660090333196 4.834594716976859 0.5338123484335118
3.0524672855322894 5.99954116223613 20.93740305861964
2.4219702625037414 5.943786952646201 19.75192674548209
3.0484693905000086 5.999608427475919 18.5739522409984
2.426648138674777 5.944701622085828 17.38623355574132
5.933770002527104 3.62689199410434 3.570977365016168
5.415208450939668 4.779541552903336 1.980445689543604
3.0531123320708304 5.999529809850538 16.19641255119735
5.428253984186831 4.76169877909953 5.932197452320572
3.066866657794985 5.999254715771124 15.42407741543616
3.059409245777111 5.999411699236401 14.63876341935001
5.933340338958147 3.628899400413853 4.37471619047912
3.0597803387687144 5.999404326044873 13.84961315761969
2.4225678372074317 5.943904226936178 11.86017332263531
3.055745197756644 5.999482034106401 13.03778345376968
5.740228635449769 4.221125311121301 7.116766507633974
5.734056207900871 4.234883254416671 7.932361227772715
4.951279250304394 5.27870781087254 9.479219421776461
2.420884279210515 5.943573505441044 28.2119162820088
0.5017193201198871 1.339098544603636 28.73882522989817
5.943664760769304 3.5786516881553156 0.5877697448569481
5.944442360038237 3.574681814931062 29.42091256634334
5.9444423600382095 2.4253181850688024 29.42091256634344
5.9443711007108035 2.424953200774879 0.575748928910145
0.4279147200283391 4.544142905482877 1.067501972719845
2.265013391415011 0.09142738010536622 1.062232260784261
0.8824902288191141 0.874875916810157 1.108227550243497
3.7793471174959556 0.1029984345101318 1.101462252879375
1.140631770277069 0.6456954771531751 28.19933421939621
5.079205056546243e-09 2.9998254284469126 1.093967238345718
3.7928006261941007 5.893348780756693 1.111547708872636
2.278725102504221 0.08799681967164519 28.9834224183144
1.602222521132773 1.178380923954258 30.0
4.393799439808189 4.777022745044875 30.0
1.178380923954248 4.397777478867213 30.0
4.821619076045747 1.602222521132789 30.0
0.7034885789441452 2.6818828535392325 30.0
2.7141977685166077 5.296319752185772 30.0
3.2997012675138704 0.7235428646924369 30.0
5.344946952570381 3.333378908309402 30.0
5.2764571353075596 2.0570605803946 30.0
4.563815700740835 2.264191350653403 30.0
4.063526864753035 1.755902197505611 30.0
3.8048476958336295 2.4632432170111564 30.0
3.2956161016987178 1.911569789297157 30.0
3.0376560819689784 2.624641528015588 30.0
3.5534021296861975 3.208242598394283 30.0
2.7847786536062107 3.362000916472477 30.0
2.2685148101817494 2.7732306486962743 30.0
3.2870867793913274 3.9358573454584196 30.0
2.563753758155211 4.057827283664871 30.0
4.108086589654458 3.8524061231625177 30.0
4.306766524233124 2.9978168976131854 30.0
2.5483138387699618 2.0474583967934663 30.0
1.769522880132727 2.075691247039375 30.0
1.476531054038974 2.922500038731673 30.0
2.034369121905585 3.491569241341181 30.0
2.8461166888064486 1.257820716799258 30.0
1.318132478892393 3.7260132450164978 30.0
3.037159987342974 4.6225298519101745 30.0
3.737645222752496 4.563578059977563 30.0
4.871312530445942 4.225178235484709 30.0
3.386299599569028 5.2737099583176725 30.0
4.329758979837238 1.105159959470767 30.0
1.868953848917834 4.215320414346527 30.0
1.659417558980138 4.895167380376607 30.0
0.7215100491860369 3.348142686136648 30.0
5.128999318776498 2.7255938471675702 30.0
2.208068310047294 1.472404386421922 30.0
1.09343646660651 1.70591531662095 30.0
2.191352719513647 0.8221037915253819 30.0
3.598865652539228 1.271409670960815 30.0
2.352002277288077 4.729904164073365 30.0
0.7399344408611421 3.958913747682532 30.0
4.747309554301313 3.5145812341061613 30.0
3.8991796484914882 0.7050277916357328 30.0
2.09678660005941 5.293972407548188 30.0
1.176929038351881 2.333779635463406 30.0
0.6867535149274722 2.096908921731708 30.0
2.739582654700069 0.5511293747650159 30.0
4.004634828388874 5.241635363979003 30.0
5.318028299885576 3.861765412662103 30.0
1.602222521132773 1.178380923954258 0.0
4.393799439808189 4.777022745044875 0.0
1.178380923954248 4.397777478867213 0.0
4.821619076045747 1.602222521132789 0.0
0.7034885789441452 2.6818828535392325 0.0
2.7141977685166077 5.296319752185772 0.0
3.2997012675138704 0.7235428646924369 0.0
5.344946952570381 3.333378908309402 0.0
5.2764571353075596 2.0570605803946 0.0
4.563815700740835 2.264191350653403 0.0
4.063526864753035 1.755902197505611 0.0
3.8048476958336295 2.4632432170111564 0.0
3.2956161016987178 1.911569789297157 0.0
3.0376560819689784 2.624641528015588 0.0
3.5534021296861975 3.208242598394283 0.0
2.7847786536062107 3.362000916472477 0.0
2.2685148101817494 2.7732306486962743 0.0
3.2870867793913274 3.9358573454584196 0.0
2.563753758155211 4.057827283664871 0.0
4.108086589654458 3.8524061231625177 0.0
4.306766524233124 2.9978168976131854 0.0
2.5483138387699618 2.0474583967934663 0.0
1.769522880132727 2.075691247039375 0.0
1.476531054038974 2.922500038731673 0.0
2.034369121905585 3.491569241341181 0.0
2.8461166888064486 1.257820716799258 0.0
1.318132478892393 3.7260132450164978 0.0
3.037159987342974 4.6225298519101745 0.0
3.737645222752496 4.563578059977563 0.0
4.871312530445942 4.225178235484709 0.0
3.386299599569028 5.2737099583176725 0.0
4.329758979837238 1.105159959470767 0.0
1.868953848917834 4.215320414346527 0.0
1.659417558980138 4.895167380376607 0.0
0.7215100491860369 3.348142686136648 0.0
5.128999318776498 2.7255938471675702 0.0
2.208068310047294 1.472404386421922 0.0
1.09343646660651 1.70591531662095 0.0
2.191352719513647 0.8221037915253819 0.0
3.598865652539228 1.271409670960815 0.0
2.352002277288077 4.729904164073365 0.0
0.7399344408611421 3.958913747682532 0.0
4.747309554301313 3.5145812341061613 0.0
3.8991796484914882 0.7050277916357328 0.0
2.09678660005941 5.293972407548188 0.0
1.176929038351881 2.333779635463406 0.0
0.6867535149274722 2.096908921731708 0.0
2.739582654700069 0.5511293747650159 0.0
4.004634828388874 5.241635363979003 0.0
5.318028299885576 3.861765412662103 0.0
2.883262835550203 2.944038588641406 25.53355842188213
2.925503997613565 2.901369709153898 11.57791344860238
2.999974025100013 2.999997964763094 3.971319472877182
3.0000479506292494 3.000035826838041 19.15463509054836
2.9995457908042744 3.0012303780419787 16.00751464648598
3.000014439629871 3.0001184503801035 7.343362828691244
3.0000197419884675 3.0003859006625118 22.15509044828674
3.417743660149143 3.543272597619367 13.77175956771954
3.397785376204223 2.432396522771771 27.72649436768196
3.7395504784104845 3.170543356660228 9.47943209559296
2.4038511726773457 3.676732193407817 2.06655594374798
4.008702143880392 3.1145958465246895 23.88357585279861
2.467036532969986 2.102960986761317 5.657379592326431
3.4790314719116333 3.927000099053841 5.657302289115865
2.0074682344085804 3.3556346052514545 23.81843508606584
3.3790479408369634 2.0012655797952292 2.331966948015612
1.956462150935171 2.6772841903487037 8.933263790304967
2.0481878020560953 2.446863930573026 17.58101651492351
3.335532666500958 4.048815297652685 17.58141915603144
2.374311833631493 2.08668928713113 14.44614443036675
2.28388911135068 3.85241883629637 27.10264045543029
2.1291663947283377 2.2623246261040935 20.65494067381614
2.6161223164846845 4.078920542247076 20.6465553245644
4.127642317489837 2.8306975230746696 20.65489314830172
3.9043443954048276 2.2735025749079405 17.47018571495943
1.804129588743565 3.0927919164749538 13.01956446697671
2.259034716967563 3.923826410463449 10.22612939492888
3.4525391344152774 1.902014929289967 12.99811839996242
2.86611417609846 1.773883272168761 10.18585401241229
2.844157850286047 1.787069194740279 23.52896030837116
4.002449818721729 3.7265124496872293 26.67004358592638
2.0028158148099657 3.767445777993326 14.78414305217989
2.680264569451537 4.226695719684556 8.552752410754449
4.124508586664323 2.376110008863587 5.160722067575701
4.067945202245794 2.3024835693776766 14.81525618404875
3.3791816663324425 1.77152016237681 8.512964870674912
1.863070164442936 3.630776406865197 5.113438363773104
1.974201570360642 2.1867514421046144 26.78667851976867
3.52336576440341 4.162717874855307 28.28809876956102
4.078087867620075 3.606378465837941 2.683465255009458
1.814398066241355 2.3684454561823944 2.952099955942032
3.115650696249269 4.335536410915424 24.6182733220358
4.335328905445973 3.1958798784098623 12.42146911901131
2.774824047230043 4.3243356991922415 12.4414264594765
3.78507263430547 4.110893140742645 10.84210781591136
1.874610430992575 2.7988413689814347 28.35774433013733
1.908979632080576 3.8767813203976544 18.33448547436207
3.9720252020436817 1.988156127587567 26.27159963207605
3.017478354300236 4.405087763112111 22.98902222556495
3.470377433381621 4.3210653698820245 15.19287133511509
4.342464106779391 2.59393291131851 10.86375053789806
1.587982485302681 3.0669778267100685 6.588224969499341
3.7272169729969797 1.780593718681682 6.596483879903662
1.85786485814282 3.8606254142007126 16.73285072431515
4.154996220500325 3.8255993134093758 8.080484012802595
3.3867081251461473 1.638216465496018 19.89374484402617
3.486017547443078 1.636228705683326 21.47551183758543
1.62334467085527 2.5735454562342532 10.74509072123641
4.388691934297171 3.3458445230615586 18.50933112509024
4.428753417965565 3.186635414760393 6.669384017126378
2.84332805466668 1.546193391942944 16.57244151251489
4.383036921871226 3.465243322808237 16.57477939683424
2.956625086308598 4.4578694046365985 3.383513885682568
4.358680760416762 3.6341229767826535 4.309267803748242
3.9890763493792294 4.080938212019389 21.59280841494734
2.4646294404179123 4.3408972968664585 6.762482885051799
3.8603607770572994 4.163589864414133 19.7200567630372
3.84604654705456 1.810379632035168 24.72584047592965
1.872649457147917 2.0845267199427915 24.71278964565937
1.690392488544155 2.3080092943260695 22.626591650633
1.549620288143198 3.3871313875035187 19.76021437434679
4.310893774778615 2.281330183315969 3.544548674729219
2.2159667365874305 1.708762867369617 18.91091365203082
3.1879655819901114 1.510729296440991 4.302331495599625
2.2411528898186632 1.682559429896734 7.1452551379552
1.649077614785058 3.649333775162329 21.77418433874347
2.1100377443988063 1.793397817473328 12.26038636854974
1.565257413890131 2.580236306838457 15.6547426072102
4.378895216783013 2.419824070124924 22.5511200903296
4.471326572381418 3.106490206936646 25.34682415443921
2.126833912296464 1.771604951614948 1.492888615848996
3.3828171684838955 4.5385682396394635 1.400086831735431
1.647419057061777 3.7254587642907473 3.609469369504521
1.808091687383568 3.9774336594099444 25.28675194254605
1.616125628489133 2.3122729941035653 4.438809755099923
3.4056605860787625 1.495437099224243 11.54225576835364
1.67782133970029 3.796506032233854 11.58837123820236
2.7080259094376578 1.454814015418951 25.74487332321876
2.579857064118517 1.52200401039046 28.57391171647921
4.465066969647993 2.7035945421676097 1.500696081789968
2.990965701488155 4.578234125011689 26.05211870000609
4.506453868809553 3.056266963180833 28.51685070151575
1.54341233944161 3.6117927228259386 7.919613087853825
2.082729776774441 4.237340592389833 28.54973485101207
4.482066339467175 2.4435120372964447 7.892992793315324
4.234261827740951 1.973045884147645 18.81221551263607
4.144352536015208 1.863958797354777 16.1478412279604
4.5265537270417795 3.6078897227533218 14.61970532412232
4.161479770813237 1.851911955175585 9.66790255269268
2.5790793685155937 4.585910902368473 19.34054936474613
2.9352000009679524 4.649224464429878 16.41365803590435
2.485410825372317 4.552442255287085 13.76502784017854
3.825890731213367 4.414006106169701 6.888917810927234
3.5701612302013945 4.530924650379532 9.552878960005453
3.19136215245374 1.348596877703947 15.26187234487045
2.7399421364932515 4.610392159778947 4.727785137389978
4.573761647093789 2.4605559660487515 13.55220925916328
4.3627131345387085 4.003407759221477 22.90619150530747
1.378942505620723 2.9652408538580564 1.407162696523501
1.357774982536668 2.7884780559238505 25.74525299592266
3.024067581410686 1.342771618902671 17.89411244840548
4.623917665857123 2.6725192126903456 27.22852844103528
2.984121382462668 1.33559590656344 27.0595721659029
3.931037440432167 1.604034313179114 28.65873385446564
3.1444613293313557 2.8466633854154484 1.318006911265587
1.287270091935212 2.8096380329380137 14.20846563447098
4.007676285091043 4.377238328161624 12.9264862478971
1.346300333452289 2.6698725619160957 18.6736946415433
2.601595193226233 1.348454864230172 3.149558056567311
2.205600595590803 1.508832364256099 21.72458687574913
1.480718829714513 3.8553871182106234 9.19148970720739
2.4965119502151785 4.63848469064613 21.81746037001349
1.737844704359458 4.249126652617795 22.91640915740202
2.277698312686922 1.44103331004149 9.09073575219698
3.30175356493574 1.292254484134324 1.256027858178272
1.398862025924494 2.3474290160484284 7.834623113628415
4.097787591070565 4.332069084378447 25.4471491633269
3.118435947392528 3.064386841451979 28.80220784991753
1.63055094428222 1.854917387252745 13.4386376626713
2.673119692005063 4.683511405500312 11.19627115573799
1.252308421996498 2.664307168129958 11.94762766723926
2.048728135062207 4.530577986159944 1.208317723710809
4.476692136105485 2.0131427359477283 11.98397967932914
3.172732807782402 1.218966199995909 14.01344207316873
4.748032383192794 3.414849383130283 5.479653733750192
4.098457606408395 1.633214415969447 23.50000244739413
4.770202047140528 2.810130518064937 19.57762998859694
1.229578773296927 3.1293069737973322 27.24784001784457
3.390275907615915 1.28402847384592 5.507769894841925
3.977309692815676 4.516997067108375 18.53559497800966
4.727919842903068 3.5968180993629852 10.19244010104971
2.0656669847342037 1.432330675180733 11.07247524265302
1.638194982811877 1.805029669966988 16.61107370422965
2.0215282529244814 4.5575935285226095 24.09820686187685
4.813187341455751 3.1347178855064874 21.63920546585751
4.493688477507287 3.962486169432446 1.548402837791843
3.485857255872066 4.736245716754709 27.18362758513994
4.8224469990646615 2.8575821530575687 8.996119206660294
4.245191577759342 4.313782201431552 24.10280966487341
1.255737227278517 2.4980443437885698 21.49028218035744
3.293138130729301 2.8374053904960164 6.171347952766004
1.199943780158024 2.5665060723188797 5.551482159329368
1.256002551881475 3.6087198677268657 2.463608214056022
4.807782952620909 2.768651254459076 15.6668787734481
2.9306595534589728 2.720420546107903 24.32513929388474
3.6528259950563475 4.697630111821158 14.05563666369845
2.3003845526417597 4.680477698080025 17.51217263413961
1.188660534408498 3.293643129423891 17.56164152276901
2.989919160690816 3.067214060546787 14.7990146998139
2.9864451533170966 2.9972222769213155 12.78224782826612
2.8096252094617995 1.167951634762229 24.57105533765971
3.252031190291188 1.167864934846226 22.56935739199695
2.0192825600215767 1.471767325129364 15.51672470815989
2.9637596097429233 2.958957506777333 10.37574308402499
3.044706442268404 2.9994338450218656 26.72511886354133
1.434649785129982 3.9728347858931192 13.74714444257136
3.253824412689562 1.151375125487674 7.497399975147983
3.0578713779709252 2.953613008650501 17.96405676222943
1.410813963063551 2.0818340863874916 19.71445171237619
3.0106579425949302 3.077829849800592 8.53632968827275
4.161160393693592 1.58099581848357 27.37916829370532
1.972556276619379 4.492494428574846 15.72919577392539
3.9271400887591517 4.633086602730212 4.788286311074915
4.730708785028737 3.6048514506523865 11.37006148834641
4.555138527385835 3.946946475201928 27.71301139520612
4.0882532044372155 4.538835967683404 16.17700843940645
1.271184592420488 2.41996255202019 23.7382384057282
2.145557713562732 1.331158953179883 4.824941241295678
3.7061300395777823 4.742693440657607 11.84089896847531
2.9990631605639955 3.00126577877978 20.33895007629282
1.176168518326378 3.2029001700689355 24.64958960571362
1.947881237216731 4.5298998357547795 2.758046192193198
4.153755272843035 4.4682068490462825 3.493050211263398
4.513898825427665 4.062455240170268 17.58222497344651
3.7787384175471557 1.281504545025363 3.211217374033728
4.743352787529451 3.6246040836604783 13.45996530140905
1.464619296042146 1.982677813210353 9.742570595688527
2.2715768550379165 1.297127052173127 20.00636136335905
2.0842566771438005 4.619553916797421 5.694100778211101
4.808725423748353 2.4507450136038957 24.43173987842498
3.585513523984261 4.7567335299933955 20.70774794762557
4.300905833013379 1.669340295756383 20.63038936400909
1.623698397523276 4.30033905465696 12.64140523808078
4.595458844120652 3.907685201905887 20.6008619454317
3.0448105133457974 4.84549408204146 7.636552988798861
1.365122952047495 3.9005714307382306 26.37210819883809
2.8378185346942426 2.9065898840644095 2.823000689382626
4.848032075369393 2.9508519981803674 17.51709299272508
1.656805164436674 1.731259423893421 27.84468306187982
1.167659130889717 3.5407737545578755 10.29807188827688
2.8618868245732068 3.047409574578252 5.11877935105018
2.389664478114753 4.818053187427769 9.503746764286713
1.455714620041369 4.058550981051447 20.70394752551643
4.8398904120398125 2.726513349261046 2.605066584351983
4.531298172262327 4.05248651228408 9.142547285960172
1.198284105114809 3.6529412118188036 15.81944380076156
3.0323440368675763 3.2821942107445308 23.27993806476309
4.690298693965027 2.2035548759339703 6.142062001515544
2.628656913864143 1.111702166402549 13.01536912355935
1.560877846051616 1.733832523880949 6.235988912740193
1.146531122690253 3.263436048813591 22.9657817141612
3.6383743167284206 4.745022947784387 2.502544579705689
1.602870509717003 1.684874747100779 25.84125825392196
1.215407445792513 3.5723175652612014 28.87482717809328
2.464902019367444 4.81814660290968 27.65964546057511
1.381274527501646 1.993606794491349 28.95530515098188
2.551472374636041 4.859423794360722 14.84159945447213
4.191296988771432 1.484111467662009 10.73343985530675
4.957875858389019 3.1098662595367075 23.28947368421052
3.127903976431467 1.070458419387432 18.9700407134684
2.799635706972854 1.054530329592908 6.419581557580932
4.293801511319127 1.538696568007865 4.443933976092809
3.7610517466471327 4.784138592858647 8.486120277048778
2.1250043673612176 1.29154503514751 22.82324522496286
3.1831666571454296 4.8923727290915835 6.119835170221732
4.3577264674731975 1.657524379504796 1.086709673192007
1.963647855625727 4.615578993198898 7.711685699034231
3.3360949432025353 2.395563825939255 13.98569037456949
3.2895112348075486 1.117918287624682 9.401510602628615
1.867880250698168 1.407766182835898 17.90741569061635
1.394351766446362 4.107884039005636 6.901486781587203
1.046938796828404 2.738122384557804 16.61739710104644
2.4794855282511183 2.23094879556147 8.071483971207012
1.071195932477203 3.271784473311701 4.433957540862664
4.232472216840852 1.530629235562976 14.04184806908341
2.4336718405266167 3.5099054810909145 6.044479797453794
2.928049917455888 4.8899259537049495 28.91044161268956
4.452735422630643 1.692239264874124 2.415989774935785
3.896621635645647 3.351638989698831 15.48115907906849
3.7654186042915256 1.253616252210315 17.09016180118519
4.925047207378013 3.235823197884929 26.33694039961128
4.877413898102197 2.666075260907511 4.408932681616863
1.661641311054588 1.554449213779099 3.658609753141459
4.6637572662814595 2.013119211761011 25.42411666176584
1.230682320575406 2.107025071813716 2.066535885046582
1.707868611117388 4.453728975863945 4.417075626117729
1.903907756850987 1.370233873661521 23.89000108567942
3.0668879368682873 3.939764327612627 18.62339420814882
2.3877229740514174 3.2456197925964356 13.91786842779705
2.7635018104552174 3.3419607146949213 17.002563636089
2.3914535299366584 4.885198174097032 25.20514439455662
4.698581187827302 2.0501873897713456 21.57400073859127
4.92325883541303 3.5561125508303246 24.47381970379833
4.453023774663701 1.652499072136776 8.639093563346599
1.037269405698351 2.755994579928431 20.46728609190233
2.669452735780352 1.060471119891123 2.106151091371173
2.0382803046497133 4.7221159301893 26.52425610950861
4.2743244842285915 1.480442629497781 7.468894935711391
3.1762699507212035 2.0826959177921505 18.64413090934894
2.3495541634727752 1.151590571230633 8.065376467235408
1.014476855892991 2.88462175264189 3.433903133277125
1.04201932888385 2.9122420464612837 9.431373423702535
4.8137398636932005 3.853523968874503 19.34871408977882
4.435496695609319 4.321470936013634 5.992888355999408
1.351822794032856 1.940168034829354 14.82619436706592
1.176765717967162 3.779288745716239 5.913015702725818
3.0372270269588983 1.037934027399822 20.70893451553793
2.426073133235713 3.1152052094983493 21.24737772862614
4.508779515864591 4.133277275924482 28.81350866725051
3.0270173652276373 4.961404431641629 18.26505419996175
2.670612369201546 4.9553228272719725 2.087316003469856
3.732291082805189 1.201553654938535 25.59336821465158
3.6160562607950393 3.6814115149856734 11.80276679427661
2.8977714852860803 2.3273421304197903 9.279657380946698
2.953631298885213 3.401030003379749 27.80185134006784
3.5700293036669652 3.3965131550851475 24.85093505509105
4.884782229071601 3.469198434839901 3.383932429023272
1.559532154491795 4.310542848915796 19.23761203132032
2.279168235475953 3.409947265356272 1.038148703720621
3.49612138120741 4.861730322908707 22.14229218557155
1.407794443918689 4.105450207178572 27.70227245985163
4.933861353548717 3.3358120643529583 7.576597521161037
1.239414585940005 2.0139687445324315 0.9943093567419471
1.366077471692395 1.79248149924461 8.719633624044166
3.359079208374842 3.784329430645255 4.571027407905365
4.916029176949489 2.381650820808181 16.63715011425413
4.730618667480041 3.9738679018828322 15.57694760392709
4.901792150611739 2.520244078772812 9.982992794340207
3.2246458728247043 2.1418681513032425 3.41998888902712
2.9508157810963263 5.013566382275473 23.83808232563646
2.425060032490815 3.70350273120677 26.08081727579836
4.810315386507537 2.1327105547023772 28.96606133599596
2.8103657867661007 3.630018282707769 9.39462170611569
3.767613500042441 2.585383702703098 19.71436566301107
2.569787529573888 2.2480120043866054 19.71938831090407
2.1596538543327863 3.313744884421786 22.6989228146606
2.349289734445193 1.066566387251649 14.62266450922556
3.867468184791038 2.6831540310745745 21.65950605407023
3.368582117208644 2.1984033370478753 22.7201806250042
3.6055517793104577 4.938481211690962 17.13942325953886
1.673864355928735 4.521083682458665 10.84334383317453
2.073678456250447 2.7353707930725717 16.53685915044006
3.2764002060633213 0.9643716854275262 10.67056320785579
4.03454782253411 1.269752439101254 18.08527751778961
4.965784874892182 2.684739292070353 14.47995890519668
4.202395220078831 1.441096769515034 22.25284805888147
2.2087723873351393 2.6558663781050353 2.033868321496894
4.447996883103951 1.636837538196771 12.94405716372093
3.6158993969609243 1.058323678118571 12.44301692099992
2.0541321329143125 2.973395955571764 9.907681772445684
1.056550257077352 2.3044123365037144 17.76763336224173
2.6953670032446166 2.23143019455224 15.40650848301399
3.5009075668062533 2.139425345058604 7.568419638445643
3.3266523272299406 1.01376465184912 28.01323274991211
3.1879341133384296 4.976316849186742 13.13249173656397
3.346954305328116 4.969498184567489 10.46392483343794
2.5609359286236937 2.2578443069752376 13.33913949185909
2.430843948932135 2.505422031850422 6.586077698511202
1.999101520550534 4.7503762856306615 20.17277982367129
4.206125905758147 1.394374895176267 15.24913191451405
3.4154558293651944 3.644894628344538 1.901851183214383
1.802581767614148 1.397420561573069 2.520427598995766
1.042089856038737 3.4894468644640724 12.48965628355385
2.168558517450847 3.14105995506916 24.84323808079656
3.596508021966503 3.7367923510104895 20.71649164884913
4.766430605174547 2.0368526681870716 17.95047426072133
1.255728999416274 3.969903398280346 1.512233118579358
2.6726087146871134 0.995425430294218 12.01680793953696
2.9541640962011884 2.3641260222464395 17.14927701008012
4.683832564915662 1.809711999266152 19.70412731822184
3.577066690068547 1.017476627782725 16.13029940948967
1.213857543200527 3.960654605007118 23.9811984147222
2.1092052391329936 1.21004834190383 26.57329219285642
2.5165155064193416 3.663227691141156 19.73607400889684
4.6900348739086315 4.118412257868446 12.23411325965118
2.0287907646315104 1.231798796676656 10.09150934050783
3.605409778373232 2.4748567498268503 12.18497868667668
1.549924739600672 1.495668685106484 20.94315282256762
5.0598289257845455 3.2616403844053328 0.9431646439761807
2.4019719891640596 3.744497699129549 4.275971197857497
3.4484369501274093 3.7905327169749574 16.42758141308169
1.037604836286118 2.4590555595592885 12.90384291090028
0.950377781935011 3.00122516714833 8.441274067473035
2.1855577642330872 3.514998398017593 15.73481407257812
3.7643308918390455 3.573106228722613 0.9375835834755359
3.2045445044053764 3.8719577239235354 7.782177337467738
1.388714474403275 4.271454226550549 17.51359534344449
3.7553646021830023 2.9330580582974806 26.02391331584188
4.9303407023059656 2.239789540193303 26.38402953163855
2.325313784796271 2.619231135493638 18.53911481022642
2.579851872210512 2.2106250906636227 4.661621238866888
3.881473838971553 2.615821929086215 8.666500392474688
3.496448873731703 4.989135462909721 19.27971579259852
3.760960423995076 2.6836973105782684 16.57074649058329
1.040369908117653 3.529777994623653 14.84652377261943
3.418470175821988 2.2299053387881482 10.87384343744389
2.649199255434504 5.042263385846811 20.914828895324
2.8802533380289863 3.7237482770010377 11.01279484557744
0.9889730144039142 3.5493511457728486 18.95900945644081
1.080074114695822 2.2808661870062457 6.902579679077816
4.358052937482516 1.491444547840816 5.539459577682202
5.020085968224365 2.508809103339196 12.65987426857484
5.000188605522103 2.4684005908943902 7.046910372786659
3.1973977293317946 3.687437658890002 6.663349235663144
2.0373752113826153 4.927320441604807 29.15759030141347
5.0147934007865995 2.402771775317897 20.52655798481986
3.913523813109913 3.2617486806862113 17.42166557714301
3.655210843990488 1.047384035999161 2.250645882587159
3.360172028310715 5.031621115180155 4.081714857995319
4.32630769602535 4.5636196719050055 14.7649078206599
4.2206908971253245 4.664521074882873 26.38644961600055
1.024706661454596 2.3472187178477415 26.56442493924702
3.0273653564322665 3.8255255643182857 21.59960276117379
3.8872042172362264 3.180363908325011 3.561030732280772
3.360825656980895 5.0340738244346355 25.26424029141022
2.8982532769250464 4.003231140476225 14.46363730348969
1.794944649205893 4.6265161637264445 8.67621119151722
4.36085996687411 4.5027937887930065 10.14285659224317
2.4130151664796045 2.344581297450939 27.66092961694867
0.969909764885017 3.238644520658686 11.20748635503464
1.029676602898031 2.4817382409833204 27.96278859091742
2.3044517639739874 3.4817496867422 12.27248125184195
3.3927045356538024 1.016551229609364 23.79489777913227
3.8910201924295644 3.2531872253605054 27.52034959028175
3.675489973004028 2.3623990008430704 4.288129780894208
5.066842628065816 2.7387304007621456 11.68647088940328
3.810620331476376 3.2178068250637275 22.67551503526293
3.8873289007618554 4.792279207578936 23.29922071057491
2.0592090314593388 2.8548361039735637 3.760763283345891
2.06106300161981 4.860071826153846 11.95302242909399
2.19092817313754 3.5186849113843848 7.201478657810936
3.0932758457212595 2.098573161679716 20.70674842872558
2.4410123320073165 2.3799279916031217 29.06492830929118
2.090429709821359 4.822588895438061 18.52308354292973
1.262763863333743 1.902996213261779 11.34637951804251
3.016296589092796 2.0741145983704534 26.42803895276268
2.2303255566749076 3.402995906572962 29.04329893973481
4.6494795074690405 4.231840883481043 7.358003500545829
0.9548271942649231 3.1457769432516898 7.312695374371872
3.251620574131781 1.105410705584986 29.11982686646597
3.885106302671418 2.5054301652790953 29.02875434124152
1.720671032482859 4.61412661309294 14.41193649566742
2.982684228737303 2.096431996381874 25.06847826416622
4.914665495978593 2.1353029581042304 23.31552670229412
3.545166744966332 3.8948820843054417 8.826353748126765
1.99662343704599 1.203580143543715 25.09768774495335
2.3495398058918235 4.991747810807856 3.923335226933319
2.319014151032055 2.579855611228216 23.31893051691839
2.354153175340814 1.059334863956572 27.7480073165502
5.017601193946188 2.6330483986671496 18.66388605165469
3.8080512652763394 1.108473192186113 26.6209876823139
2.2761658048964963 1.016705207397288 17.13415690219784
4.824493006090431 2.035814244366178 27.97181991615418
3.3634590071517274 3.7566134792349404 25.71854192566012
2.116173092495842 1.122871661220643 5.75631816029
0.9276060531235961 3.369301503961206 21.20137188835588
3.9373838529253185 3.112504307358586 7.484394776282
4.008390620328381 1.195393711508646 19.31914864664758
2.0217383531515907 4.8603877344390245 16.61290142342049
2.198028474656601 2.2965167209150685 11.45451845160914
2.4227223365506645 1.04180277618246 0.9200545913117925
1.577407338601675 4.499092711251527 9.888505751547486
0.9937513628179149 2.3307590313247024 24.99120546511584
4.926816036244085 3.909915532592681 25.66103656124794
2.4184905109935424 3.7422308854817334 3.038669545494803
1.590637486258569 4.5691479837615425 21.51787053108383
2.4011218354353976 3.821910884571679 13.15939839675472
1.404575577858074 1.675618742119998 5.303722975687765
1.839971850440236 3.087271444174151 26.50946016620535
2.2949524324198713 5.022061037584066 22.9176197021867
3.840790093058399 2.9332687041556467 13.18457311137141
4.129053007768395 4.783688459558092 27.88820301178237
0.9423284011126758 3.2302494697293116 13.43814356744788
2.7500346815457983 2.2802032178159717 21.57948643691804
2.927013370825103 5.1064689986048055 8.784842001067585
3.404033409900086 4.012803814304512 23.76805148379164
3.0764235572393597 5.075265966154571 15.58923763984738
4.525016371860795 4.4020948142306295 2.397272053794951
5.0158352125307015 3.59672193511585 2.257397135119906
4.806488914770755 3.9829689171796256 22.06661097711368
3.8211748769242133 2.8329527192654798 2.190519615942335
2.2036774623080775 2.406692209115009 25.90094766739161
4.4716636842357556 4.508746655347174 11.34704918147291
2.0871219070616203 2.8431695872021505 14.92084542524304
2.2549920525695395 4.930505485640903 12.93639350107589
3.8941626933059927 4.851409211758204 29.07547385832217
2.4592167540079335 1.006083128774669 4.007115629645475
5.006177979108152 3.608846035225391 8.468947068046107
3.5883573201937424 2.1522141807487145 0.8622255327873535
3.848166915489252 3.2672411365634786 10.43579326893382
3.816920359820431 1.047225396902604 13.35683795248734
4.725323121435361 4.1873237712658185 4.961436390621474
4.962634565867984 2.3068424885832446 0.8316803309721225
5.031996078396176 2.5335977122219755 5.334146946216771
1.353866298492932 1.606952466263794 22.10333448243092
3.5916128982893047 2.395138455279806 15.61369619859493
2.9982162856203964 3.960394033049706 29.09502684672297
3.267407071865488 0.8590912224290048 8.379065847372969
1.290233750062058 1.759715652868606 18.85142396137046
4.493495912884753 4.4855341431308435 13.71422123563506
2.0374254293065337 2.508068936071374 0.9120737351554074
3.8942031014979537 3.2768932323246496 5.137711993303053
2.6658203393566797 0.9233536972089098 15.90281671435378
4.054489212785224 2.968853388498281 14.13429574215539
5.073130092128566 3.467115391525237 29.12420133130425
3.916130764918562 3.449434093676401 29.15279999004879
3.8362084737376883 3.374882173524495 19.24542628596106
5.109780801387986 3.2046731428819415 27.82098550070835
0.9876239705709051 3.5901360785975402 25.46856600955972
2.78228261234538 4.914657931617145 0.8256727376767647
2.9344876479084623 0.930991166534882 21.72778509563278
1.465654192735433 1.465230320576423 7.587206162872473
3.1016869593922536 3.9176970157658775 26.6842246240842
3.17593098942167 3.970771239055513 10.1670481975101
0.9656632939949068 3.6477211907464655 16.7070680979005
4.5959301642125165 1.661047237199462 17.12194571356687
0.891637252594192 2.805752935090805 19.48974718159291
4.115232643154071 4.428125314987689 0.8385028143075229
3.8446267754512835 2.6347802504944133 18.31095097752135
2.38100710590798 5.05709625475586 10.39954409973187
1.851797011000375 1.193089883358022 29.05821966077276
2.0809464327438016 1.120692190748383 13.74898306170668
2.005954077364229 2.729000824300266 5.152617661500236
2.9856013642930854 5.018121408597766 20.05199836603573
3.263712488952138 5.098413004628108 28.06098176245887
4.809352366316745 4.153255508497808 18.44127225110147
0.9222657691668519 3.1152322882998855 22.08575305825098
0.8410658419383581 2.689897806548167 10.29211108497189
0.8426243495164671 2.7970946299248753 2.520481538043673
2.110576786933961 3.520297756820947 8.625903774625407
2.0933487442525753 3.3533386447206515 17.61549952735579
3.5523754861709964 2.322066777057041 23.77471081016491
0.8655193342466192 2.667101167856402 15.0788943398904
2.9158359861666816 0.8531496606003719 4.865349079739294
1.372402324127441 1.678169087594487 23.21061019994169
1.20754327604072 1.75844884169078 15.81101996338665
5.148748546217217 2.9991559431549906 10.72081796816203
4.861945540779357 2.0178948411299933 15.15601894578945
4.799223794762381 4.133701818701814 26.85297592225573
3.6937096135943444 4.9886863488550475 24.36163661270141
2.1717379316720518 3.1728954245500343 11.15065580506329
3.299604345535317 5.094262862379767 5.246720511824523
1.298775743734299 1.640159813121106 12.62654076873986
2.3858985878163974 0.9379209881910482 18.47591943186501
2.5273895580444385 2.006046225818838 22.42154231979687
5.162508665135276 2.868209053636692 22.4362291282443
3.7295901123199044 0.9433657143420562 6.267872769330685
1.171886514610563 4.205133744981682 5.121611745327881
2.071086473136523 3.329205226765378 19.02952192632272
2.414517730888556 2.0284826000938545 3.795703273348164
5.133451174004005 3.2611643258816114 20.27104422092084
3.262913861815155 2.132786173131421 5.240683608800503
1.300236535684149 4.332917174797448 15.1546933918018
3.738379566700316 2.5768038778041937 25.19314873853374
2.9093408370852325 4.021658091733247 0.8324056699199798
3.6657744048493814 0.930885135920656 24.70277044868443
3.0126390424163163 0.8264456573734158 19.8249143462143
4.586593719219316 1.593538946714119 24.25795652389835
1.793057400929842 3.2265163956647274 20.61408665711607
4.053733409592451 4.831968434582073 7.644113606224122
3.5177583725540074 2.422210931797924 9.919676473268376
4.800681331148029 4.2551404014394905 16.64027626362304
5.108856063884682 3.5987558847534102 6.2713565820305
3.17607610532881 2.1969513316059732 28.56702339257564
3.7897510826482015 2.556072698928306 26.93484298207074
2.8098107009531343 5.119609280585513 26.74076319533936
0.8876522959800051 2.734768894946759 28.81611333186448
1.072181040340903 3.950782109621948 22.39276412148505
3.318581283235056 3.8116686017550645 12.92745371024689
1.396630982328262 1.537455178168091 27.00853526074543
4.463358316040719 4.668352372318204 20.13608826175869
2.7239182548839374 3.5928689159533147 24.30301417502218
2.5585181806153803 0.9073517047401611 23.50062797362526
2.1015294081012206 2.65865469547675 7.394033975747151
1.676499000952587 4.7453458896200384 25.713350941454
0.8036427503187298 3.2084742785912144 26.45883397566189
2.5027771218932275 1.951641078112639 2.498150691014256
4.133967406185403 2.8773421451571135 5.892263972746201
2.084542549531253 3.5700889528677755 27.94937538401821
5.180050116097318 3.3846003098561734 12.63175496344379
1.595612092079746 4.681740936807645 3.562679406604495
4.259284978943068 1.244853119510436 11.58887752034933
3.489919261709827 3.9894387106519136 22.3501418936882
2.664440156584175 3.9497719517599235 5.311937938339127
2.7758205793374633 5.163215995384411 6.856441812088698
2.6693454442110105 3.798809588513815 25.16673080149132
4.8922697489724545 3.9352245547176237 23.62021706994623
4.839086146262772 1.917225803162083 11.17211461272103
2.993149823371082 1.839414915751372 12.24493450701945
3.7771601684816694 0.9201035237835282 4.01585635112532
1.585382606081228 4.667901208997279 1.956371741886688
1.950594627215311 2.8259834613319157 21.94650944896363
4.307158550131792 4.7840611473489325 22.49065903901467
2.916821549735784 5.121764777430187 12.04903825121613
3.240979410856476 3.9130135509223187 2.735617149559303
2.8941425677144497 4.031730914268569 15.78984012482348
1.359704713489858 1.599888722066654 10.52693466364942
4.398614359276804 4.649235101288713 21.04745687622122
0.8154033210850469 3.3030109908999847 5.271866230410543
3.7095448062290926 0.9670743114195548 14.66267105539399
5.187463204011551 3.216240950856195 16.32162760076453
4.453175159240512 4.647418254402343 19.25995386180294
5.127482653442723 3.4572395137942458 4.690867805431627
2.748039517663294 1.865994312022401 0.8657819937974285
3.382766560839909 5.124896744807441 14.77053981142701
3.1332189376473805 0.798598656501619 26.14869592504504
0.9127121335904351 3.6480383481208207 0.7874483805655834
1.101278859987293 1.880336298093644 3.074232026844308
4.074123802738502 2.9550284297995506 11.61816415284128
1.591060612687527 4.717618076155843 24.8429852172281
2.4149243805691265 2.613840865302319 12.24110349981443
3.6108675362120763 5.115069079596488 0.8148740261927137
0.8782662119414959 2.4239154452746154 22.94916519251294
3.6545821024630927 3.6244516909593165 14.68616487809399
4.206732709308764 4.857798256975931 17.76618985495141
2.8476053278778153 5.1963247397647425 2.915863148851479
4.112488418132793 4.861706139675424 1.77061078196405
0.8085751497422939 2.8286026331663545 6.283230744945874
2.231815578345257 0.9535563590845109 21.04603863619988
4.5283474647988555 1.428192230179554 6.521753980382554
0.8331119033688581 2.5037395427069598 4.765399686906673
5.186215761103897 3.4177893760546865 18.16883074860033
4.573896464028177 4.558277648988765 8.282605391498
3.8177498872303866 1.012754469527747 20.32148850994252
5.1904719425485055 3.308366666682219 15.09900240944393
3.923713676751902 1.078962688821298 10.00441485476196
5.206044715990118 2.8051810329276825 8.207773270555872
0.898148688649834 3.3711997347158467 28.05295722330755
4.927866790736346 2.0348294980946147 9.2606877506193
1.779070709569872 4.86975774353355 6.755641870385624
0.860653937332208 3.179189357441319 23.84012662529495
5.20340265938165 2.659761324703312 25.21637951068983
4.138003217302618 2.43542736080612 6.984763067751841
1.666905967134211 1.202952104338503 19.39539655925356
1.821704151101377 1.1006927252429 11.83204715652815
5.150353641240297 3.5250043499001933 9.4397948101111
4.267638151340324 3.378358176714943 19.99747809661609
0.961704919162687 3.8601147215002816 8.504190461152824
4.630927875886515 1.463995156146495 26.08755763026415
5.109761094908225 2.623639841087978 3.432425810718245
2.499710998858825 4.0373954686462685 23.58688240873444
4.62342932367796 1.513529863557398 3.257668278833161
4.825540700511499 4.29168785022038 4.004008511250959
4.103546789388005 1.078647236853298 21.23302543410202
3.9007792993381534 1.068685016121167 0.7381094177759412
0.8796151787029349 3.7513651990501553 3.223375910619795
3.2457878215805964 2.05240567369211 14.76968378185381
2.619030232428815 3.9657622394219114 22.35382077264987
3.0581426789106323 0.76279190573627 25.28815293852756
1.347010541561219 4.427687926254456 28.97599521883579
1.006118323576844 3.87124714382118 18.16620673438708
1.388403489807669 1.490149943198066 4.464596948743742
1.330923586483526 4.361883611235809 16.28092844272139
1.156952416066539 1.811807255278783 24.33002177120979
2.8002825641406788 5.18843924399059 17.05347747278843
5.040384936635164 2.167518912877839 1.932588818674676
3.8404009203600893 0.9530065604625308 4.864736658000284
3.2817602465249833 3.061739533668137 21.15174187794648
0.9322240954437722 2.1249696262831383 13.84579030989304
4.698824905267281 4.304251197379763 24.83305464443049
1.262718434943883 1.598594366266393 17.34372782322074
1.007725821653787 2.1577367747575185 3.869496709874872
2.4358141960282795 2.348256844131222 10.6405311674819
1.973608453791436 1.091325842291206 6.601525891785493
2.3012698982416753 2.0263029671569734 16.12968139611498
4.077604176756622 4.971452686580899 5.57303027573573
2.7695815167716926 0.8300434066249589 10.00519122233527
3.975395392180509 4.202909114798721 16.945133122502
3.5315551093497 3.937050743802099 3.746231225899233
2.9351595963510864 1.881849801407739 6.323703451631273
4.8413616510680875 1.706098253334596 10.22854490474836
1.694680128677176 4.79740174478695 27.29890317313128
3.9392353533159135 1.020078790387875 8.868010131652106
3.0799112098066828 0.790633973196746 17.25810628643669
3.9943724358961936 0.9958004264554958 22.94681269132688
1.122495330211389 4.096534914144318 19.92838746502
3.6398539534031547 3.522852261159358 18.17191280911594
3.8930438070790236 2.0900678355804696 1.656760330227437
2.485887646733011 0.8899824071161961 7.278702469676167
3.145247257964406 0.7975031590227348 3.476069239644014
2.7441287495443922 2.132466558470984 17.92728961777478
4.92421393258429 1.868602059677558 27.14646165859376
1.9406451898159 3.153569203035993 2.663288300740353
2.6359395756798323 0.829462970029716 11.19530912802218
3.991120764080145 4.930604463610021 15.44117595651003
5.215074759058989 2.979218612241055 13.72967603338701
1.701351929822601 4.73840465789179 13.53529767052592
4.089444394962955 2.3822677312409484 28.21483732980483
1.873137811518742 1.032842901099327 12.66446209101714
1.977090727670992 1.082631154810775 16.3536559767313
4.931584824176759 4.159283596537551 10.73392543278751
3.599503907748347 5.0766169292137935 3.275614367043326
5.101875769246059 3.656945416444117 17.14394866957684
2.9668613609548915 5.185132622493166 14.04128914660437
2.441752135598238 3.199610899743609 7.930468611622049
1.307696962058435 4.4946740376920165 11.87579084749135
1.429481528980394 1.4601008732615 14.14689699756005
2.603966585091008 1.944673077824925 24.32016593059059
1.693732292605383 3.9288062082884 0.7594815594245036
2.878096100078739 2.121269684369426 1.661374601258403
3.8981704610617456 5.065536657593034 11.08997232127882
1.056951357383333 4.077192505348112 24.79340246790865
4.205568873802232 3.3755753615250708 8.780634166349595
2.2514986092155556 5.151253934580215 28.3884213859526
1.937647441391422 2.5454182266986485 19.2700316478301
5.224293293649139 2.6253056352911193 28.42201402101574
2.0383945479654786 4.997932555225671 4.95373774080842
3.5597754082103945 5.175486786113247 16.25821807790766
3.5389797148783204 5.148114513081392 26.32921974932031
2.3407953918507665 3.0215219087607394 27.17565194448249
2.4087086168861447 5.171038565881258 8.139330337439008
1.778122775991462 4.808307669990803 22.29649326347795
3.1111722609815238 5.224345580533095 9.587911977576445
1.195854512029587 4.362425169699608 7.889357905454109
1.890448776030193 2.6025144200104178 13.68084217424341
4.4424043422491835 1.317333639155743 25.02798978970015
2.265230551024955 2.18258679055648 9.791814377308214
4.8879099197656295 1.795989478582953 4.970853628065662
4.236903105650855 4.825358556081169 9.1615666374853
2.9542575843885945 4.1690152447830915 27.4809743891239
3.8075407002882224 5.106498224025387 12.5813903030879
1.612283091737092 1.261875542656164 0.9533526901402407
3.7479526503255505 3.358832322254904 28.33733570960785
3.595232101009283 5.196600959757352 6.766575466889174
1.719006678482638 3.173970738871811 5.782750330981657
0.7995594413131868 2.932847344930531 15.85599186096018
1.056241093410852 1.930892207756081 20.44463096014719
0.7787132368704288 3.355182984926406 1.831147235794466
2.9576015242360163 1.728074674462762 27.7941956527345
2.727803526950388 4.1614342875828765 17.04081165419295
3.240390258182648 5.226159907498445 22.95542435990865
2.872052969178858 5.226344004493953 24.62983024661024
2.4720418123088503 4.029841514444225 11.66969293944141
3.7762779152781016 2.5891366391487574 2.985366518032109
1.072103346186253 4.029280788463576 4.112985535574815
2.56407808884701 3.9820695497023317 17.85214652021839
1.865788867443542 3.8382855396002284 24.4741588758281
0.9201393240684959 3.874688295784378 27.07864141572469
4.242090833784395 1.108934362022261 28.06290600058215
5.144863958941489 3.7210157197839746 22.77018311762763
4.927213059607622 1.819263249813876 22.39017433228058
2.393207169576912 0.83940320920376 19.28907737289896
3.3247419733188166 5.162994693570232 21.38566303277484
4.896975490206711 1.92860898199586 4.020896484382643
5.2374836713262845 2.8116852756986352 6.07828636251527
1.684971205225371 2.756432046923647 29.18899978666657
2.205571296141238 2.940104932038622 19.96586148681799
3.9409505082800345 3.7472142722636193 6.314767779225997
2.1394068149277823 2.5982501952716572 24.12436248834427
2.2907696317266093 1.832429199401371 17.10108230157859
4.931617037477396 1.959033315388744 14.09597155871372
3.082803427119651 4.205253067831429 19.98223714613144
3.9892800409031928 5.0440959510024665 13.39727518724978
5.2001082731552195 2.958877771694954 1.770249675549327
2.5241885914500934 0.8054195239063899 29.27128049459773
3.788153722483988 2.1384790542164933 5.865436491628679
0.9787914124911592 4.053428203652634 13.07554529192555
5.1460405119711705 3.727435601410591 21.18093620560199
3.956600900563965 3.852015079181572 9.697730570537294
3.7160437394761763 0.8526088474333511 21.95782722123511
1.866495406292016 4.058563631996204 6.241151599541091
1.047800560227675 4.010132612972648 10.95433575564839
0.8338043153533188 2.723108011944321 0.8233692930433801
2.674864209925219 0.753060717250468 8.923680404819958
3.140784626012733 2.244674577001328 16.27584464745636
4.881533520069789 1.734853181681559 7.950155151078733
2.4330688641129252 5.162530290545146 25.96748831522875
2.836377921450287 1.675755411871128 10.99162923286641
2.3539199269563094 5.1752501109283795 15.94353469644193
0.872922528027511 3.8181251652618595 11.76724148669474
4.154703441169155 3.64063025187973 25.87429176610908
1.277069099703025 1.578876770804106 25.10553718800618
4.000433969744465 0.9959908521180632 8.059317831981023
4.21701176161322 2.3838076184944397 12.71533994420935
5.177726403640209 3.6994457672324375 14.14249911818429
0.8663205732781938 3.557800325505237 6.624345089331488
0.807438348554729 3.092152469946537 18.24480396886715
1.978700639192435 0.9731103186227932 1.65703047593364
4.934641447374051 1.926878154502524 15.96193858733649
1.008657363027095 4.029086695088403 23.19850934936185
3.2431728563883775 2.4077433346501675 6.852460106155944
0.7522818946483829 2.471101234816151 11.08560087768662
2.816701845633114 0.7387938623309251 5.65616067826369
1.825248215212693 2.315328422813952 12.80553528319868
2.438640835009811 5.20077957960202 6.125439967917589
1.746797974577514 1.094707587530706 8.595243245244243
1.760794154426349 2.1226483067520516 18.25710496496046
0.8168593925918741 2.3527275764984195 8.898639221356364
4.20687182309395 2.540130291601897 23.33938439101242
4.506674841383423 1.39742574002814 29.23344002555909
3.3905632668139805 5.224839923236511 1.830964836544056
5.267044616832437 2.9781628878399706 24.02488328682937
1.464871550704438 1.295182576934065 20.16866230734907
0.8210319598621161 3.5314477831404893 20.41854867323936
3.8805786928350825 0.917526319463347 7.055077032348264
2.265513577311201 3.997210286412038 21.37505533744138
1.424238166584869 4.614513608563843 23.56197533230194
1.370560448709178 4.583028572052684 18.25518855170297
3.773329413202298 4.056682170948269 27.52276506105515
0.9270104720009011 2.1109576901850224 25.76066134472622
4.026661536886352 1.074149277120247 1.534976935674482
1.859146263607744 3.1396398944358954 4.481491439766791
4.919206085243202 4.219471438763151 0.8584712197448675
2.538493301753047 3.3889576153051064 18.38545814865347
4.074674825991555 2.8198395977766775 0.7771277680188811
4.813136477433267 4.282482677925236 13.0083968045887
4.122455822317914 3.348463866397491 21.2764231274235
3.3825467432251988 1.907505139165002 25.73587023152246
5.273023651328746 3.3302050894567454 18.95777413982015
2.587544980955443 0.7268763283330708 22.49302590022895
2.0633578893100513 3.1472536062669505 25.63540486403015
5.172526146236656 3.458313092138426 27.06465160071595
5.26473679456772 2.556131149493839 21.31635007198243
3.481721222342973 3.5004842075953553 19.94798760904878
4.05162895889982 3.9244688077196273 14.0652139142443
0.902332083307277 2.2628973956688148 22.16705212084308
0.825331511767728 3.6580661486905734 9.592274096126676
2.180704741428749 0.8660859884375398 25.85655100572952
4.012958645019693 2.5402994834909056 24.44172460863939
1.919710001978822 0.953761251720092 3.214196525928161
1.861531478153875 2.4393007104600883 6.040285568485547
3.364383290332121 0.7067568547619989 11.48123966485689
3.5007851166346544 3.243552715948997 11.14992163057189
3.199858253122998 4.275841813902888 13.55958965363858
4.011764961594225 1.970736063609706 11.33828673011249
2.682674164274598 0.7434086916277161 28.40859510241698
2.424033471349012 3.9858690923471642 7.843991243966922
2.874143663656264 4.164046241109741 6.108957979697852
4.238697236409567 2.741713381470474 18.99653930255105
1.534728039192455 1.316093822899852 9.325859277359035
1.650745477664125 2.48130074736658 27.4573549044151
3.795114491095351 5.084347386565553 20.01228780488003

CELLS 10703 51119
3 0 1089 2
3 24 1090 0
3 61 1089 0
3 0 1090 61
3 1 1088 25
3 25 1091 1
3 62 1088 1
3 1 1091 84
3 2 1006 3
3 2 1089 1006
3 3 1066 4
3 1006 1066 3
3 4 128 5
3 4 1066 128
3 5 1050 6
3 128 1050 5
3 6 108 7
3 6 1050 108
3 7 1018 8
3 108 1018 7
3 8 1064 9
3 1018 1064 8
3 9 104 10
3 9 1064 104
3 10 931 11
3 104 931 10
3 11 126 12
3 11 931 126
3 12 927 13
3 126 927 12
3 13 98 14
3 13 927 98
3 14 929 15
3 98 929 14
3 15 123 16
3 15 929 123
3 16 928 17
3 123 928 16
3 17 106 18
3 17 928 106
3 18 1030 19
3 106 1030 18
3 19 1015 20
3 19 1030 1015
3 20 109 21
3 20 1015 109
3 21 936 22
3 109 936 21
3 22 129 23
3 22 936 129
3 23 1013 24
3 129 1013 23
3 1013 1090 24
3 25 132 26
3 26 134 25
3 25 1088 132
3 134 1091 25
3 26 585 27
3 27 605 26
3 132 585 26
3 26 605 134
3 27 111 28
3 28 116 27
3 27 585 111
3 116 605 27
3 29 610 28
3 28 1073 29
3 111 1073 28
3 28 610 116
3 30 105 29
3 29 1079 30
3 105 610 29
3 1073 1079 29
3 30 95 31
3 31 740 30
3 30 1079 95
3 30 740 105
3 31 631 32
3 32 741 31
3 95 631 31
3 31 741 740
3 33 93 32
3 32 119 33
3 93 741 32
3 32 631 119
3 33 703 34
3 34 720 33
3 33 720 93
3 119 703 33
3 34 90 35
3 35 117 34
3 34 703 90
3 117 720 34
3 35 727 36
3 36 733 35
3 90 727 35
3 35 733 117
3 37 86 36
3 36 120 37
3 86 733 36
3 36 727 120
3 37 730 38
3 38 822 37
3 37 822 86
3 120 730 37
3 38 100 39
3 39 823 38
3 38 730 100
3 38 823 822
3 40 101 39
3 39 784 40
3 100 784 39
3 101 823 39
3 40 785 41
3 41 991 40
3 40 991 101
3 784 785 40
3 41 87 42
3 42 1007 41
3 41 785 87
3 41 1007 991
3 43 91 42
3 42 819 43
3 87 819 42
3 91 1007 42
3 43 122 44
3 44 833 43
3 43 833 91
3 43 819 122
3 45 121 44
3 44 825 45
3 121 833 44
3 122 825 44
3 45 92 46
3 46 817 45
3 45 825 92
3 45 817 121
3 47 85 46
3 46 806 47
3 85 817 46
3 92 806 46
3 47 779 48
3 48 786 47
3 47 786 85
3 47 806 779
3 48 102 49
3 49 114 48
3 48 779 102
3 114 786 48
3 50 753 49
3 49 756 50
3 102 756 49
3 49 753 114
3 51 752 50
3 50 755 51
3 752 753 50
3 50 756 755
3 51 88 52
3 52 89 51
3 51 755 88
3 89 752 51
3 52 685 53
3 53 695 52
3 88 685 52
3 52 695 89
3 54 115 53
3 53 118 54
3 115 695 53
3 53 685 118
3 55 629 54
3 54 633 55
3 54 629 115
3 118 633 54
3 55 96 56
3 56 97 55
3 55 633 96
3 97 629 55
3 57 700 56
3 56 707 57
3 96 707 56
3 56 700 97
3 58 699 57
3 57 706 58
3 699 700 57
3 57 707 706
3 58 112 59
3 59 113 58
3 58 706 112
3 113 699 58
3 60 135 59
3 59 589 60
3 112 589 59
3 59 135 113
3 60 131 61
3 61 133 60
3 60 589 131
3 133 135 60
3 131 1089 61
3 61 1090 133
3 63 587 62
3 587 1088 62
3 64 1068 63
3 63 1068 587
3 65 127 64
3 127 1068 64
3 66 932 65
3 65 932 127
3 67 107 66
3 107 932 66
3 68 571 67
3 67 571 107
3 69 1029 68
3 68 1029 571
3 70 103 69
3 103 1029 69
3 71 1023 70
3 70 1023 103
3 72 125 71
3 125 1023 71
3 73 924 72
3 72 924 125
3 74 94 73
3 94 924 73
3 75 923 74
3 74 923 94
3 76 124 75
3 124 923 75
3 77 925 76
3 76 925 124
3 78 99 77
3 99 925 77
3 79 1019 78
3 78 1019 99
3 80 1009 79
3 1009 1019 79
3 81 110 80
3 110 1009 80
3 82 937 81
3 81 937 110
3 83 130 82
3 130 937 82
3 84 1014 83
3 83 1014 130
3 84 1091 1014
3 786 787 85
3 787 994 85
3 85 994 817
3 86 734 733
3 86 735 734
3 86 822 735
3 785 910 87
3 87 820 819
3 87 910 820
3 88 872 685
3 755 873 88
3 88 873 872
3 695 696 89
3 696 697 89
3 697 752 89
3 703 1084 90
3 90 1062 727
3 90 1084 1062
3 833 834 91
3 834 1008 91
3 91 1008 1007
3 92 828 806
3 825 827 92
3 827 828 92
3 720 743 93
3 93 742 741
3 93 743 742
3 923 1028 94
3 94 1097 924
3 1028 1097 94
3 95 1059 631
3 95 1061 1059
3 95 1079 1061
3 633 688 96
3 688 690 96
3 690 707 96
3 97 630 629
3 97 701 630
3 700 701 97
3 98 927 554
3 554 1049 98
3 98 1049 929
3 99 1020 925
3 1019 1093 99
3 99 1093 1020
3 683 784 100
3 100 856 683
3 730 856 100
3 576 824 101
3 101 991 576
3 101 824 823
3 102 831 756
3 779 830 102
3 830 831 102
3 546 548 103
3 103 572 546
3 548 1029 103
3 103 1023 572
3 104 694 570
3 570 1040 104
3 104 1064 694
3 104 1040 931
3 105 939 610
3 740 1012 105
3 105 1012 939
3 928 1021 106
3 1021 1099 106
3 106 1099 1030
3 571 1024 107
3 107 1098 932
3 1024 1098 107
3 601 602 108
3 108 1050 601
3 602 603 108
3 603 1018 108
3 109 1015 569
3 569 1051 109
3 109 1051 936
3 937 1033 110
3 110 1095 1009
3 1033 1095 110
3 585 611 111
3 611 1027 111
3 1027 1073 111
3 112 590 589
3 112 591 590
3 112 706 591
3 135 136 113
3 136 137 113
3 137 699 113
3 753 754 114
3 754 1004 114
3 114 1004 786
3 629 686 115
3 686 995 115
3 115 995 695
3 116 606 605
3 116 607 606
3 116 610 607
3 117 721 720
3 117 722 721
3 117 733 722
3 118 634 633
3 118 635 634
3 118 685 635
3 631 632 119
3 632 1083 119
3 119 1083 703
3 120 728 682
3 682 730 120
3 727 728 120
3 817 818 121
3 818 998 121
3 121 998 833
3 819 821 122
3 821 826 122
3 122 826 825
3 123 954 928
3 929 1087 123
3 123 1087 954
3 124 1032 923
3 925 1094 124
3 124 1094 1032
3 924 1017 125
3 1017 1092 125
3 125 1092 1023
3 126 931 550
3 550 1022 126
3 126 1022 927
3 127 1025 588
3 588 1068 127
3 932 1016 127
3 1016 1025 127
3 128 600 598
3 598 601 128
3 128 1066 600
3 601 1050 128
3 581 1013 129
3 129 1056 581
3 936 1056 129
3 130 1014 608
3 608 1045 130
3 130 1045 937
3 589 612 131
3 612 1006 131
3 1006 1089 131
3 132 586 585
3 132 587 586
3 132 1088 587
3 133 581 135
3 133 1013 581
3 133 1090 1013
3 605 608 134
3 608 1014 134
3 1014 1091 134
3 135 581 136
3 136 138 137
3 136 582 138
3 581 582 136
3 138 139 137
3 139 883 137
3 137 883 699
3 138 140 139
3 138 431 140
3 138 582 431
3 140 141 139
3 141 459 139
3 459 883 139
3 140 142 141
3 140 613 142
3 431 613 140
3 142 143 141
3 143 886 141
3 141 886 459
3 142 144 143
3 142 329 144
3 142 613 329
3 144 145 143
3 145 323 143
3 323 886 143
3 144 146 145
3 144 698 146
3 329 698 144
3 146 147 145
3 147 884 145
3 145 884 323
3 146 148 147
3 146 306 148
3 146 698 306
3 148 149 147
3 149 218 147
3 218 884 147
3 148 150 149
3 148 578 150
3 306 578 148
3 150 151 149
3 151 882 149
3 149 882 218
3 150 152 151
3 150 965 152
3 578 965 150
3 152 153 151
3 153 858 151
3 858 882 151
3 152 154 153
3 152 210 154
3 152 965 210
3 154 155 153
3 155 156 153
3 156 858 153
3 154 777 155
3 210 211 154
3 211 777 154
3 155 157 156
3 155 778 157
3 777 778 155
3 157 158 156
3 158 850 156
3 850 858 156
3 157 159 158
3 157 209 159
3 157 778 209
3 159 160 158
3 160 318 158
3 318 850 158
3 159 161 160
3 159 957 161
3 209 957 159
3 161 162 160
3 162 874 160
3 160 874 318
3 161 163 162
3 161 961 163
3 957 961 161
3 163 164 162
3 164 214 162
3 214 874 162
3 163 165 164
3 163 208 165
3 163 961 208
3 165 166 164
3 166 867 164
3 164 867 214
3 165 167 166
3 165 972 167
3 208 972 165
3 167 168 166
3 168 317 166
3 317 867 166
3 167 169 168
3 167 974 169
3 972 974 167
3 169 170 168
3 170 849 168
3 168 849 317
3 169 171 170
3 169 207 171
3 169 974 207
3 171 172 170
3 172 217 170
3 217 849 170
3 171 173 172
3 171 956 173
3 207 956 171
3 173 174 172
3 174 982 172
3 172 982 217
3 173 175 174
3 173 987 175
3 956 987 173
3 175 176 174
3 176 930 174
3 930 982 174
3 175 177 176
3 175 206 177
3 175 987 206
3 177 178 176
3 178 315 176
3 315 930 176
3 177 179 178
3 177 955 179
3 206 955 177
3 179 180 178
3 180 835 178
3 178 835 315
3 179 181 180
3 179 968 181
3 955 968 179
3 181 182 180
3 182 213 180
3 213 835 180
3 181 183 182
3 181 205 183
3 181 968 205
3 183 184 182
3 184 797 182
3 182 797 213
3 183 185 184
3 183 947 185
3 205 947 183
3 185 186 184
3 186 862 184
3 184 862 797
3 185 187 186
3 185 949 187
3 947 949 185
3 187 188 186
3 188 212 186
3 212 862 186
3 187 189 188
3 187 204 189
3 187 949 204
3 189 190 188
3 190 941 188
3 188 941 212
3 189 191 190
3 189 933 191
3 204 933 189
3 191 192 190
3 192 938 190
3 938 941 190
3 191 193 192
3 191 920 193
3 191 933 920
3 193 194 192
3 194 219 192
3 219 938 192
3 193 195 194
3 193 203 195
3 193 920 203
3 195 196 194
3 196 776 194
3 194 776 219
3 195 197 196
3 195 731 197
3 203 731 195
3 197 198 196
3 198 839 196
3 196 839 776
3 197 199 198
3 197 739 199
3 731 739 197
3 199 200 198
3 200 215 198
3 215 839 198
3 199 201 200
3 199 202 201
3 199 739 202
3 201 616 200
3 200 216 215
3 200 616 216
3 202 220 201
3 220 704 201
3 201 704 616
3 202 221 220
3 202 879 221
3 739 879 202
3 203 732 731
3 203 919 732
3 203 920 919
3 204 940 933
3 204 944 940
3 204 949 944
3 205 951 947
3 205 963 951
3 205 968 963
3 206 985 955
3 981 985 206
3 206 987 981
3 207 986 956
3 974 984 207
3 984 986 207
3 208 966 950
3 950 972 208
3 961 966 208
3 778 911 209
3 911 946 209
3 946 957 209
3 210 224 211
3 210 953 224
3 210 965 953
3 224 225 211
3 225 855 211
3 211 855 777
3 212 952 862
3 941 942 212
3 942 952 212
3 797 971 213
3 213 978 835
3 971 978 213
3 867 967 214
3 214 964 874
3 214 967 964
3 216 222 215
3 222 854 215
3 215 854 839
3 216 223 222
3 216 622 223
3 616 622 216
3 217 980 849
3 217 983 980
3 982 983 217
3 882 912 218
3 218 914 884
3 912 914 218
3 776 917 219
3 219 917 913
3 913 938 219
3 221 226 220
3 226 304 220
3 304 704 220
3 221 227 226
3 221 228 227
3 221 879 228
3 223 292 222
3 292 293 222
3 293 854 222
3 223 294 292
3 223 301 294
3 223 622 301
3 224 240 225
3 224 312 240
3 224 953 312
3 240 241 225
3 241 242 225
3 242 855 225
3 227 300 226
3 300 618 226
3 226 618 304
3 228 229 227
3 229 926 227
3 227 926 300
3 228 230 229
3 228 416 230
3 228 879 416
3 230 231 229
3 231 749 229
3 749 926 229
3 230 232 231
3 230 766 232
3 416 766 230
3 232 233 231
3 233 235 231
3 235 749 231
3 232 234 233
3 232 330 234
3 232 766 330
3 234 866 233
3 233 236 235
3 233 866 236
3 330 348 234
3 348 356 234
3 356 866 234
3 236 237 235
3 237 875 235
3 235 875 749
3 236 238 237
3 236 887 238
3 866 887 236
3 238 239 237
3 239 299 237
3 299 875 237
3 238 290 239
3 238 291 290
3 238 887 291
3 290 302 239
3 239 897 299
3 302 897 239
3 240 305 241
3 240 579 305
3 312 579 240
3 241 243 242
3 241 851 243
3 305 851 241
3 243 244 242
3 244 415 242
3 415 855 242
3 243 245 244
3 243 888 245
3 851 888 243
3 245 246 244
3 246 880 244
3 244 880 415
3 245 247 246
3 245 249 247
3 245 888 249
3 247 248 246
3 248 354 246
3 354 880 246
3 247 250 248
3 249 811 247
3 247 811 250
3 250 251 248
3 251 837 248
3 248 837 354
3 249 889 811
3 249 888 861
3 861 889 249
3 250 252 251
3 250 621 252
3 250 811 621
3 252 253 251
3 253 254 251
3 254 837 251
3 252 287 253
3 252 288 287
3 252 621 288
3 253 255 254
3 253 1037 255
3 287 1037 253
3 255 256 254
3 256 836 254
3 836 837 254
3 255 257 256
3 255 1047 257
3 1037 1047 255
3 257 258 256
3 258 307 256
3 307 836 256
3 257 259 258
3 257 262 259
3 257 1047 262
3 259 260 258
3 260 773 258
3 258 773 307
3 259 261 260
3 259 1070 261
3 262 1070 259
3 261 263 260
3 263 895 260
3 260 895 773
3 261 264 263
3 261 1048 264
3 261 1070 1048
3 262 1069 1038
3 1038 1070 262
3 1047 1069 262
3 264 265 263
3 265 310 263
3 310 895 263
3 264 266 265
3 264 269 266
3 264 1048 269
3 266 267 265
3 267 808 265
3 265 808 310
3 266 268 267
3 266 1072 268
3 269 1072 266
3 268 270 267
3 270 896 267
3 267 896 808
3 268 271 270
3 268 1052 271
3 268 1072 1052
3 269 1071 1039
3 1039 1072 269
3 1048 1071 269
3 271 272 270
3 272 311 270
3 311 896 270
3 271 273 272
3 271 289 273
3 271 1052 289
3 273 274 272
3 274 789 272
3 272 789 311
3 273 275 274
3 273 838 275
3 289 838 273
3 275 276 274
3 276 788 274
3 788 789 274
3 275 277 276
3 275 316 277
3 275 838 316
3 277 278 276
3 278 309 276
3 309 788 276
3 277 279 278
3 277 841 279
3 316 841 277
3 279 280 278
3 280 767 278
3 278 767 309
3 279 281 280
3 279 286 281
3 279 841 286
3 281 282 280
3 282 769 280
3 280 769 767
3 281 283 282
3 281 1081 283
3 286 1081 281
3 283 284 282
3 284 308 282
3 308 769 282
3 283 285 284
3 283 1053 285
3 283 1081 1053
3 285 295 284
3 295 763 284
3 284 763 308
3 285 296 295
3 285 297 296
3 285 1053 297
3 841 1082 286
3 1041 1081 286
3 286 1082 1041
3 288 319 287
3 319 1036 287
3 1036 1037 287
3 288 320 319
3 288 692 320
3 621 692 288
3 289 1077 838
3 1052 1075 289
3 1075 1077 289
3 291 904 290
3 290 303 302
3 290 904 303
3 291 903 859
3 859 904 291
3 887 903 291
3 292 313 293
3 294 881 292
3 292 881 313
3 313 314 293
3 314 840 293
3 840 854 293
3 301 324 294
3 324 325 294
3 325 881 294
3 296 442 295
3 442 443 295
3 443 763 295
3 297 298 296
3 298 892 296
3 296 892 442
3 297 321 298
3 297 1054 321
3 1053 1054 297
3 321 322 298
3 322 750 298
3 750 892 298
3 626 875 299
3 299 893 626
3 299 897 893
3 300 909 618
3 300 922 909
3 300 926 922
3 301 351 324
3 301 423 351
3 301 622 423
3 303 326 302
3 326 331 302
3 331 897 302
3 303 327 326
3 303 328 327
3 303 904 328
3 304 618 615
3 615 705 304
3 304 705 704
3 579 918 305
3 305 852 851
3 305 918 852
3 574 578 306
3 306 864 574
3 698 864 306
3 307 773 772
3 772 774 307
3 774 836 307
3 763 869 308
3 308 770 769
3 308 869 770
3 767 768 309
3 768 891 309
3 309 891 788
3 310 808 807
3 807 809 310
3 809 895 310
3 789 790 311
3 790 894 311
3 894 896 311
3 312 945 579
3 312 948 945
3 312 953 948
3 313 346 314
3 313 509 346
3 313 881 509
3 346 347 314
3 347 363 314
3 363 840 314
3 835 977 315
3 315 976 930
3 315 977 976
3 838 1078 316
3 316 1080 841
3 1078 1080 316
3 849 979 317
3 317 973 867
3 317 979 973
3 318 935 850
3 874 958 318
3 318 958 935
3 320 332 319
3 332 334 319
3 334 1036 319
3 320 333 332
3 320 335 333
3 320 692 335
3 321 340 322
3 321 342 340
3 321 1054 342
3 340 341 322
3 341 343 322
3 343 750 322
3 884 916 323
3 323 921 886
3 916 921 323
3 324 352 325
3 351 628 324
3 324 628 352
3 352 353 325
3 353 898 325
3 325 898 881
3 327 345 326
3 326 623 331
3 345 623 326
3 328 810 327
3 327 355 345
3 327 810 355
3 328 990 810
3 904 905 328
3 905 990 328
3 329 614 573
3 573 698 329
3 613 614 329
3 330 349 348
3 330 444 349
3 330 766 444
3 580 897 331
3 331 900 580
3 623 900 331
3 333 358 332
3 332 1067 334
3 358 1067 332
3 335 336 333
3 336 848 333
3 333 848 358
3 334 1035 803
3 803 1036 334
3 334 1067 1035
3 335 337 336
3 335 619 337
3 335 692 619
3 337 338 336
3 338 357 336
3 357 848 336
3 337 339 338
3 337 359 339
3 337 619 359
3 339 350 338
3 350 1044 338
3 338 1044 357
3 339 1042 350
3 359 360 339
3 360 1042 339
3 340 362 341
3 342 1058 340
3 340 1058 362
3 341 344 343
3 341 845 344
3 362 845 341
3 342 1054 795
3 795 1055 342
3 1055 1058 342
3 344 411 343
3 411 751 343
3 343 751 750
3 344 412 411
3 344 413 412
3 344 845 413
3 355 406 345
3 406 432 345
3 432 623 345
3 346 959 347
3 509 510 346
3 510 959 346
3 347 364 363
3 347 421 364
3 347 959 421
3 349 871 348
3 348 410 356
3 348 871 410
3 444 445 349
3 445 473 349
3 473 871 349
3 350 1042 604
3 604 1043 350
3 1043 1044 350
3 423 424 351
3 424 468 351
3 468 628 351
3 352 365 353
3 352 409 365
3 352 628 409
3 365 419 353
3 419 420 353
3 420 898 353
3 354 837 775
3 775 907 354
3 354 907 880
3 355 433 406
3 355 434 433
3 355 810 434
3 410 512 356
3 512 514 356
3 514 866 356
3 357 1060 848
3 1044 1057 357
3 1057 1060 357
3 848 1065 358
3 358 1065 1034
3 1034 1067 358
3 359 361 360
3 359 458 361
3 359 619 458
3 361 407 360
3 407 430 360
3 430 1042 360
3 361 408 407
3 361 863 408
3 458 863 361
3 362 1063 845
3 1058 1085 362
3 362 1085 1063
3 364 366 363
3 366 457 363
3 457 840 363
3 364 367 366
3 364 969 367
3 421 969 364
3 409 719 365
3 365 429 419
3 365 719 429
3 367 368 366
3 368 783 366
3 366 783 457
3 367 369 368
3 367 422 369
3 367 969 422
3 369 370 368
3 370 455 368
3 455 783 368
3 369 371 370
3 369 975 371
3 422 975 369
3 371 372 370
3 372 814 370
3 370 814 455
3 371 373 372
3 371 970 373
3 371 975 970
3 373 374 372
3 374 813 372
3 813 814 372
3 373 375 374
3 373 376 375
3 373 970 376
3 375 377 374
3 377 456 374
3 456 813 374
3 376 847 375
3 375 378 377
3 375 847 378
3 376 970 737
3 737 988 376
3 376 988 847
3 378 379 377
3 379 816 377
3 377 816 456
3 378 380 379
3 378 812 380
3 378 847 812
3 380 381 379
3 381 523 379
3 523 816 379
3 380 382 381
3 380 383 382
3 380 812 383
3 382 792 381
3 381 524 523
3 381 792 524
3 383 384 382
3 384 385 382
3 385 792 382
3 383 463 384
3 383 464 463
3 383 812 464
3 384 386 385
3 384 996 386
3 463 996 384
3 386 387 385
3 387 791 385
3 791 792 385
3 386 388 387
3 386 465 388
3 386 996 465
3 388 389 387
3 389 390 387
3 390 791 387
3 388 391 389
3 388 999 391
3 465 999 388
3 389 757 390
3 391 392 389
3 392 757 389
3 757 758 390
3 758 759 390
3 759 791 390
3 391 393 392
3 391 462 393
3 391 999 462
3 393 394 392
3 394 428 392
3 428 757 392
3 393 395 394
3 393 1002 395
3 462 1002 393
3 395 396 394
3 396 746 394
3 394 746 428
3 395 397 396
3 395 466 397
3 395 1002 466
3 397 398 396
3 398 427 396
3 427 746 396
3 397 399 398
3 397 1003 399
3 466 1003 397
3 399 400 398
3 400 724 398
3 398 724 427
3 399 401 400
3 399 447 401
3 399 1003 447
3 401 402 400
3 402 426 400
3 426 724 400
3 401 403 402
3 401 1000 403
3 447 1000 401
3 403 404 402
3 404 711 402
3 402 711 426
3 403 405 404
3 403 997 405
3 403 1000 997
3 405 417 404
3 417 425 404
3 425 711 404
3 405 418 417
3 405 460 418
3 405 997 460
3 406 691 432
3 433 435 406
3 435 691 406
3 408 436 407
3 407 693 430
3 436 693 407
3 408 437 436
3 408 440 437
3 408 863 440
3 628 716 409
3 716 718 409
3 718 719 409
3 410 513 512
3 410 890 513
3 871 890 410
3 412 761 411
3 411 762 751
3 761 762 411
3 413 414 412
3 414 446 412
3 446 761 412
3 413 438 414
3 413 441 438
3 413 845 441
3 438 439 414
3 439 906 414
3 414 906 446
3 415 876 855
3 415 877 876
3 415 880 877
3 416 899 766
3 416 879 878
3 878 899 416
3 418 450 417
3 417 708 425
3 450 708 417
3 418 451 450
3 418 993 451
3 460 993 418
3 419 461 420
3 429 943 419
3 419 943 461
3 461 467 420
3 467 901 420
3 420 901 898
3 421 959 744
3 744 960 421
3 960 969 421
3 422 969 723
3 723 989 422
3 422 989 975
3 423 452 424
3 423 472 452
3 423 622 472
3 452 453 424
3 453 714 424
3 424 714 468
3 708 709 425
3 709 710 425
3 710 711 425
3 711 712 426
3 712 713 426
3 713 724 426
3 724 725 427
3 725 726 427
3 726 746 427
3 746 747 428
3 747 748 428
3 748 757 428
3 609 943 429
3 429 1010 609
3 719 1010 429
3 693 1086 430
3 430 1046 1042
3 430 1086 1046
3 582 583 431
3 583 584 431
3 584 613 431
3 432 624 623
3 432 625 624
3 432 691 625
3 434 469 433
3 433 1026 435
3 469 1026 433
3 434 529 469
3 434 530 529
3 434 810 530
3 435 1025 691
3 435 1074 1025
3 1026 1074 435
3 437 448 436
3 448 570 436
3 570 693 436
3 440 860 437
3 437 449 448
3 437 860 449
3 438 1031 439
3 441 511 438
3 511 1031 438
3 439 1005 906
3 439 1076 1005
3 1031 1076 439
3 853 860 440
3 440 861 853
3 440 863 861
3 441 544 511
3 441 1063 544
3 845 1063 441
3 442 885 443
3 442 890 885
3 442 892 890
3 443 870 763
3 868 870 443
3 443 885 868
3 444 915 445
3 766 899 444
3 899 915 444
3 445 474 473
3 445 475 474
3 445 915 475
3 446 859 761
3 446 905 859
3 446 906 905
3 754 1001 447
3 447 1003 754
3 447 1001 1000
3 449 550 448
3 550 1040 448
3 448 1040 570
3 449 551 550
3 449 552 551
3 449 860 552
3 451 916 450
3 450 914 708
3 450 916 914
3 451 921 916
3 451 992 921
3 451 993 992
3 452 454 453
3 452 705 454
3 472 705 452
3 454 470 453
3 470 515 453
3 515 714 453
3 454 471 470
3 454 615 471
3 454 705 615
3 455 913 783
3 814 815 455
3 815 913 455
3 456 952 813
3 816 962 456
3 456 962 952
3 783 917 457
3 457 902 840
3 457 917 902
3 619 620 458
3 620 889 458
3 458 889 863
3 459 702 701
3 701 883 459
3 459 886 702
3 696 995 460
3 460 997 696
3 460 995 993
3 461 939 467
3 607 939 461
3 461 943 607
3 818 994 462
3 462 999 818
3 994 1002 462
3 464 516 463
3 516 1008 463
3 463 1008 996
3 464 576 516
3 464 577 576
3 464 812 577
3 465 996 834
3 834 998 465
3 998 999 465
3 466 1002 787
3 787 1004 466
3 466 1004 1003
3 467 908 901
3 467 1012 908
3 939 1012 467
3 468 716 628
3 714 715 468
3 715 716 468
3 529 545 469
3 545 1027 469
3 469 1027 1026
3 471 531 470
3 470 1032 515
3 531 1032 470
3 471 532 531
3 471 533 532
3 471 615 533
3 472 622 616
3 616 704 472
3 704 705 472
3 474 868 473
3 868 885 473
3 473 885 871
3 475 476 474
3 476 477 474
3 477 868 474
3 475 521 476
3 475 919 521
3 915 919 475
3 476 478 477
3 476 940 478
3 521 940 476
3 478 479 477
3 479 870 477
3 477 870 868
3 478 480 479
3 478 944 480
3 940 944 478
3 480 481 479
3 481 869 479
3 869 870 479
3 480 482 481
3 480 522 482
3 480 944 522
3 482 483 481
3 483 770 481
3 770 869 481
3 482 484 483
3 482 951 484
3 522 951 482
3 484 485 483
3 485 518 483
3 518 770 483
3 484 486 485
3 484 963 486
3 951 963 484
3 486 487 485
3 487 768 485
3 485 768 518
3 486 488 487
3 486 527 488
3 486 963 527
3 488 489 487
3 489 891 487
3 487 891 768
3 488 490 489
3 488 985 490
3 527 985 488
3 490 491 489
3 491 520 489
3 520 891 489
3 490 492 491
3 490 981 492
3 490 985 981
3 492 493 491
3 493 790 491
3 491 790 520
3 492 494 493
3 492 528 494
3 492 981 528
3 494 495 493
3 495 894 493
3 493 894 790
3 494 496 495
3 494 986 496
3 528 986 494
3 496 497 495
3 497 519 495
3 519 894 495
3 496 498 497
3 496 984 498
3 496 986 984
3 498 499 497
3 499 807 497
3 497 807 519
3 498 500 499
3 498 526 500
3 498 984 526
3 500 501 499
3 501 809 499
3 499 809 807
3 500 502 501
3 500 950 502
3 526 950 500
3 502 503 501
3 503 517 501
3 517 809 501
3 502 504 503
3 502 966 504
3 950 966 502
3 504 505 503
3 505 772 503
3 503 772 517
3 504 506 505
3 504 525 506
3 504 966 525
3 506 507 505
3 507 774 505
3 505 774 772
3 506 508 507
3 506 946 508
3 525 946 506
3 508 907 507
3 507 775 774
3 507 907 775
3 877 907 508
3 508 911 877
3 508 946 911
3 509 901 510
3 881 898 509
3 898 901 509
3 901 908 510
3 908 1011 510
3 510 1011 959
3 544 1084 511
3 511 1083 1031
3 511 1084 1083
3 513 751 512
3 512 762 514
3 751 762 512
3 750 751 513
3 513 892 750
3 890 892 513
3 762 903 514
3 514 887 866
3 514 903 887
3 515 1020 714
3 515 1094 1020
3 1032 1094 515
3 576 991 516
3 991 1007 516
3 1007 1008 516
3 772 773 517
3 773 895 517
3 517 895 809
3 518 768 767
3 767 769 518
3 769 770 518
3 807 808 519
3 808 896 519
3 519 896 894
3 520 789 788
3 788 891 520
3 520 790 789
3 919 920 521
3 920 933 521
3 933 940 521
3 944 949 522
3 522 949 947
3 947 951 522
3 524 978 523
3 523 971 816
3 523 978 971
3 792 793 524
3 793 977 524
3 977 978 524
3 525 957 946
3 525 961 957
3 525 966 961
3 526 972 950
3 526 974 972
3 526 984 974
3 527 968 955
3 955 985 527
3 963 968 527
3 956 986 528
3 528 987 956
3 981 987 528
3 530 543 529
3 543 1061 529
3 529 1061 545
3 530 1005 543
3 810 990 530
3 990 1005 530
3 532 1028 531
3 531 1028 923
3 923 1032 531
3 533 534 532
3 534 535 532
3 535 1028 532
3 533 909 534
3 615 618 533
3 618 909 533
3 534 536 535
3 534 537 536
3 534 909 537
3 536 1017 535
3 1017 1097 535
3 535 1097 1028
3 537 538 536
3 538 687 536
3 687 1017 536
3 537 539 538
3 537 922 539
3 909 922 537
3 539 540 538
3 540 541 538
3 541 687 538
3 539 626 540
3 539 627 626
3 539 922 627
3 540 542 541
3 540 893 542
3 626 893 540
3 542 546 541
3 546 572 541
3 572 687 541
3 542 547 546
3 542 580 547
3 542 893 580
3 1005 1076 543
3 1059 1061 543
3 543 1076 1059
3 729 1062 544
3 544 1063 729
3 1062 1084 544
3 545 1073 1027
3 1061 1079 545
3 545 1079 1073
3 547 548 546
3 547 549 548
3 547 900 549
3 580 900 547
3 549 571 548
3 571 1029 548
3 549 1024 571
3 549 900 624
3 624 1024 549
3 551 1022 550
3 931 1040 550
3 552 553 551
3 553 554 551
3 554 1022 551
3 552 918 553
3 552 860 852
3 852 918 552
3 553 555 554
3 553 556 555
3 553 918 556
3 555 1049 554
3 927 1022 554
3 556 557 555
3 557 558 555
3 558 1049 555
3 556 945 557
3 556 918 579
3 579 945 556
3 557 559 558
3 557 560 559
3 557 945 560
3 559 1087 558
3 929 1049 558
3 558 1087 929
3 560 561 559
3 561 1096 559
3 954 1087 559
3 559 1096 954
3 560 562 561
3 560 948 562
3 945 948 560
3 562 563 561
3 563 564 561
3 564 1096 561
3 562 574 563
3 562 575 574
3 562 948 575
3 563 565 564
3 563 864 565
3 574 864 563
3 565 566 564
3 566 1021 564
3 1021 1096 564
3 565 567 566
3 565 573 567
3 565 864 573
3 567 568 566
3 568 1099 566
3 566 1099 1021
3 567 569 568
3 567 614 569
3 573 614 567
3 569 1015 568
3 1015 1030 568
3 1030 1099 568
3 569 614 584
3 584 1051 569
3 570 694 693
3 572 1092 687
3 1023 1092 572
3 573 864 698
3 575 578 574
3 575 965 578
3 948 953 575
3 953 965 575
3 577 824 576
3 812 847 577
3 577 988 824
3 847 988 577
3 893 897 580
3 581 1056 582
3 582 1056 583
3 583 1051 584
3 936 1051 583
3 583 1056 936
3 584 614 613
3 586 611 585
3 587 588 586
3 588 1074 586
3 586 1074 611
3 587 1068 588
3 1025 1074 588
3 590 612 589
3 591 592 590
3 592 593 590
3 593 612 590
3 591 595 592
3 591 596 595
3 591 706 596
3 592 594 593
3 592 617 594
3 595 617 592
3 594 598 593
3 598 600 593
3 600 612 593
3 594 599 598
3 594 1043 599
3 617 1043 594
3 596 597 595
3 597 1057 595
3 595 1057 617
3 596 690 597
3 596 707 690
3 706 707 596
3 597 690 689
3 689 1060 597
3 597 1060 1057
3 599 601 598
3 599 602 601
3 599 604 602
3 599 1043 604
3 600 1006 612
3 600 1066 1006
3 602 1046 603
3 604 1046 602
3 694 1018 603
3 603 1086 694
3 1046 1086 603
3 1042 1046 604
3 606 608 605
3 607 943 606
3 606 609 608
3 606 943 609
3 610 939 607
3 609 1045 608
3 1010 1045 609
3 1026 1027 611
3 611 1074 1026
3 617 1044 1043
3 617 1057 1044
3 619 692 620
3 620 692 621
3 621 811 620
3 811 889 620
3 624 900 623
3 625 1024 624
3 691 1016 625
3 1016 1098 625
3 625 1098 1024
3 627 875 626
3 749 875 627
3 627 926 749
3 922 926 627
3 630 686 629
3 630 992 686
3 701 702 630
3 702 992 630
3 631 1059 632
3 632 1076 1031
3 1031 1083 632
3 1059 1076 632
3 634 688 633
3 635 636 634
3 636 638 634
3 638 688 634
3 635 637 636
3 635 872 637
3 685 872 635
3 637 639 636
3 636 1034 638
3 639 1034 636
3 637 640 639
3 637 641 640
3 637 872 641
3 638 689 688
3 638 1065 689
3 1034 1065 638
3 640 1035 639
3 639 1067 1034
3 1035 1067 639
3 641 642 640
3 642 801 640
3 801 1035 640
3 641 643 642
3 641 873 643
3 872 873 641
3 643 644 642
3 644 645 642
3 645 801 642
3 643 844 644
3 832 844 643
3 643 873 832
3 644 646 645
3 644 647 646
3 644 844 647
3 646 805 645
3 645 802 801
3 645 805 802
3 647 648 646
3 648 673 646
3 673 805 646
3 647 649 648
3 647 677 649
3 647 844 677
3 649 650 648
3 650 799 648
3 648 799 673
3 649 651 650
3 649 865 651
3 677 865 649
3 651 652 650
3 652 798 650
3 798 799 650
3 651 653 652
3 651 669 653
3 651 865 669
3 653 654 652
3 654 674 652
3 674 798 652
3 653 655 654
3 653 857 655
3 669 857 653
3 655 656 654
3 656 781 654
3 654 781 674
3 655 657 656
3 655 671 657
3 655 857 671
3 657 658 656
3 658 780 656
3 780 781 656
3 657 659 658
3 657 846 659
3 671 846 657
3 659 660 658
3 660 675 658
3 675 780 658
3 659 661 660
3 659 670 661
3 659 846 670
3 661 662 660
3 662 771 660
3 660 771 675
3 661 663 662
3 661 842 663
3 670 842 661
3 663 664 662
3 664 676 662
3 676 771 662
3 663 665 664
3 663 843 665
3 842 843 663
3 665 666 664
3 666 764 664
3 664 764 676
3 665 667 666
3 665 668 667
3 665 843 668
3 667 794 666
3 666 765 764
3 666 794 765
3 668 672 667
3 672 678 667
3 678 794 667
3 668 683 672
3 668 684 683
3 668 843 684
3 669 829 828
3 828 857 669
3 669 865 829
3 670 821 820
3 820 842 670
3 670 846 821
3 671 827 826
3 826 846 671
3 671 857 827
3 672 679 678
3 672 856 679
3 683 856 672
3 799 800 673
3 800 1038 673
3 673 1038 805
3 781 782 674
3 782 1039 674
3 674 1039 798
3 771 1078 675
3 675 1077 780
3 675 1078 1077
3 764 1082 676
3 676 1080 771
3 676 1082 1080
3 677 831 830
3 830 865 677
3 677 844 831
3 679 680 678
3 680 1055 678
3 678 1055 794
3 679 681 680
3 679 682 681
3 679 856 682
3 681 1085 680
3 680 1058 1055
3 680 1085 1058
3 682 728 681
3 728 729 681
3 729 1085 681
3 682 856 730
3 684 784 683
3 684 785 784
3 684 910 785
3 843 910 684
3 992 993 686
3 993 995 686
3 687 1092 1017
3 689 690 688
3 689 1065 1060
3 691 1025 1016
3 694 1086 693
3 694 1064 1018
3 695 995 696
3 696 997 697
3 697 1001 752
3 997 1000 697
3 1000 1001 697
3 699 883 700
3 700 883 701
3 886 921 702
3 921 992 702
3 1083 1084 703
3 708 912 709
3 708 914 912
3 709 935 710
3 912 934 709
3 934 935 709
3 710 712 711
3 710 958 712
3 935 958 710
3 712 964 713
3 958 964 712
3 713 725 724
3 713 967 725
3 964 967 713
3 714 1020 715
3 715 717 716
3 715 1093 717
3 1020 1093 715
3 717 718 716
3 717 1095 718
3 717 1019 1009
3 1009 1095 717
3 717 1093 1019
3 718 1033 719
3 718 1095 1033
3 719 1033 1010
3 721 743 720
3 722 723 721
3 723 960 721
3 721 960 743
3 722 989 723
3 733 734 722
3 734 989 722
3 723 969 960
3 725 973 726
3 967 973 725
3 726 747 746
3 726 979 747
3 973 979 726
3 727 1062 728
3 728 1062 729
3 1063 1085 729
3 732 878 731
3 731 878 739
3 732 899 878
3 732 915 899
3 732 919 915
3 735 736 734
3 736 989 734
3 735 737 736
3 735 738 737
3 735 822 738
3 737 970 736
3 970 975 736
3 975 989 736
3 738 988 737
3 822 823 738
3 823 824 738
3 824 988 738
3 878 879 739
3 741 745 740
3 745 1012 740
3 742 745 741
3 743 744 742
3 744 1011 742
3 742 1011 745
3 743 960 744
3 959 1011 744
3 745 1011 908
3 908 1012 745
3 747 980 748
3 979 980 747
3 748 758 757
3 748 983 758
3 980 983 748
3 752 1001 753
3 753 1001 754
3 1003 1004 754
3 756 832 755
3 832 873 755
3 831 832 756
3 758 760 759
3 758 983 760
3 760 976 759
3 759 793 791
3 759 976 793
3 930 976 760
3 760 982 930
3 760 983 982
3 761 903 762
3 859 903 761
3 763 870 869
3 765 1041 764
3 1041 1082 764
3 794 795 765
3 795 796 765
3 796 1041 765
3 771 1080 1078
3 775 836 774
3 775 837 836
3 839 902 776
3 902 917 776
3 777 876 778
3 855 876 777
3 876 911 778
3 806 829 779
3 829 830 779
3 780 1075 781
3 780 1077 1075
3 781 1075 782
3 782 1072 1039
3 1052 1072 782
3 782 1075 1052
3 913 917 783
3 786 1004 787
3 787 1002 994
3 791 793 792
3 976 977 793
3 794 1055 795
3 795 1054 796
3 796 1081 1041
3 796 1054 1053
3 1053 1081 796
3 862 962 797
3 962 971 797
3 798 1071 799
3 1039 1071 798
3 799 1071 800
3 800 1070 1038
3 1048 1070 800
3 800 1071 1048
3 802 803 801
3 803 1035 801
3 802 804 803
3 802 1069 804
3 805 1069 802
3 804 1036 803
3 804 1037 1036
3 804 1047 1037
3 804 1069 1047
3 1038 1069 805
3 828 829 806
3 813 942 814
3 813 952 942
3 814 942 815
3 815 938 913
3 815 941 938
3 815 942 941
3 816 971 962
3 817 994 818
3 818 999 998
3 820 821 819
3 820 910 842
3 821 846 826
3 826 827 825
3 827 857 828
3 829 865 830
3 831 844 832
3 833 998 834
3 996 1008 834
3 835 978 977
3 1077 1078 838
3 854 902 839
3 840 902 854
3 1080 1082 841
3 842 910 843
3 1060 1065 848
3 849 980 979
3 850 934 858
3 850 935 934
3 852 853 851
3 853 888 851
3 852 860 853
3 861 888 853
3 858 934 882
3 859 905 904
3 863 889 861
3 952 962 862
3 867 973 967
3 885 890 871
3 874 964 958
3 877 911 876
3 880 907 877
3 882 934 912
3 914 916 884
3 906 990 905
3 906 1005 990
3 924 1097 1017
3 1020 1094 925
3 954 1021 928
3 932 1098 1016
3 1010 1033 937
3 937 1045 1010
3 954 1096 1021
3 2 1107 0
3 0 1135 24
3 1107 1135 0
3 3 1149 2
3 2 1149 1107
3 4 1129 3
3 1129 1149 3
3 5 1101 4
3 1101 1129 4
3 6 1148 5
3 5 1148 1101
3 7 1130 6
3 1130 1148 6
3 8 1105 7
3 1105 1130 7
3 9 1144 8
3 8 1144 1105
3 10 1133 9
3 1133 1144 9
3 11 1102 10
3 1102 1133 10
3 12 1141 11
3 11 1141 1102
3 13 1134 12
3 1134 1141 12
3 14 1104 13
3 1104 1134 13
3 15 1146 14
3 14 1146 1104
3 16 1137 15
3 1137 1146 15
3 17 1100 16
3 1100 1137 16
3 18 1138 17
3 17 1138 1100
3 19 1147 18
3 18 1147 1138
3 20 1106 19
3 1106 1147 19
3 21 1143 20
3 20 1143 1106
3 22 1131 21
3 1131 1143 21
3 23 1103 22
3 1103 1131 22
3 24 1108 23
3 23 1108 1103
3 24 1135 1108
3 1100 1136 1122
3 1122 1137 1100
3 1100 1138 1136
3 1101 1128 1119
3 1119 1129 1101
3 1101 1148 1128
3 1126 1132 1102
3 1102 1141 1126
3 1132 1133 1102
3 1108 1109 1103
3 1109 1110 1103
3 1110 1131 1103
3 1123 1134 1104
3 1104 1145 1123
3 1104 1146 1145
3 1127 1130 1105
3 1105 1140 1127
3 1105 1144 1140
3 1106 1139 1125
3 1125 1147 1106
3 1106 1143 1139
3 1107 1142 1135
3 1107 1149 1142
3 1108 1135 1109
3 1109 1111 1110
3 1109 1120 1111
3 1109 1135 1120
3 1111 1112 1110
3 1112 1139 1110
3 1110 1139 1131
3 1111 1113 1112
3 1111 1114 1113
3 1111 1120 1114
3 1113 1121 1112
3 1121 1125 1112
3 1125 1139 1112
3 1114 1115 1113
3 1115 1116 1113
3 1116 1121 1113
3 1114 1117 1115
3 1114 1119 1117
3 1114 1120 1119
3 1115 1124 1116
3 1117 1118 1115
3 1118 1124 1115
3 1116 1122 1121
3 1116 1123 1122
3 1116 1124 1123
3 1117 1127 1118
3 1119 1128 1117
3 1117 1128 1127
3 1118 1132 1124
3 1127 1140 1118
3 1118 1140 1132
3 1120 1142 1119
3 1119 1142 1129
3 1135 1142 1120
3 1122 1136 1121
3 1121 1136 1125
3 1123 1145 1122
3 1122 1145 1137
3 1124 1126 1123
3 1126 1134 1123
3 1124 1132 1126
3 1136 1138 1125
3 1138 1147 1125
3 1126 1141 1134
3 1128 1130 1127
3 1128 1148 1130
3 1142 1149 1129
3 1139 1143 1131
3 1132 1140 1133
3 1140 1144 1133
3 1145 1146 1137
3 62 1 1157
3 1 84 1185
3 1157 1 1185
3 63 62 1199
3 62 1157 1199
3 64 63 1179
3 1179 63 1199
3 65 64 1151
3 1151 64 1179
3 66 65 1198
3 65 1151 1198
3 67 66 1180
3 1180 66 1198
3 68 67 1155
3 1155 67 1180
3 69 68 1194
3 68 1155 1194
3 70 69 1183
3 1183 69 1194
3 71 70 1152
3 1152 70 1183
3 72 71 1191
3 71 1152 1191
3 73 72 1184
3 1184 72 1191
3 74 73 1154
3 1154 73 1184
3 75 74 1196
3 74 1154 1196
3 76 75 1187
3 1187 75 1196
3 77 76 1150
3 1150 76 1187
3 78 77 1188
3 77 1150 1188
3 79 78 1197
3 78 1188 1197
3 80 79 1156
3 1156 79 1197
3 81 80 1193
3 80 1156 1193
3 82 81 1181
3 1181 81 1193
3 83 82 1153
3 1153 82 1181
3 84 83 1158
3 83 1153 1158
3 84 1158 1185
3 1150 1172 1186
3 1172 1150 1187
3 1150 1186 1188
3 1151 1169 1178
3 1169 1151 1179
3 1151 1178 1198
3 1176 1152 1182
3 1152 1176 1191
3 1182 1152 1183
3 1158 1153 1159
3 1159 1153 1160
3 1160 1153 1181
3 1173 1154 1184
3 1154 1173 1195
3 1154 1195 1196
3 1177 1155 1180
3 1155 1177 1190
3 1155 1190 1194
3 1156 1175 1189
3 1175 1156 1197
3 1156 1189 1193
3 1157 1185 1192
3 1157 1192 1199
3 1158 1159 1185
3 1159 1160 1161
3 1159 1161 1170
3 1159 1170 1185
3 1161 1160 1162
3 1162 1160 1189
3 1160 1181 1189
3 1161 1162 1163
3 1161 1163 1164
3 1161 1164 1170
3 1163 1162 1171
3 1171 1162 1175
3 1175 1162 1189
3 1164 1163 1165
3 1165 1163 1166
3 1166 1163 1171
3 1164 1165 1167
3 1164 1167 1169
3 1164 1169 1170
3 1165 1166 1174
3 1167 1165 1168
3 1168 1165 1174
3 1166 1171 1172
3 1166 1172 1173
3 1166 1173 1174
3 1167 1168 1177
3 1169 1167 1178
3 1167 1177 1178
3 1168 1174 1182
3 1177 1168 1190
3 1168 1182 1190
3 1170 1169 1192
3 1169 1179 1192
3 1185 1170 1192
3 1172 1171 1186
3 1171 1175 1186
3 1173 1172 1195
3 1172 1187 1195
3 1174 1173 1176
3 1176 1173 1184
3 1174 1176 1182
3 1186 1175 1188
3 1188 1175 1197
3 1176 1184 1191
3 1178 1177 1180
3 1178 1180 1198
3 1192 1179 1199
3 1189 1181 1193
3 1182 1183 1190
3 1190 1183 1194
3 1195 1187 1196
4 1282 1539 1262 1740
4 1314 1396 1210 1506
4 1096 1608 1398 1680
4 1539 1606 1262 1740
4 1112 1599 1592 1723
4 438 1302 439 1597
4 1232 1401 1320 1492
4 1118 1132 1293 1596
4 1210 1396 1314 1520
4 1223 1391 1256 1591
4 1132 1118 1293 1564
4 540 1352 1381 1805
4 1302 1463 439 1597
4 1096 564 1608 1680
4 391 1439 1296 1530
4 1223 1256 1391 1497
4 653 1499 655 1827
4 388 391 1296 1530
4 570 1293 1480 1863
4 1223 1256 1497 1591
4 1281 1331 1210 1470
4 1216 1325 1292 1854
4 612 1664 1468 1667
4 810 1372 1382 1802
4 810 1382 1372 1568
4 1518 1556 257 1625
4 258 1518 257 1625
4 1365 1554 487 1632
4 613 1513 1370 1610
4 540 1381 1352 1750
4 1209 1298 1347 1487
4 1310 1419 746 1503
4 1112 1313 1599 1723
4 1112 1600 1313 1723
4 570 1480 1831 1863
4 438 414 439 1302
4 1273 1421 1384 1584
4 653 655 1721 1827
4 1314 1478 1163 1660
4 612 1468 1374 1667
4 774 1615 1275 1727
4 570 1480 1293 1809
4 801 1752 1479 1757
4 1299 1469 1048 1552
4 1281 1210 1331 1714
4 1226 1399 1700 1921
4 653 1774 1499 1827
4 774 1275 1625 1727
4 617 1631 1570 1698
4 726 746 1310 1419
4 793 759 1304 1496
4 1321 1479 1037 1890
4 628 1567 1455 1839
4 176 1464 1362 1496
4 891 1554 1365 1601
4 1262 1624 1282 1740
4 1429 1658 317 1703
4 1226 1700 1500 1921
4 1296 1439 391 1675
4 538 540 1352 1750
4 1282 1262 1539 1624
4 1238 1414 1293 1436
4 1321 1037 1629 1890
4 906 1463 414 1883
4 1221 1349 1319 1633
4 1320 1401 1226 1492
4 774 1275 1615 1625
4 1586 1639 1344 1966
4 1464 1496 176 1856
4 1319 1221 1591 1778
4 202 1351 739 1409
4 1554 1601 891 1712
4 1416 1601 277 1853
4 1264 1639 1586 1966
4 1112 1121 1592 1599
4 1344 1639 1586 1705
4 397 1295 466 1503
4 1500 1700 1286 1921
4 1384 1421 1271 1584
4 993 1834 1335 1900
4 1387 1419 1272 1494
4 1292 1325 1216 1542
4 252 621 1343 1489
4 1165 1163 1314 1478
4 488 487 1554 1632
4 1255 1419 1387 1494
4 33 1562 1481 1722
4 1312 1370 1247 1724
4 1320 1401 1232 1576
4 1009 1324 1156 1620
4 1369 1551 1512 1616
4 1026 1476 1382 1637
4 317 1703 1658 1793
4 277 1416 275 1601
4 414 1463 1302 1883
4 252 1489 1343 1629
4 1232 1492 1320 1689
4 1209 1347 1298 1551
4 681 1340 1577 1795
4 681 1577 1404 1795
4 1234 1353 1297 1438
4 1216 1292 1689 1854
4 1238 1293 1474 1656
4 681 728 1340 1795
4 681 1404 728 1795
4 1288 1592 1121 1599
4 418 1834 993 1900
4 317 1429 168 1658
4 1586 1705 1639 1899
4 1245 1398 1288 1415
4 1439 1224 1553 1924
4 1359 1427 1207 1448
4 1004 466 1295 1525
4 1004 1525 1295 1609
4 1241 1348 1326 1475
4 1237 1312 1578 1608
4 1314 1640 1396 1859
4 810 1382 434 1802
4 906 1825 1463 1883
4 1304 1496 759 1662
4 274 1416 1371 1601
4 1316 1385 1207 1728
4 1245 1474 1327 1578
4 1004 1295 1003 1529
4 1385 1630 1207 1728
4 1319 1633 1349 1751
4 739 1409 1351 1777
4 318 850 1319 1654
4 891 487 1365 1554
4 1235 1473 1298 1551
4 1384 1488 1273 1584
4 1235 1428 1298 1473
4 1312 1247 1595 1724
4 1003 1295 397 1617
4 1267 1691 1582 1857
4 1293 1238 1474 1879
4 1293 1414 1238 1879
4 580 1606 1381 1775
4 1231 1358 1575 1755
4 800 1299 1048 1552
4 1279 1547 1443 1548
4 810 355 1382 1568
4 1572 1742 1497 1966
4 1223 1493 1391 1591
4 466 1003 1004 1295
4 986 1431 1357 1510
4 850 1423 1319 1654
4 1120 1491 1291 1664
4 1256 1466 1319 1591
4 1360 1446 149 1605
4 812 1508 1507 1741
4 1206 1497 1572 1742
4 1319 1591 1466 1778
4 1381 1606 580 1740
4 726 1419 1310 1703
4 261 1477 1299 1518
4 1118 1293 1564 1656
4 277 275 1416 1853
4 1301 277 1601 1853
4 151 149 1446 1605
4 994 1397 817 1485
4 1439 1553 1296 1924
4 1312 1237 1532 1608
4 1023 1331 572 1858
4 448 1480 570 1809
4 986 1357 496 1510
4 1297 1353 1234 1504
4 1247 1370 1312 1610
4 1227 1306 1427 1434
4 96 1623 1452 1791
4 1314 1520 1396 1640
4 397 1003 466 1295
4 653 1721 1774 1827
4 1277 1501 1511 1543
4 1439 1528 1224 1924
4 1204 1511 1501 1543
4 726 746 747 1310
4 1335 1582 916 1717
4 1228 1720 1417 1785
4 515 1881 1444 1937
4 396 746 1419 1503
4 58 113 1311 1548
4 1378 1534 667 1880
4 439 1302 414 1463
4 1118 1596 1293 1656
4 1026 1382 1476 1802
4 1231 1543 1358 1755
4 1387 1466 1221 1778
4 1270 1518 1402 1533
4 1263 1584 1441 1661
4 1245 1415 1288 1592
4 1369 1512 1205 1616
4 1202 1573 1396 1828
4 166 317 168 1658
4 1244 1378 1329 1472
4 540 1381 1740 1805
4 273 1371 274 1416
4 1221 1349 1633 1751
4 614 329 1312 1610
4 496 1357 986 1431
4 1113 1600 1112 1723
4 1427 1448 1359 1516
4 743 1457 1562 1779
4 166 317 1658 1793
4 1255 1391 1493 1591
4 1388 1465 233 1707
4 861 853 1668 1734
4 614 1312 1513 1610
4 1396 1506 1314 1859
4 488 1554 1315 1632
4 1384 1421 1273 1749
4 1304 793 1496 1759
4 1255 1458 1419 1494
4 1208 1370 1312 1724
4 1245 1578 1327 1723
4 1388 233 1465 1920
4 817 994 85 1397
4 640 1752 801 1757
4 397 1295 1503 1617
4 1210 1520 1470 1754
4 1259 1597 1302 1616
4 993 1335 1603 1900
4 1183 1194 1029 1331
4 1326 1699 848 1819
4 1029 1331 1194 1669
4 1253 1449 1543 1755
4 1573 1754 1396 1828
4 821 1297 1569 1934
4 1281 1470 1210 1520
4 1582 1715 916 1717
4 1120 1291 1491 1600
4 665 667 1534 1880
4 1395 1668 853 1734
4 1375 655 1499 1827
4 1466 1591 1221 1778
4 821 1569 670 1934
4 1317 1357 1246 1690
4 1419 1458 1272 1494
4 1244 1472 1329 1557
4 1228 1555 1417 1720
4 1136 1121 1288 1592
4 1209 1347 1340 1487
4 388 391 999 1296
4 1113 1112 1592 1723
4 784 1373 1585 1739
4 1293 1474 1656 1738
4 1271 1488 1384 1584
4 538 1352 540 1805
4 207 956 1431 1820
4 897 580 1606 1740
4 1136 1121 1125 1288
4 1370 1513 613 1898
4 1221 1466 1387 1591
4 1253 1431 1405 1501
4 1255 1295 1458 1493
4 274 1601 1371 1712
4 524 1333 1408 1681
4 58 1548 1311 1971
4 1430 1465 233 1920
4 1299 1477 261 1593
4 1004 1295 1529 1609
4 1224 1458 1310 1503
4 1547 1548 1440 1724
4 318 1319 850 1969
4 855 1622 1376 1790
4 1219 1516 1333 1681
4 1317 1246 1549 1690
4 812 1507 577 1741
4 1388 1789 233 1920
4 850 1319 1423 1969
4 1003 1529 1295 1617
4 848 1326 1574 1699
4 1226 1700 1557 1892
4 1326 357 1574 1868
4 1136 1288 1125 1914
4 1449 1755 1253 1889
4 614 1513 613 1610
4 1430 233 1789 1920
4 1217 1431 1342 1510
4 1009 1156 1197 1620
4 1443 1547 1247 1548
4 207 1431 1510 1820
4 1346 1570 1043 1631
4 85 1397 994 1525
4 1639 1752 641 1757
4 1470 1520 1411 1754
4 1281 1411 1470 1520
4 532 1444 1028 1887
4 1253 1357 1431 1501
4 617 1043 1570 1631
4 557 1571 1580 1729
4 1274 1366 1829 1940
4 1256 1591 1319 1633
4 793 759 791 1304
4 1166 1163 1478 1660
4 1110 1313 1112 1600
4 523 1508 1408 1650
4 947 1330 1541 1702
4 1310 1503 746 1833
4 999 1296 391 1675
4 1302 1545 1394 1563
4 1592 1599 1288 1723
4 1302 1394 1265 1563
4 1394 1545 1265 1563
4 1491 1664 1090 1865
4 1414 1436 1238 1684
4 1403 607 1799 1801
4 784 1373 100 1585
4 1237 1578 1398 1608
4 1256 1497 1498 1505
4 1210 1470 1381 1754
4 726 1310 747 1703
4 1253 1405 1431 1674
4 1231 1365 1301 1448
4 1332 1508 1227 1536
4 1202 1400 1584 1661
4 1194 1331 1190 1669
4 387 1530 1519 1759
4 1028 1444 1308 1887
4 1132 1596 1413 1809
4 1289 1638 1345 1640
4 114 1004 1529 1609
4 1487 1649 1209 1720
4 1532 1608 1237 1729
4 1121 1125 1288 1599
4 1497 1742 1586 1966
4 119 33 1481 1722
4 1009 1197 1019 1620
4 976 759 1496 1662
4 1611 1703 980 1833
4 1009 1156 1324 1804
4 199 202 739 1409
4 793 1304 791 1759
4 1409 1671 197 1823
4 1338 1377 1212 1711
4 196 197 1671 1823
4 1313 1599 1513 1898
4 1351 1409 202 1627
4 947 1541 205 1702
4 640 641 1752 1757
4 916 451 1335 1717
4 114 1529 1336 1609
4 1325 1432 1483 1671
4 975 1453 1298 1788
4 1136 1592 1288 1680
4 1267 1582 1360 1857
4 1327 1578 1474 1723
4 1128 1656 1645 1665
4 1519 1530 1304 1759
4 707 1623 96 1791
4 1307 636 1587 1746
4 1293 1656 1596 1738
4 617 592 1631 1698
4 682 681 728 1340
4 1296 1439 1224 1553
4 650 1469 1339 1552
4 628 468 1318 1455
4 1139 1112 1110 1599
4 864 1532 1312 1765
4 1229 1582 1691 1857
4 1285 1748 1201 1927
4 1145 1415 1146 1726
4 1329 1515 796 1860
4 1416 1231 1575 1755
4 628 468 351 1318
4 1202 1484 1400 1661
4 448 570 1480 1831
4 747 980 1703 1833
4 1405 1554 1543 1643
4 1112 1313 1110 1599
4 1217 1431 1357 1501
4 1132 1293 1596 1809
4 801 1757 1479 1902
4 305 240 241 1309
4 379 1508 523 1650
4 1348 1475 1452 1819
4 1398 1237 1608 1729
4 1298 1487 1209 1720
4 743 1562 1457 1925
4 29 1476 1441 1762
4 1279 1440 1547 1548
4 1369 1545 1254 1616
4 1316 1207 1385 1974
4 318 158 850 1654
4 1206 1586 1497 1742
4 61 1090 1664 1865
4 848 1326 357 1574
4 1285 1508 1332 1536
4 290 1568 1305 1606
4 1217 1357 1317 1690
4 1272 1419 1387 1901
4 1235 1453 1457 1512
4 305 1309 241 1668
4 979 747 980 1703
4 1405 1277 1554 1643
4 1211 1452 1348 1475
4 1294 1457 1453 1512
4 1477 1518 1270 1533
4 1270 1402 1518 1835
4 1298 1551 1473 1720
4 1279 1452 1475 1819
4 906 439 414 1463
4 1183 1190 1194 1331
4 1231 1416 1371 1755
4 1235 1432 1369 1512
4 831 1462 1393 1730
4 1318 628 1455 1839
4 947 1594 1330 1702
4 1212 1377 1338 1614
4 1262 1381 1470 1754
4 1274 1432 1366 1512
4 1404 1577 1340 1795
4 1235 1294 1453 1512
4 1350 1400 1212 1435
4 1048 1469 1299 1593
4 1253 1357 1501 1690
4 1296 1519 388 1530
4 1254 1545 1302 1616
4 1329 796 1753 1860
4 707 1440 1623 1791
4 526 974 1317 1658
4 1560 1711 1233 1816
4 1270 1518 1477 1835
4 1268 1605 1287 1641
4 396 1503 1419 1617
4 897 1606 580 1775
4 1345 1638 1239 1640
4 617 592 594 1631
4 821 1297 1486 1569
4 1348 1326 1475 1819
4 1556 1625 1518 1955
4 774 507 1615 1727
4 1336 1493 1529 1565
4 1318 1455 1567 1839
4 258 257 256 1625
4 255 257 1556 1625
4 784 1534 1373 1739
4 1421 1233 1711 1816
4 708 1361 912 1582
4 1377 1338 1693 1711
4 1274 1512 1366 1940
4 1319 1349 1221 1537
4 620 1343 621 1891
4 1432 1274 1733 1940
4 58 1440 1548 1971
4 1268 1287 1602 1641
4 1556 1572 1390 1902
4 1586 1639 1307 1899
4 1417 1720 1298 1785
4 1332 1507 1227 1508
4 1096 1398 954 1680
4 261 260 1477 1518
4 1163 1314 1660 1763
4 1221 1319 1591 1633
4 466 1503 1295 1525
4 1342 1431 956 1820
4 240 241 1309 1622
4 1421 1560 1233 1816
4 1343 620 1769 1891
4 855 1380 1622 1790
4 1113 1327 1600 1723
4 1446 1607 1423 1694
4 915 1598 444 1797
4 1235 1512 1369 1551
4 388 389 391 1530
4 1226 1401 1320 1621
4 1213 1651 1334 1661
4 1256 1451 1391 1497
4 1259 1616 1350 1792
4 1201 1555 1285 1927
4 916 451 450 1335
4 252 288 621 1489
4 1432 1512 1274 1940
4 1259 1616 1302 1907
4 1208 1313 1370 1847
4 1329 1500 283 1679
4 1336 1223 1493 1565
4 45 1485 46 1760
4 524 1408 978 1681
4 1165 1166 1163 1478
4 1224 1458 1503 1678
4 1208 1370 1313 1888
4 1302 1597 1254 1616
4 46 1485 1397 1760
4 1434 1519 996 1697
4 1229 1423 1446 1607
4 1375 1721 655 1827
4 1390 1556 1222 1572
4 1298 1453 975 1832
4 1405 1543 1277 1643
4 1255 1493 1458 1494
4 1208 1578 1364 1595
4 577 1507 1332 1741
4 1580 1729 1571 1990
4 1277 1362 1464 1643
4 1246 1549 1690 1963
4 1326 1570 357 1868
4 1031 1597 1463 1722
4 1479 1752 1264 1757
4 255 1556 1321 1625
4 1255 1458 1295 1617
4 831 1393 1462 1710
4 1290 1450 1490 1734
4 916 1335 450 1582
4 149 1446 1360 1732
4 758 1662 983 1833
4 1277 1511 1362 1643
4 1313 1051 1599 1898
4 1268 1602 1523 1641
4 1581 1330 1700 1770
4 258 1402 1518 1625
4 1350 1616 1563 1940
4 1288 1398 1245 1578
4 784 683 1373 1534
4 1222 1402 1518 1533
4 915 1542 1598 1797
4 1246 1357 1317 1936
4 1311 1440 1548 1724
4 1208 1474 1578 1723
4 199 202 1409 1627
4 1562 1722 33 1904
4 241 1309 1622 1668
4 439 1463 1031 1597
4 1361 912 1582 1732
4 1227 1507 1332 1933
4 1329 1472 1378 1892
4 1242 1472 1359 1728
4 1530 1662 758 1833
4 1279 1475 1326 1819
4 1246 1447 1299 1708
4 1350 1792 1616 1940
4 1444 1881 1280 1937
4 1231 1543 1554 1643
4 1034 1587 636 1746
4 444 1598 1292 1797
4 1468 1664 1291 1667
4 1277 1511 1501 1824
4 975 989 1453 1788
4 732 1542 1325 1598
4 1311 1612 113 1667
4 743 960 1457 1779
4 800 1048 1071 1552
4 1132 1126 1413 1596
4 799 1469 650 1552
4 444 1797 1292 1873
4 1165 1478 1314 1714
4 1450 1769 620 1891
4 983 1662 1611 1833
4 1201 1748 1619 1927
4 1396 1640 1215 1859
4 1315 1365 1231 1448
4 1113 1592 1327 1723
4 722 1788 1786 1925
4 1083 1481 1597 1722
4 1048 1469 1071 1552
4 1338 1711 1560 1816
4 233 1430 232 1465
4 1441 1476 29 1799
4 1211 1307 1586 1635
4 468 351 1318 1979
4 1463 1722 1597 1907
4 57 1440 707 1791
4 1233 1441 1584 1661
4 732 919 1325 1542
4 1597 1722 1259 1907
4 526 972 974 1658
4 559 1415 1398 1580
4 444 1292 1598 1873
4 1242 1359 1472 1536
4 1263 1573 1441 1584
4 1398 1415 954 1680
4 1216 1292 1542 1689
4 1472 1581 1359 1728
4 1253 1371 1300 1755
4 1676 1835 501 1953
4 815 1535 1323 1989
4 1208 1312 1595 1724
4 1202 1624 1539 1828
4 414 1302 438 1719
4 1227 1332 1536 1933
4 1444 1521 515 1937
4 947 1330 951 1541
4 57 1548 1440 1791
4 1223 1391 1451 1497
4 1308 1444 1028 1922
4 1419 1458 1295 1503
4 1409 1559 197 1671
4 1278 1498 1497 1505
4 1518 1625 1402 1955
4 1210 1308 1352 1526
4 1378 1472 1316 1728
4 1350 1435 1212 1517
4 226 300 1433 1821
4 501 1676 1558 1835
4 1608 1680 564 1985
4 169 168 1429 1658
4 1217 1317 1549 1690
4 390 791 759 1304
4 1334 1213 1463 1651
4 1048 800 1070 1299
4 1209 1487 1340 1649
4 1235 1432 1366 1459
4 1217 1501 1357 1690
4 343 1394 344 1422
4 300 1460 1433 1821
4 573 1312 864 1608
4 516 1507 1306 1561
4 1070 1299 800 1683
4 1266 1447 1666 1973
4 1023 103 1331 1858
4 1307 1587 636 1752
4 1313 1599 1051 1949
4 804 1479 1321 1902
4 1533 1447 1911 1973
4 1250 1298 1417 1720
4 1377 1693 1550 1711
4 1266 1911 1447 1973
4 1545 1563 1302 1616
4 1434 1697 996 1910
4 1338 1614 1377 1942
4 1279 1475 1452 1978
4 1286 1581 1330 1700
4 1026 1476 1637 1638
4 1283 1490 1450 1734
4 1266 1552 1447 1911
4 1262 1305 1539 1828
4 1298 1473 1428 1720
4 947 951 205 1541
4 810 355 434 1382
4 1469 1499 798 1774
4 384 996 1434 1519
4 1230 1547 1440 1724
4 739 1559 1409 1777
4 1307 1586 1635 1742
4 653 654 655 1499
4 1224 1310 1458 1840
4 774 1615 1402 1625
4 999 1296 1675 1938
4 1530 1655 1304 1924
4 1278 1344 1586 1705
4 1210 1381 1624 1754
4 1203 1447 1533 1973
4 1331 1526 572 1858
4 1317 1549 1246 1708
4 1216 1432 1325 1854
4 1340 1347 1209 1795
4 1227 1427 1333 1434
4 1204 1438 1358 1755
4 1343 1769 1450 1891
4 1358 1755 1438 1773
4 1395 1831 440 1897
4 1245 1327 1592 1723
4 630 1443 1389 1717
4 390 1304 759 1662
4 1210 1352 1308 1842
4 1222 1556 1518 1955
4 614 329 573 1312
4 855 1380 242 1622
4 1201 1536 1285 1555
4 291 1866 1701 1944
4 855 1376 1622 1813
4 1290 1613 1570 1672
4 1208 1578 1595 1888
4 302 1568 290 1606
4 1136 1680 1288 1914
4 523 816 1408 1508
4 1285 1536 1201 1748
4 864 1312 1532 1608
4 341 1872 1422 1878
4 1079 1476 29 1762
4 169 167 168 1658
4 976 1496 1362 1662
4 1243 1472 1378 1728
4 1260 1528 1439 1924
4 951 1330 1522 1541
4 409 1567 628 1839
4 812 577 847 1741
4 233 1388 866 1789
4 1333 1516 1408 1681
4 1324 1455 718 1567
4 1213 1372 1651 1661
4 1253 1501 1405 1543
4 815 1323 938 1989
4 1247 1312 1595 1610
4 1391 1451 1000 1565
4 609 1437 1425 1960
4 285 283 1500 1679
4 974 1510 1317 1658
4 1254 1294 1481 1862
4 1276 1748 1527 1927
4 1250 1649 1487 1720
4 1268 1412 1605 1641
4 1281 1520 1210 1714
4 630 702 1443 1717
4 56 707 96 1791
4 1303 1401 1232 1492
4 1209 1473 1363 1492
4 1528 1553 1224 1924
4 1230 1570 1613 1672
4 1484 1539 1305 1828
4 1329 1557 1472 1892
4 1432 1323 1483 1945
4 1224 1397 1485 1553
4 956 1431 1342 1695
4 1342 1217 1510 1820
4 1274 1517 1409 1559
4 532 1688 1444 1887
4 302 303 290 1568
4 1226 1320 1492 1509
4 855 242 225 1622
4 1212 1435 1400 1682
4 526 1317 974 1510
4 1258 1462 1339 1666
4 557 945 1571 1729
4 1326 1348 1241 1699
4 388 1296 999 1938
4 754 753 1336 1529
4 1333 1496 793 1759
4 1276 1527 1341 1927
4 639 636 1587 1752
4 1431 1695 528 1885
4 1216 1432 1323 1483
4 793 976 759 1496
4 1303 1515 1058 1872
4 427 396 746 1419
4 1306 1434 1227 1507
4 1253 1431 1357 1674
4 1285 1508 1536 1748
4 1140 1118 1564 1656
4 1301 1601 1416 1853
4 515 1032 1444 1881
4 1211 1452 1475 1978
4 1230 1440 1311 1724
4 1359 1472 1201 1581
4 573 1312 329 1765
4 1302 1597 438 1719
4 277 316 275 1853
4 556 557 1571 1580
4 743 1457 960 1925
4 545 1476 1079 1762
4 1418 1705 1586 1899
4 1366 1432 1274 1459
4 667 1534 1378 1642
4 1034 1348 1587 1746
4 1270 1533 1402 1718
4 482 951 1330 1522
4 1079 1073 29 1476
4 1273 1550 1693 1711
4 1497 1586 1344 1966
4 1056 1612 1898 1949
4 330 1430 1598 1935
4 1296 1655 1530 1924
4 1313 1898 1612 1949
4 1277 1405 1431 1501
4 844 831 1393 1730
4 640 801 642 1757
4 1481 1562 1259 1722
4 1211 1348 1307 1635
4 1261 1485 1397 1553
4 987 528 1695 1885
4 1299 1552 800 1683
4 1256 1498 1497 1633
4 976 1362 930 1662
4 57 700 1548 1791
4 609 1425 1437 1815
4 1299 1447 1552 1911
4 1243 1581 1472 1728
4 1569 1659 670 1934
4 1222 1402 1533 1718
4 1336 1529 753 1565
4 390 1530 1304 1662
4 1366 1432 1235 1512
4 1261 1438 1353 1553
4 1517 1563 1435 1590
4 330 1598 444 1935
4 524 793 1333 1496
4 915 444 445 1797
4 681 1340 682 1577
4 1241 1450 1343 1896
4 394 1503 1439 1833
4 283 1500 1329 1589
4 384 386 996 1519
4 263 261 1477 1593
4 1311 1548 1440 1971
4 1318 1455 468 1979
4 1208 1327 1474 1723
4 236 1388 233 1707
4 252 1629 1343 1956
4 1128 1117 1656 1665
4 1319 1466 1256 1670
4 1241 1745 1450 1896
4 732 919 203 1325
4 140 1798 1370 1841
4 1419 1503 1295 1617
4 1399 1509 1226 1700
4 1023 103 572 1331
4 341 1634 1422 1872
4 930 176 1362 1496
4 1264 1586 1742 1966
4 45 817 46 1485
4 1310 1439 1260 1528
4 1058 1515 1303 1577
4 556 1571 1337 1580
4 1357 1431 1217 1510
4 1339 1666 1462 1761
4 1363 1492 1473 1509
4 1366 1252 1829 1940
4 1294 1647 1481 1862
4 1304 1530 1296 1655
4 1353 1504 1297 1784
4 1262 1470 1381 1775
4 1070 261 1299 1518
4 318 1319 935 1670
4 1276 1619 1748 1927
4 1501 1511 1204 1824
4 586 1538 132 1913
4 395 397 466 1503
4 736 975 1298 1788
4 151 1446 149 1732
4 986 207 1431 1510
4 674 798 1469 1499
4 1287 1605 1412 1641
4 203 1325 193 1671
4 1421 1711 1273 1816
4 1231 1543 1405 1554
4 1224 1439 1310 1528
4 1242 1316 1472 1728
4 1121 1112 1125 1599
4 113 58 1311 1971
4 193 1325 203 1483
4 1523 1602 1200 1641
4 1250 1417 1555 1720
4 1370 1513 1313 1888
4 1395 1456 440 1831
4 1205 1369 1432 1512
4 754 753 114 1336
4 140 1610 1370 1798
4 1215 1384 1318 1567
4 1458 1493 1203 1494
4 799 798 650 1469
4 1517 1559 1274 1733
4 957 1349 1537 1886
4 1276 1341 1619 1927
4 1411 1637 1520 1776
4 373 1741 1417 1981
4 1264 1742 1572 1966
4 548 1470 1331 1669
4 1444 1482 1028 1922
4 1492 1509 1320 1689
4 226 1433 1780 1821
4 1219 1427 1333 1516
4 233 234 1430 1789
4 406 1382 1411 1637
4 1000 1451 697 1565
4 951 1522 484 1541
4 1126 1132 1413 1809
4 1335 450 1582 1834
4 1473 1492 1216 1509
4 1264 1752 1639 1757
4 1205 1563 1517 1590
4 1203 1666 1447 1973
4 1243 1378 1316 1728
4 203 732 1325 1559
4 1204 1543 1449 1755
4 1227 1408 1333 1516
4 1032 1482 1444 1881
4 1353 1553 1438 1655
4 784 683 100 1373
4 169 1510 167 1658
4 1325 1483 193 1671
4 1786 1788 1453 1925
4 1313 1612 1491 1949
4 1387 1419 1255 1716
4 373 1417 1502 1981
4 1342 1510 1431 1820
4 1212 1435 1682 1980
4 1183 1331 103 1858
4 58 699 113 1548
4 1056 1491 1612 1949
4 545 1073 1079 1476
4 1342 1431 1217 1501
4 930 1362 976 1496
4 258 307 1402 1625
4 1205 1432 1733 1940
4 1143 1599 1139 1949
4 1164 1165 1163 1314
4 1520 1637 1345 1776
4 841 1301 277 1644
4 815 1323 1535 1826
4 399 1391 1529 1783
4 620 621 1343 1769
4 815 1323 1826 1923
4 1231 1448 1301 1575
4 1578 1608 1312 1888
4 1452 1623 1279 1791
4 1474 1738 1293 1879
4 832 1393 831 1710
4 1299 1477 1246 1708
4 343 1394 1422 1634
4 1432 1459 1323 1945
4 1083 119 1481 1722
4 203 1325 919 1947
4 1316 1242 1472 1534
4 1246 1708 1549 1963
4 1293 1132 1564 1809
4 1317 1357 1217 1510
4 1338 1377 1693 1942
4 1268 1602 1287 1605
4 1072 269 1356 1469
4 1320 1576 1232 1689
4 817 1397 46 1485
4 1235 1432 1323 1473
4 1295 1529 1493 1617
4 748 758 983 1833
4 1216 1323 1432 1473
4 1493 1529 1255 1617
4 1302 1616 1563 1907
4 1247 1548 1547 1724
4 1406 1635 1586 1742
4 1249 1438 1375 1540
4 718 1324 717 1455
4 1376 1622 1380 1790
4 1104 1145 1146 1726
4 1328 1516 1408 1943
4 1090 1491 1135 1664
4 1301 1365 1231 1601
4 28 111 1403 1476
4 654 1375 655 1499
4 1277 1543 1511 1643
4 1374 1468 1291 1667
4 1310 1703 1611 1833
4 1249 1486 1438 1569
4 318 935 1319 1969
4 822 1696 1487 1747
4 1072 1469 1356 1814
4 47 1397 85 1609
4 1328 1408 1276 1943
4 1300 1253 1755 1889
4 1361 1498 1256 1704
4 1009 717 1324 1620
4 1294 1481 1647 1786
4 974 167 1510 1658
4 169 974 167 1510
4 1260 1511 1304 1824
4 1339 1266 1666 1761
4 935 1670 1319 1969
4 1294 1786 1647 1862
4 1306 1227 1427 1630
4 1288 1599 1125 1914
4 991 1306 516 1845
4 1307 1348 1211 1746
4 1208 1312 1370 1888
4 1249 1569 1438 1773
4 933 1386 1461 1687
4 1235 1323 1432 1459
4 1266 1447 1339 1666
4 207 956 986 1431
4 682 1340 728 1795
4 1245 1288 1578 1592
4 816 1408 1508 1527
4 203 731 732 1559
4 592 1374 1631 1698
4 1297 1438 1569 1773
4 1261 1553 1397 1566
4 1297 1438 1486 1569
4 891 489 487 1554
4 1205 1563 1616 1940
4 1321 1572 1556 1902
4 1268 1309 1523 1622
4 160 318 1319 1654
4 1173 1308 1478 1858
4 1096 1021 564 1680
4 1212 1517 1435 1980
4 743 744 960 1779
4 1242 1385 1306 1561
4 1304 1511 1260 1924
4 1021 564 1680 1985
4 1441 1573 1476 1799
4 822 1747 1487 1830
4 922 1433 300 1805
4 614 1312 573 1513
4 861 853 888 1668
4 1374 1468 593 1631
4 1290 1490 1450 1745
4 1295 1493 1255 1617
4 1408 1516 1276 1943
4 378 1508 812 1741
4 1037 1321 804 1479
4 394 1439 428 1833
4 930 315 176 1496
4 203 1483 1325 1947
4 1283 1450 1490 1745
4 559 558 1415 1580
4 1273 1550 1377 1693
4 1433 1460 300 1805
4 1222 1518 1402 1955
4 388 1519 1296 1938
4 832 844 831 1393
4 1255 1493 1391 1529
4 1319 1670 318 1778
4 1594 1702 183 1794
4 524 977 793 1496
4 523 379 816 1508
4 1216 1473 1369 1492
4 1261 1438 1375 1486
4 365 1384 429 1567
4 1469 1499 1218 1814
4 1224 1397 1553 1566
4 176 1496 315 1856
4 1207 1427 1359 1630
4 46 1760 1397 1852
4 1372 1463 1213 1651
4 1210 1308 1506 1842
4 1405 1501 1277 1543
4 1234 1438 1297 1663
4 1417 1502 1228 1785
4 470 515 1444 1521
4 1375 1438 1261 1540
4 1308 1210 1478 1526
4 1007 991 516 1845
4 1271 1573 1441 1799
4 437 440 1831 1897
4 1231 1365 1315 1554
4 1140 1564 1436 1656
4 1237 1578 1312 1595
4 1253 1300 1371 1618
4 512 1426 1744 1870
4 1264 1390 1572 1902
4 1453 1786 1347 1788
4 739 1351 202 1777
4 1289 1544 1314 1640
4 252 1343 250 1956
4 1293 1238 1436 1656
4 1375 1438 1249 1486
4 151 150 149 1605
4 1264 1586 1639 1742
4 47 1397 1609 1781
4 1290 1574 1613 1745
4 1335 1361 1229 1498
4 1339 1447 1266 1552
4 242 1380 855 1790
4 1445 1606 1539 1740
4 482 484 951 1522
4 1306 1427 1434 1663
4 665 1534 1316 1880
4 573 1513 1312 1608
4 450 1335 451 1834
4 1356 1469 1218 1814
4 1356 1469 269 1593
4 1262 1754 1470 1775
4 630 701 1389 1443
4 1229 1361 1335 1582
4 1206 1498 1406 1607
4 1212 1377 1627 1682
4 841 277 1301 1853
4 1327 1474 1245 1738
4 774 1625 775 1727
4 614 613 329 1610
4 654 1375 1499 1867
4 653 1721 1383 1774
4 1325 1542 919 1947
4 1255 1419 1458 1617
4 1240 1396 1709 1736
4 1539 1624 1262 1828
4 784 100 39 1585
4 545 1476 1762 1802
4 757 1530 758 1833
4 1290 1490 1456 1734
4 1234 1358 1438 1773
4 1132 1124 1126 1596
4 1376 1607 1446 1694
4 1200 1364 1490 1641
4 1382 1476 1239 1637
4 384 1519 1434 1759
4 1274 1366 1420 1829
4 1384 1437 429 1567
4 1260 1304 1662 1824
4 113 1311 1667 1971
4 241 1622 1380 1668
4 114 754 1336 1529
4 512 1744 1426 1789
4 1403 1476 111 1638
4 1305 1372 1213 1484
4 161 957 159 1537
4 1190 1182 1168 1331
4 502 1676 501 1953
4 1209 1363 1473 1720
4 1212 1550 1377 1682
4 1315 1554 1365 1632
4 1316 1472 1378 1534
4 1364 1628 1490 1641
4 957 525 1349 1886
4 1241 1613 1574 1745
4 252 621 250 1343
4 1173 1478 1308 1660
4 1120 1135 1491 1664
4 1658 1703 1272 1793
4 1250 1487 1298 1720
4 1370 1513 1312 1610
4 1239 1520 1345 1640
4 1294 1347 1453 1786
4 1234 1434 1427 1663
4 341 340 1872 1878
4 1070 1518 1299 1683
4 580 1381 547 1470
4 1215 1318 1455 1567
4 1286 1522 1330 1581
4 406 1411 1382 1851
4 1462 1666 1266 1761
4 516 1306 991 1561
4 1378 1472 1243 1892
4 433 1382 406 1637
4 1497 1817 1572 1966
4 857 1383 653 1721
4 1213 1372 1305 1701
4 810 327 355 1568
4 1306 1507 516 1910
4 1260 1439 1296 1924
4 212 942 1535 1843
4 1219 1856 1464 1874
4 848 1060 357 1326
4 1701 1866 1388 1944
4 733 36 1347 1487
4 1401 1673 1515 1679
4 273 1371 1416 1928
4 747 1310 746 1833
4 589 1374 590 1667
4 548 549 1470 1669
4 1352 1526 538 1750
4 1347 1209 1795 1862
4 1228 1502 1417 1555
4 630 702 701 1443
4 1262 1568 1305 1828
4 438 439 1031 1597
4 657 671 1375 1486
4 1208 1595 1312 1888
4 1275 1751 1467 1807
4 1301 1601 277 1846
4 160 1319 318 1778
4 1249 1438 1755 1773
4 795 796 1515 1860
4 1048 1299 261 1593
4 447 399 1391 1529
4 1397 1525 85 1609
4 1235 1457 1453 1932
4 1120 1664 1291 1665
4 1291 1600 1120 1665
4 316 1416 275 1853
4 717 1455 1324 1620
4 1446 1607 1376 1908
4 1365 1448 1315 1874
4 1259 1302 1597 1907
4 947 183 1594 1702
4 1308 1482 1444 1922
4 266 1356 269 1593
4 489 488 487 1554
4 294 1693 1749 1839
4 1132 1140 1118 1564
4 1584 1661 1400 1711
4 378 812 847 1741
4 1488 1709 1396 1736
4 1619 1700 1330 1770
4 657 1486 1375 1844
4 1205 1512 1432 1940
4 1257 1509 1399 1700
4 1087 559 558 1415
4 1645 1656 1238 1665
4 1352 1688 1308 1842
4 1398 1608 1288 1680
4 1206 1467 1751 1807
4 305 1309 1668 1735
4 1227 1333 1427 1516
4 597 1570 1326 1623
4 1294 1254 1616 1862
4 1235 1298 1453 1551
4 1307 1635 1248 1742
4 1377 1550 1212 1711
4 1211 1406 1354 1731
4 381 379 523 1650
4 1515 1673 1401 1872
4 448 436 570 1831
4 232 233 234 1430
4 1060 1326 848 1819
4 1349 1654 1319 1751
4 1226 1399 1320 1509
4 1057 1326 597 1570
4 1380 1523 1309 1622
4 570 1831 436 1863
4 1227 1434 1333 1650
4 1327 1245 1596 1738
4 1369 1254 1604 1862
4 563 561 1608 1729
4 1579 1700 1399 1921
4 1360 1602 1471 1715
4 1206 1572 1497 1817
4 559 954 1398 1415
4 288 1489 252 1629
4 654 655 1375 1867
4 37 1487 1696 1795
4 1358 1543 1204 1755
4 1260 1511 1824 1924
4 556 557 945 1571
4 1361 1256 1670 1704
4 109 1599 1143 1949
4 1344 1497 1278 1586
4 151 1446 152 1605
4 1263 1476 1441 1573
4 1400 1661 1350 1711
4 576 1332 577 1507
4 352 1567 409 1839
4 401 1391 399 1783
4 160 1537 1319 1778
4 305 240 1309 1735
4 1272 1658 1429 1703
4 593 1374 612 1468
4 1210 1520 1478 1714
4 223 1693 1377 1942
4 1387 1419 1716 1901
4 290 1701 291 1866
4 754 753 1529 1565
4 1330 1522 1225 1581
4 1353 1485 1261 1553
4 1360 1715 1471 1808
4 1421 1584 1273 1711
4 573 329 698 1765
4 1391 1256 1591 1783
4 1262 1381 1624 1740
4 576 1332 1507 1561
4 1232 1401 1303 1634
4 1471 1602 1360 1808
4 1300 1636 1375 1755
4 1254 1481 1647 1862
4 716 718 717 1455
4 1268 1309 1641 1970
4 1361 1582 708 1834
4 1331 1470 548 1750
4 547 548 1470 1750
4 1307 1418 1211 1586
4 1312 1595 1578 1888
4 1219 1496 1304 1511
4 1310 747 1703 1833
4 1315 1632 1365 1874
4 1409 1559 1517 1980
4 463 516 1507 1910
4 1331 1210 1470 1750
4 986 496 984 1510
4 1227 1536 1508 1748
4 401 447 399 1391
4 429 1437 1384 1801
4 160 1319 1537 1654
4 340 1303 1058 1872
4 1318 1567 1384 1839
4 1406 1607 1498 1691
4 261 1048 1070 1299
4 113 1612 1311 1841
4 1214 1376 1410 1607
4 1315 1464 1856 1874
4 1298 975 1785 1832
4 1298 1209 1551 1720
4 701 1389 1443 1791
4 958 318 935 1670
4 525 1454 1349 1886
4 682 1577 1340 1850
4 1295 1458 1419 1617
4 152 1605 1446 1813
4 1350 1711 1661 1737
4 958 318 1670 1778
4 1401 1576 892 1634
4 550 1413 1480 1809
4 938 1323 815 1923
4 892 1634 1576 1870
4 846 1486 657 1844
4 223 1377 216 1614
4 1375 1636 1249 1755
4 409 1455 628 1567
4 222 223 216 1614
4 1140 1436 1127 1656
4 1362 1464 176 1695
4 1242 1306 1385 1630
4 1440 1548 1279 1791
4 1358 1427 1219 1448
4 1268 1523 1309 1970
4 1441 1573 1271 1584
4 1206 1498 1607 1704
4 1254 1481 1294 1616
4 217 1611 172 1820
4 172 1820 1611 1849
4 411 1394 412 1719
4 1447 1533 1299 1708
4 1498 1633 1256 1704
4 1293 570 1809 1863
4 1365 1632 1225 1874
4 263 261 260 1477
4 826 1721 1486 1760
4 1227 1427 1359 1516
4 1245 1592 1578 1723
4 1353 1296 1553 1655
4 463 516 464 1507
4 1359 1427 1227 1630
4 1418 1586 1307 1899
4 1339 1462 1258 1685
4 1254 1545 1369 1604
4 395 1503 466 1525
4 373 375 1741 1981
4 1343 1489 621 1891
4 294 1646 1693 1839
4 1192 1544 1538 1962
4 1357 1431 496 1674
4 1466 1591 1256 1783
4 1364 1595 1578 1869
4 557 1580 1398 1729
4 1053 1515 1329 1679
4 255 256 257 1625
4 1304 1496 1362 1511
4 1309 1412 1268 1641
4 1296 1655 1353 1697
4 1396 1754 1573 1893
4 1001 1000 697 1565
4 1204 1543 1358 1643
4 674 1469 1039 1499
4 1385 1561 1242 1739
4 1260 1530 1304 1924
4 1260 1662 1530 1833
4 1225 1448 1365 1874
4 1242 1359 1630 1728
4 1211 1635 1406 1731
4 519 1357 495 1674
4 226 618 300 1821
4 1173 1766 1308 1858
4 1276 1408 1328 1848
4 1115 1327 1113 1592
4 1306 1434 1234 1663
4 1398 1608 561 1729
4 429 365 419 1384
4 384 386 1519 1759
4 28 111 27 1403
4 550 1480 1413 1787
4 1505 1335 1834 1900
4 1234 1438 1358 1655
4 1262 1624 1381 1754
4 1237 1578 1595 1869
4 1498 1406 1691 1948
4 618 1460 300 1821
4 1611 1662 1260 1833
4 1428 1473 1228 1720
4 1265 1394 1302 1744
4 396 1419 427 1617
4 1347 1298 1551 1788
4 1314 1544 1520 1640
4 116 1403 607 1799
4 411 344 1394 1719
4 622 1646 1442 1811
4 1498 1586 1406 1948
4 88 685 1639 1705
4 933 1461 1386 1947
4 841 1301 1644 1853
4 1466 1670 711 1803
4 1467 1275 1807 1955
4 1246 1299 1447 1593
4 1388 1305 1701 1743
4 1258 1397 1609 1678
4 1450 1574 1290 1745
4 352 1384 1567 1839
4 1295 1503 1458 1678
4 1259 1597 1481 1722
4 833 1504 1697 1784
4 1211 1586 1406 1635
4 1226 1329 1673 1679
4 997 1451 1000 1803
4 1219 1362 1496 1511
4 606 1437 1403 1815
4 788 891 1601 1712
4 1260 1296 1439 1530
4 1282 1445 1539 1740
4 1444 1482 1280 1881
4 1478 1520 1314 1714
4 1140 1127 1118 1656
4 1334 1441 1233 1661
4 1349 1718 1275 1751
4 997 1505 1451 1803
4 497 495 519 1357
4 1459 1657 457 1838
4 547 1470 1381 1750
4 1325 1559 732 1598
4 351 628 1318 1839
4 733 1487 1347 1788
4 152 1605 1813 1931
4 1314 1648 1163 1964
4 411 412 344 1719
4 1058 1515 342 1872
4 1263 1651 1372 1661
4 736 1298 975 1830
4 1319 1670 1256 1704
4 1573 1754 1239 1893
4 589 612 1374 1667
4 732 915 1542 1598
4 589 612 590 1374
4 742 743 1562 1779
4 1406 1248 1635 1742
4 1525 1609 1397 1678
4 1239 1520 1411 1637
4 1235 1453 1294 1551
4 736 989 975 1788
4 336 848 357 1574
4 1286 1700 1579 1921
4 1294 1786 1453 1925
4 1253 1449 1501 1543
4 1443 1717 702 1875
4 1471 1602 1267 1715
4 1253 1543 1371 1755
4 1115 1327 1592 1596
4 1312 1610 329 1765
4 821 1486 1297 1784
4 1710 1917 1393 1966
4 733 1786 722 1788
4 1316 1534 665 1965
4 1298 736 1788 1830
4 1269 1410 1376 1607
4 37 1696 120 1795
4 1289 1403 1638 1640
4 198 1409 197 1823
4 1639 1705 685 1899
4 636 1307 637 1899
4 1298 1428 1235 1832
4 32 33 1722 1904
4 1352 1381 1210 1750
4 1203 1493 1458 1988
4 849 1611 1429 1703
4 277 1644 1301 1846
4 217 172 1611 1849
4 399 1529 1617 1783
4 957 1654 1349 1975
4 885 1576 1320 1797
4 1382 1568 355 1851
4 1219 1448 1427 1516
4 630 1389 701 1791
4 519 1546 1357 1674
4 1202 1588 1396 1709
4 622 423 1442 1646
4 576 1507 516 1561
4 88 1639 1344 1705
4 783 457 1459 1657
4 1205 1545 1369 1616
4 1307 1639 1586 1742
4 1211 1475 1348 1635
4 212 1535 1341 1843
4 1224 1439 1296 1675
4 1200 1641 1490 1970
4 1296 1485 1353 1553
4 1326 1570 1290 1613
4 652 798 1499 1774
4 821 1486 846 1569
4 1225 1330 1581 1770
4 1466 1670 1319 1778
4 196 198 197 1823
4 1319 1256 1633 1704
4 267 1546 896 1618
4 135 113 1612 1667
4 1037 1479 1036 1890
4 1279 1548 1443 1791
4 1340 1487 1347 1795
4 1335 1582 1267 1691
4 120 1696 1340 1795
4 463 1507 1434 1910
4 1201 1472 1359 1536
4 1372 1382 1263 1828
4 1204 1358 1511 1643
4 1507 1508 1332 1741
4 1315 1219 1464 1874
4 595 1570 597 1623
4 1320 1576 885 1621
4 1026 1027 1476 1638
4 109 1051 1599 1949
4 1146 1415 929 1726
4 1216 1461 1320 1542
4 233 236 866 1388
4 942 1826 1535 1843
4 429 1384 419 1801
4 915 445 1542 1797
4 1267 1715 1582 1717
4 1301 1448 1365 1626
4 1314 1478 1210 1520
4 1250 1417 1298 1830
4 1202 1396 1488 1709
4 265 266 1593 1957
4 1216 1325 1432 1483
4 290 1606 1305 1866
4 1424 1463 1302 1907
4 1268 1412 1309 1622
4 1297 1663 1438 1773
4 917 783 457 1459
4 1356 1593 266 1957
4 344 1422 1394 1719
4 1216 1542 1320 1689
4 240 1309 1735 1959
4 463 383 1434 1507
4 1220 1672 1456 1725
4 597 1057 1060 1326
4 1311 1548 113 1841
4 113 1667 59 1971
4 912 1732 1361 1969
4 1366 1512 1252 1940
4 1000 1451 1391 1803
4 674 652 798 1499
4 1234 1438 1663 1773
4 1639 1757 641 1917
4 1332 1508 1285 1741
4 1278 1586 1418 1705
4 1235 1294 1512 1551
4 403 997 1000 1803
4 796 765 1753 1860
4 833 1697 1353 1784
4 1317 1217 1549 1946
4 1004 787 466 1525
4 1002 1503 395 1525
4 418 1505 1834 1900
4 1206 1607 1495 1704
4 1331 1478 1210 1526
4 1213 1463 1424 1907
4 657 846 671 1486
4 1230 1583 1311 1971
4 792 1650 1333 1759
4 1002 395 466 1525
4 1568 1606 326 1775
4 346 1338 313 1706
4 840 363 314 1954
4 1168 1190 1331 1714
4 792 382 1650 1759
4 1317 1510 526 1936
4 933 1461 940 1687
4 151 152 150 1605
4 1235 1323 1459 1923
4 1433 1805 922 1894
4 1223 1710 1393 1966
4 1315 1554 488 1692
4 1409 1823 1614 1829
4 1668 1734 1283 1861
4 622 423 472 1442
4 1226 1673 1401 1679
4 879 739 202 1777
4 1437 1640 1403 1815
4 1352 1210 1526 1750
4 235 236 233 1707
4 447 1529 1391 1565
4 1381 1470 1210 1750
4 1640 1815 1437 1837
4 1236 1743 1445 1866
4 1268 1380 1376 1622
4 1256 1498 1361 1505
4 774 836 775 1625
4 718 1455 716 1567
4 1278 1335 1498 1505
4 1468 1645 1238 1665
4 131 60 1664 1667
4 482 1522 1330 1929
4 111 27 1403 1638
4 412 1719 1394 1883
4 957 1537 161 1886
4 1212 1614 1338 1829
4 1305 1262 1539 1606
4 496 1510 1357 1936
4 933 204 1386 1687
4 1271 1437 1384 1893
4 1235 1369 1432 1473
4 1303 1401 1673 1872
4 1287 1532 1595 1641
4 773 258 1402 1518
4 1216 1320 1509 1689
4 1334 1463 1059 1651
4 1246 1317 1558 1936
4 1039 1499 1469 1814
4 1045 609 1425 1960
4 1329 1753 1378 1860
4 1164 1314 1163 1964
4 991 1561 1306 1845
4 1305 1568 1484 1828
4 1289 1815 1640 1837
4 447 1391 1001 1565
4 622 1442 472 1811
4 340 1058 342 1872
4 1241 1574 1450 1745
4 1234 1663 1358 1773
4 559 1087 954 1415
4 275 273 274 1416
4 1267 1582 1335 1717
4 1293 1436 1414 1863
4 742 1562 1407 1779
4 774 775 507 1727
4 488 1315 527 1632
4 1401 1492 1303 1673
4 1208 1595 1364 1724
4 1237 1595 1532 1641
4 1388 1707 236 1866
4 530 1651 1372 1802
4 896 1618 1546 1812
4 1220 1672 1725 1879
4 733 86 36 1487
4 1263 1372 1484 1661
4 1211 1354 1475 1731
4 592 1374 593 1631
4 1384 1437 1215 1893
4 868 1320 885 1621
4 1485 1553 1296 1675
4 1451 1497 1256 1505
4 1268 1523 1380 1622
4 1298 1347 1487 1788
4 1053 1329 283 1679
4 1307 1587 1248 1635
4 1294 1616 1551 1862
4 1042 1684 1414 1725
4 1378 1753 765 1860
4 1217 1317 1510 1946
4 1490 1641 1628 1970
4 496 984 1510 1936
4 636 637 635 1899
4 1325 1733 1292 1854
4 1313 1513 1370 1898
4 1204 1511 1543 1643
4 1497 1498 1206 1633
4 1470 1669 549 1950
4 563 1608 1532 1729
4 1213 1400 1350 1435
4 580 542 547 1381
4 1321 1222 1556 1572
4 1234 1353 1655 1697
4 1310 1458 1419 1503
4 1210 1478 1331 1714
4 1233 1584 1421 1711
4 1409 1274 1823 1829
4 267 1356 1546 1618
4 916 1715 921 1717
4 1224 1553 1485 1675
4 1298 1785 975 1830
4 1240 1396 1588 1709
4 1243 1753 1378 1892
4 606 607 116 1403
4 357 1060 1057 1326
4 1315 1856 1818 1874
4 1243 1472 1581 1892
4 1233 1441 1334 1653
4 240 1622 1309 1959
4 955 1692 1464 1818
4 1540 1755 1449 1889
4 1264 1572 1479 1902
4 1570 1623 595 1698
4 1441 1661 1334 1762
4 396 397 1503 1617
4 1381 1470 580 1775
4 1409 1517 1274 1829
4 61 1090 1135 1664
4 1335 1582 1361 1834
4 418 993 460 1900
4 1338 1829 1614 1942
4 1065 848 1699 1819
4 338 1574 357 1868
4 1136 1122 1592 1680
4 711 426 1466 1803
4 1316 1385 1242 1965
4 475 1542 474 1976
4 1528 1553 1449 1566
4 1378 1753 1329 1892
4 617 594 1043 1631
4 1349 1615 1275 1718
4 1215 1318 1384 1488
4 1225 1359 1448 1516
4 637 1307 636 1752
4 283 1329 1081 1589
4 1241 1348 1475 1635
4 879 202 1351 1777
4 1212 1409 1614 1829
4 1254 1302 1545 1719
4 143 141 1471 1610
4 1233 1661 1584 1711
4 1275 1718 1467 1751
4 1252 1420 1366 1829
4 531 1028 1444 1482
4 1290 1450 1734 1926
4 1445 1743 1305 1866
4 1268 1376 1380 1908
4 1326 1574 1241 1613
4 1004 787 1525 1609
4 1240 1442 1588 1821
4 1219 1328 1516 1681
4 1330 1594 1276 1702
4 442 1576 1401 1621
4 1435 1884 1682 1980
4 894 1546 1674 1812
4 720 1786 1562 1925
4 1269 1423 1607 1694
4 1274 1559 1409 1671
4 440 1456 1395 1734
4 1265 1302 1424 1744
4 1220 1456 1414 1725
4 482 1330 1579 1929
4 1503 1525 1224 1678
4 1400 1202 1550 1961
4 891 1365 309 1601
4 307 773 258 1402
4 1463 1597 1302 1907
4 1295 1525 1503 1678
4 1001 1391 1000 1565
4 1515 1673 1329 1679
4 1034 639 636 1587
4 894 896 1546 1812
4 267 1546 1356 1957
4 357 1326 1057 1570
4 1247 1547 1443 1713
4 1435 1517 1350 1563
4 1224 1296 1553 1675
4 1288 1415 1398 1680
4 1235 1459 1657 1923
4 1263 1382 1372 1802
4 542 547 1381 1750
4 1059 1463 1334 1722
4 538 541 540 1750
4 1329 1378 1244 1860
4 275 1416 274 1601
4 1290 1734 1456 1926
4 1472 1201 1581 1892
4 1043 1570 1346 1868
4 114 1004 754 1529
4 475 1461 1542 1976
4 1403 1476 1239 1573
4 1268 1641 1523 1970
4 1204 1501 1449 1543
4 497 1357 519 1810
4 58 1440 699 1548
4 138 431 582 1370
4 1204 1449 1540 1755
4 1366 457 1657 1838
4 628 409 716 1455
4 260 1477 1518 1835
4 1127 1645 1128 1656
4 674 798 1039 1469
4 1288 1578 1592 1723
4 1314 1544 1289 1964
4 1308 1444 1280 1506
4 527 488 985 1315
4 1387 1466 964 1716
4 821 846 670 1569
4 149 1360 218 1732
4 388 1519 387 1530
4 1443 1547 1279 1713
4 1222 1524 1390 1572
4 1646 1749 1693 1839
4 1211 1475 1635 1731
4 846 1569 1486 1844
4 609 1045 1425 1815
4 1216 1509 1492 1689
4 1230 1374 1583 1971
4 285 283 284 1500
4 352 1384 365 1567
4 1374 1631 1698 1958
4 1220 1725 1414 1879
4 1127 1436 1645 1656
4 665 667 668 1534
4 1357 1546 519 1810
4 37 36 1487 1795
4 733 117 722 1786
4 1271 1573 1403 1893
4 1249 1416 1575 1755
4 1221 1349 1467 1718
4 1218 1499 1469 1774
4 1316 1378 1243 1880
4 1072 1039 1469 1814
4 1664 1667 60 1865
4 1414 1684 1238 1879
4 138 1370 582 1841
4 809 1477 1558 1810
4 482 1330 522 1579
4 856 1373 683 1642
4 159 1654 957 1975
4 864 306 1532 1765
4 1239 1345 1520 1637
4 143 142 141 1610
4 1433 1707 926 1758
4 1353 1438 1261 1486
4 1535 1843 1826 1927
4 352 409 628 1839
4 1323 1428 1235 1473
4 412 1394 411 1883
4 809 1477 1810 1957
4 1221 1467 1349 1751
4 1289 1403 1640 1815
4 1203 1458 1678 1988
4 1389 1603 686 1717
4 1228 1428 1323 1473
4 442 885 1576 1621
4 1271 1421 1384 1801
4 1009 1019 717 1620
4 1218 1469 1339 1774
4 1333 1434 1427 1806
4 1404 1577 681 1878
4 285 1053 283 1679
4 89 1900 1705 1972
4 1233 1661 1711 1737
4 33 720 34 1481
4 1120 1491 1109 1600
4 720 1481 33 1562
4 956 1342 173 1695
4 1210 1478 1314 1506
4 1337 1571 556 1735
4 541 538 1526 1750
4 1479 1757 1264 1902
4 45 1760 46 1852
4 1542 1797 474 1976
4 1279 1623 1440 1791
4 1210 1308 1478 1506
4 1072 1039 269 1469
4 598 593 1468 1631
4 1432 1733 1325 1854
4 864 1532 563 1608
4 882 151 149 1732
4 1216 1320 1461 1509
4 1230 1613 1570 1930
4 1305 1701 290 1866
4 784 1585 39 1739
4 1236 1388 1743 1866
4 1290 1672 1570 1868
4 1280 1444 1308 1482
4 522 1579 1330 1941
4 1231 1371 1543 1755
4 1558 1676 1270 1835
4 411 344 343 1394
4 1223 1591 1497 1817
4 1263 1661 1441 1762
4 985 1315 488 1692
4 1434 1759 1234 1806
4 1265 1563 1545 1590
4 985 1692 955 1818
4 1202 1588 1539 1624
4 473 885 868 1320
4 1058 1055 1515 1577
4 640 642 641 1757
4 1340 1373 1244 1649
4 720 1481 1562 1786
4 1028 1887 1308 1922
4 1325 1274 1559 1733
4 1213 1484 1372 1661
4 720 34 1481 1786
4 1168 1331 1182 1858
4 1229 1498 1607 1691
4 454 470 1444 1521
4 1298 1235 1453 1832
4 1260 1310 1528 1909
4 1239 1403 1573 1893
4 1276 1516 1408 1748
4 1455 1521 468 1979
4 1221 1368 1454 1906
4 1303 1492 1232 1604
4 824 1332 1561 1585
4 1360 1267 1602 1715
4 661 660 1355 1569
4 1379 1494 1493 1591
4 557 1398 560 1729
4 524 523 978 1408
4 772 774 505 1402
4 1009 1324 1095 1804
4 1250 1298 1487 1830
4 824 1332 576 1561
4 1710 1917 1344 1972
4 512 1744 762 1870
4 1072 269 266 1356
4 171 1342 956 1820
4 181 1702 1541 1818
4 1383 1774 1721 1827
4 50 1917 1710 1972
4 1084 1597 1647 1782
4 1224 1528 1310 1840
4 1250 1373 1340 1649
4 1083 1597 1031 1722
4 1207 1427 1358 1448
4 1471 1610 141 1798
4 1449 1553 1540 1566
4 1189 1324 1162 1763
4 853 1395 852 1668
4 496 1431 494 1674
4 1282 1381 1352 1805
4 1251 1559 1517 1733
4 1493 1494 1255 1591
4 1216 1325 1483 1542
4 433 1026 1382 1637
4 149 148 1360 1605
4 650 1552 1339 1761
4 1305 1484 1213 1743
4 1570 1672 1346 1868
4 912 1361 708 1969
4 1229 1607 1446 1908
4 828 829 1383 1781
4 1517 1733 1274 1940
4 1206 1572 1467 1807
4 1349 1454 525 1615
4 1311 1724 1370 1847
4 1387 1221 1537 1778
4 792 1333 793 1759
4 774 505 1402 1615
4 828 1781 1383 1852
4 763 870 1621 1921
4 51 1917 50 1972
4 1270 1835 1676 1953
4 57 707 56 1791
4 1339 1666 1447 1836
4 821 1784 1297 1934
4 1526 1766 1092 1858
4 526 1676 1317 1936
4 170 217 172 1820
4 426 1783 1466 1803
4 582 1370 431 1898
4 1507 1508 812 1650
4 272 274 273 1371
4 1163 1648 1314 1763
4 1178 1177 1714 1771
4 340 1058 1303 1878
4 430 1414 1042 1684
4 1221 1633 1467 1751
4 1349 1467 1718 1751
4 1348 1699 1326 1819
4 706 596 1440 1698
4 1411 1520 1281 1776
4 1216 1542 1483 1947
4 1207 1359 1448 1626
4 1614 1829 1420 1942
4 1246 1810 1357 1936
4 1162 1324 1189 1648
4 870 1399 1621 1921
4 1242 1359 1536 1630
4 1058 1577 1303 1878
4 1081 1589 1329 1753
4 1315 1448 1231 1643
4 1319 1537 1221 1778
4 1202 1584 1550 1709
4 1532 1765 306 1977
4 1306 1561 1385 1845
4 1268 1354 1523 1602
4 1349 1537 1319 1654
4 885 871 1576 1797
4 1175 1156 1324 1620
4 1345 1538 1289 1544
4 745 1011 1407 1560
4 1224 1458 1678 1840
4 1229 1446 1857 1908
4 1303 1673 1515 1872
4 686 1389 629 1603
4 1335 1505 1278 1900
4 447 1001 1529 1565
4 1209 1369 1473 1492
4 454 1521 1444 1767
4 1344 1451 1223 1972
4 1371 1416 1231 1601
4 1372 1213 1463 1825
4 1711 1737 1350 1915
4 1310 1439 1224 1503
4 1042 1346 1684 1725
4 1340 1696 1487 1795
4 586 1538 1345 1962
4 457 363 840 1838
4 173 956 171 1342
4 1470 1754 1411 1775
4 229 926 1707 1758
4 885 1320 473 1797
4 457 1366 363 1838
4 1296 1519 1304 1655
4 1341 1843 1535 1927
4 1339 1258 1666 1836
4 1388 1701 1305 1866
4 1430 1789 348 1873
4 1075 1300 1814 1928
4 1299 1533 1477 1708
4 1054 795 796 1515
4 1200 1475 1354 1731
4 1350 1400 1213 1661
4 1200 1475 1731 1745
4 1483 1542 1325 1947
4 1183 1029 103 1331
4 596 1623 1440 1698
4 122 1760 1486 1784
4 892 1401 442 1576
4 1410 1495 1214 1607
4 711 1803 1670 1919
4 681 1577 682 1850
4 1464 1818 1315 1856
4 208 1676 966 1886
4 515 1032 470 1444
4 1321 1629 1037 1871
4 1399 1461 1320 1509
4 1325 1559 1274 1671
4 575 1532 1412 1729
4 236 1707 235 1866
4 1246 1558 1810 1936
4 1216 1492 1369 1689
4 1002 393 1503 1675
4 630 1389 686 1717
4 1498 1505 1335 1834
4 592 593 594 1631
4 950 972 526 1676
4 1200 1354 1523 1731
4 1265 1424 1302 1987
4 1384 1437 1271 1801
4 1345 1281 1520 1776
4 1426 348 1789 1873
4 852 1668 1395 1735
4 1322 1214 1410 1495
4 1365 1554 1231 1601
4 1200 1731 1523 1745
4 208 1368 165 1658
4 933 1386 191 1947
4 948 1412 1571 1729
4 1382 1476 1263 1573
4 1239 1476 1382 1573
4 1302 1719 414 1883
4 1450 1745 1283 1896
4 1367 1528 1449 1566
4 1225 1392 1365 1626
4 1054 1515 1053 1679
4 1474 1583 1364 1672
4 1756 1822 1535 1876
4 1206 1406 1495 1607
4 1390 1524 1264 1572
4 1308 1280 1482 1660
4 208 165 972 1658
4 1282 1740 1381 1805
4 1322 1807 1275 1871
4 968 181 1541 1818
4 677 1462 831 1730
4 687 541 538 1526
4 1347 1487 36 1795
4 1294 1453 1347 1551
4 1442 1284 1588 1821
4 1370 1612 582 1841
4 538 1526 1352 1887
4 870 1621 1399 1976
4 1210 1381 1352 1842
4 1362 1464 1219 1496
4 772 1402 505 1953
4 1538 1544 1345 1962
4 1379 1493 1223 1591
4 1223 1451 1344 1497
4 855 1622 211 1813
4 1430 1598 1292 1873
4 856 683 672 1642
4 677 831 844 1730
4 1322 1410 1214 1939
4 336 357 338 1574
4 1084 1597 1481 1647
4 1292 1598 1542 1797
4 1202 1488 1584 1709
4 524 793 792 1333
4 1210 1624 1381 1842
4 993 1603 1335 1717
4 733 1347 1786 1788
4 1375 1636 1300 1867
4 745 1560 1407 1877
4 1230 1311 1440 1971
4 1517 1559 1251 1980
4 1308 1506 1280 1660
4 1267 1354 1691 1857
4 1375 1486 1249 1844
4 858 1446 1423 1694
4 457 917 1459 1838
4 1278 1497 1451 1505
4 1128 1645 1119 1665
4 1297 1438 1353 1784
4 1280 1660 1763 1881
4 1320 1399 1226 1621
4 804 1321 1047 1902
4 1351 1682 1433 1758
4 181 1328 1702 1818
4 1235 1512 1457 1932
4 420 1749 1421 1801
4 977 524 978 1681
4 331 326 1606 1775
4 1190 1669 1331 1714
4 649 1339 1685 1761
4 180 1328 1681 1848
4 1211 1586 1418 1948
4 1024 549 1669 1950
4 175 176 1464 1695
4 1257 1399 1579 1700
4 926 1707 1433 1894
4 527 1315 985 1818
4 1075 1814 1300 1867
4 1402 1615 505 1953
4 1299 1518 1477 1533
4 964 1466 1387 1778
4 833 43 1504 1784
4 28 1476 1403 1799
4 1213 1701 1743 1987
4 1389 1948 1717 1978
4 1260 1296 1530 1924
4 1386 1483 191 1947
4 284 1500 283 1589
4 451 993 1335 1717
4 1246 1477 1299 1593
4 823 1696 822 1747
4 873 641 1757 1917
4 1373 1534 683 1642
4 1202 1396 1588 1624
4 1272 1310 1458 1703
4 526 500 1676 1936
4 1002 1503 1525 1675
4 824 577 576 1332
4 1307 1211 1418 1746
4 662 661 660 1355
4 1202 1400 1550 1584
4 1265 1590 1545 1986
4 582 1612 1370 1898
4 690 1452 96 1623
4 1340 1373 1250 1696
4 1247 1724 1370 1841
4 1546 1690 1253 1895
4 1365 1392 1225 1916
4 775 1625 836 1727
4 1360 1605 148 1808
4 1213 1701 1305 1743
4 1458 1493 1295 1988
4 687 1526 538 1887
4 1272 1458 1419 1703
4 1218 1383 1339 1836
4 1324 1189 1648 1804
4 895 1477 260 1835
4 1379 1222 1533 1906
4 160 158 318 1654
4 1349 1615 946 1686
4 1388 1236 1707 1866
4 1206 1751 1495 1807
4 1356 1814 1218 1889
4 1338 1273 1711 1816
4 963 1632 527 1818
4 1224 1485 1397 1675
4 1081 283 1053 1329
4 420 353 1749 1801
4 918 1337 556 1735
4 204 1386 1687 1756
4 1301 1575 1448 1983
4 1234 1427 1358 1663
4 1241 1475 1326 1613
4 32 33 119 1722
4 1338 1420 1829 1942
4 1259 1481 1597 1616
4 1538 1544 1192 1964
4 1419 1458 1310 1703
4 1561 1739 1385 1845
4 1261 1540 1438 1553
4 1467 1807 1572 1955
4 963 1541 1632 1818
4 381 1333 792 1650
4 203 920 1483 1947
4 579 240 1735 1959
4 1370 1724 1208 1847
4 420 419 353 1801
4 1631 1645 601 1684
4 1433 1682 1351 1780
4 1445 1707 1236 1866
4 1234 1297 1504 1663
4 174 1362 176 1695
4 1301 1448 1626 1983
4 1247 1370 1798 1841
4 1226 1509 1363 1700
4 1368 1387 1272 1494
4 1267 1602 1354 1857
4 1239 1638 1403 1640
4 1356 1546 1253 1895
4 100 1585 1373 1696
4 1023 1092 1766 1858
4 1321 1556 1047 1902
4 820 821 670 1934
4 985 1315 1692 1818
4 1299 1533 1447 1911
4 1415 1592 1122 1680
4 1226 1492 1401 1673
4 1279 1452 1389 1978
4 801 645 1757 1902
4 170 1611 217 1820
4 987 1695 1692 1885
4 1273 1550 1584 1709
4 1390 1556 1069 1683
4 1220 1456 1395 1831
4 1382 1372 1568 1828
4 1280 1521 1444 1937
4 1053 1329 796 1753
4 1294 1512 1551 1616
4 1234 1434 1306 1910
4 260 1518 773 1835
4 113 59 58 1971
4 1220 1395 1337 1897
4 1131 1143 1139 1949
4 1394 1634 343 1870
4 1246 1558 1317 1708
4 1554 1643 1277 1692
4 853 852 851 1668
4 1232 1303 1604 1634
4 1255 1529 1391 1783
4 1300 1075 1867 1928
4 1304 1219 1511 1806
4 648 1552 650 1761
4 678 1577 1642 1860
4 126 1141 1413 1809
4 1257 1822 1756 1876
4 948 575 1412 1729
4 1284 1460 1433 1588
4 1231 1371 1601 1712
4 1331 1526 1210 1750
4 1348 358 1587 1699
4 1517 1829 1409 1980
4 1717 1948 1335 1978
4 1285 1555 1536 1984
4 1289 1544 1538 1964
4 380 812 1508 1650
4 1424 1701 1388 1944
4 857 669 653 1383
4 1212 1409 1829 1980
4 1173 1308 1766 1922
4 1531 1800 1322 1956
4 1255 1617 1529 1783
4 1214 1322 1531 1800
4 1333 1759 1434 1806
4 180 1702 1328 1848
4 1257 1579 1330 1700
4 96 1452 55 1791
4 1212 1829 1517 1980
4 753 49 1336 1710
4 1223 1451 1391 1565
4 1234 1353 1438 1655
4 1244 1329 1515 1673
4 1570 1613 1326 1930
4 1515 1577 1055 1860
4 1270 1454 1368 1906
4 1438 1540 1249 1755
4 1273 1693 1646 1749
4 1272 1703 1429 1840
4 1244 1557 1329 1673
4 1178 1714 1677 1771
4 1232 1394 1422 1545
4 897 893 580 1740
4 1255 1494 1387 1591
4 636 1746 1307 1899
4 470 453 515 1521
4 1304 1519 1296 1530
4 946 1615 506 1686
4 1255 1391 1591 1783
4 1424 1463 1213 1825
4 1034 1348 358 1587
4 1221 1387 1368 1494
4 352 365 409 1567
4 1269 1495 1410 1607
4 1222 1718 1533 1906
4 1335 1278 1603 1900
4 1273 1693 1338 1711
4 1260 1439 1310 1833
4 1585 1696 823 1747
4 763 1621 1500 1921
4 1447 1708 1246 1963
4 893 1381 580 1740
4 1081 1329 1053 1753
4 810 1372 328 1568
4 1244 1373 1340 1850
4 599 1631 601 1684
4 1240 1444 1688 1842
4 598 1631 1468 1645
4 218 1582 1360 1715
4 1226 1329 1557 1673
4 573 864 565 1608
4 861 1769 1734 1861
4 966 1676 1454 1886
4 1277 1431 1405 1885
4 1222 1572 1321 1955
4 805 1390 1069 1683
4 1456 1490 1395 1734
4 1402 1615 1275 1625
4 1297 1659 1569 1934
4 1195 1482 1660 1922
4 1206 1704 1495 1751
4 1126 1413 1141 1809
4 1183 1182 1190 1331
4 856 1373 1642 1850
4 131 589 60 1667
4 1288 1680 1608 1985
4 331 326 302 1606
4 948 1571 1412 1959
4 294 1749 325 1839
4 1434 1519 1234 1759
4 538 540 539 1805
4 1354 1607 1406 1691
4 1208 1313 1723 1888
4 255 1047 1321 1556
4 1110 1313 1600 1949
4 1216 1432 1369 1473
4 1238 1474 1327 1656
4 1201 1536 1555 1768
4 1215 1455 1318 1736
4 679 678 1577 1642
4 1273 1584 1488 1709
4 1705 1900 1451 1972
4 229 926 749 1707
4 885 473 871 1797
4 1373 1244 1649 1982
4 717 715 1455 1620
4 1321 1275 1807 1871
4 206 1464 955 1692
4 1541 1702 1328 1818
4 518 1522 1855 1916
4 149 1360 148 1808
4 1225 1448 1359 1626
4 1383 1685 1339 1836
4 733 86 1487 1788
4 1239 1637 1476 1638
4 1373 1242 1585 1739
4 1042 1414 430 1725
4 1000 1001 447 1391
4 139 1798 140 1841
4 883 700 1443 1548
4 272 274 1371 1712
4 1221 1387 1494 1591
4 1394 1744 1426 1870
4 341 322 1634 1872
4 57 700 699 1548
4 559 954 1096 1398
4 1378 1534 1472 1642
4 1403 1640 1437 1893
4 1266 1390 1524 1730
4 732 915 919 1542
4 522 482 951 1330
4 1337 1580 1571 1990
4 356 1426 348 1789
4 1535 1756 1341 1822
4 1433 1758 1682 1961
4 216 1614 1377 1627
4 1453 1551 1298 1788
4 1330 1579 1286 1700
4 1065 1699 1348 1819
4 1109 1491 1110 1600
4 1255 1387 1466 1591
4 1113 1327 1114 1600
4 1234 1759 1519 1806
4 1439 1503 393 1675
4 1284 1709 1377 1811
4 478 1399 479 1579
4 216 1377 616 1627
4 1273 1318 1488 1839
4 1401 1679 1515 1872
4 595 1057 597 1570
4 1213 1334 1463 1907
4 1274 1671 1409 1823
4 1249 1540 1375 1755
4 742 744 743 1779
4 208 1368 1676 1886
4 1109 1120 1135 1491
4 1450 1769 1343 1896
4 1253 1300 1618 1889
4 1233 1441 1421 1584
4 1500 1589 284 1855
4 1384 1749 353 1801
4 394 393 1439 1503
4 1610 1765 1595 1967
4 1495 1751 1275 1807
4 114 753 49 1336
4 1025 1776 1677 1962
4 382 1434 1650 1759
4 1274 1459 1432 1671
4 1479 1572 1321 1902
4 1333 1496 1219 1681
4 776 1671 194 1945
4 1274 1432 1325 1671
4 762 1744 1394 1870
4 117 722 1786 1925
4 1271 1403 1437 1893
4 776 1459 1671 1945
4 1266 1524 1393 1730
4 1115 1592 1116 1596
4 31 1653 1334 1762
4 776 1823 1671 1838
4 1233 1737 1711 1915
4 857 653 655 1721
4 1234 1519 1434 1697
4 700 1443 1548 1791
4 1366 1657 1459 1838
4 1316 1242 1534 1965
4 1271 1403 1799 1801
4 841 1644 1514 1853
4 153 1446 858 1694
4 1287 1602 1471 1808
4 465 1519 388 1938
4 643 873 641 1757
4 753 1336 1565 1710
4 1307 1248 1587 1742
4 832 831 756 1710
4 1287 1412 1532 1641
4 1386 1509 1461 1687
4 1189 1175 1324 1763
4 1603 1717 1389 1948
4 730 1340 120 1696
4 1258 1685 1383 1836
4 1315 527 1632 1818
4 1116 1115 1113 1592
4 1339 1383 1218 1774
4 679 1642 1577 1850
4 1396 1640 1520 1754
4 870 868 1621 1976
4 1219 1448 1516 1874
4 100 1373 730 1696
4 518 1855 1522 1929
4 1254 1545 1422 1719
4 1271 1437 1403 1801
4 653 1383 669 1774
4 1422 1872 1303 1878
4 372 1785 370 1826
4 926 749 1707 1894
4 671 1375 1486 1721
4 1265 1302 1563 1987
4 102 1710 1462 1968
4 1326 1475 1279 1930
4 1119 1645 1468 1665
4 1219 1304 1496 1806
4 894 1546 519 1674
4 1290 1346 1672 1868
4 550 1480 448 1809
4 1219 1496 1333 1806
4 1267 1471 1443 1967
4 1400 1539 1202 1961
4 1414 1684 1346 1725
4 1168 1714 1331 1858
4 983 1611 1662 1849
4 824 1561 101 1585
4 409 716 1455 1567
4 1283 1668 1395 1734
4 967 1387 964 1716
4 1393 1524 1390 1730
4 1204 1438 1540 1553
4 1370 1610 1247 1798
4 1283 1395 1490 1734
4 1326 1241 1574 1699
4 1399 1579 478 1687
4 1333 1496 1304 1806
4 1242 1561 1306 1933
4 1110 1600 1491 1949
4 255 1321 1037 1871
4 1314 1506 1478 1660
4 1225 1330 1770 1943
4 760 976 930 1662
4 1682 1758 1236 1961
4 722 1453 1788 1925
4 1275 1495 1410 1686
4 1164 1544 1314 1964
4 1324 1648 1162 1763
4 1268 1354 1602 1857
4 503 502 501 1953
4 1369 1473 1235 1551
4 1257 1756 1386 1876
4 1215 1736 1396 1859
4 865 649 1685 1761
4 1349 1454 1221 1886
4 1257 1509 1386 1687
4 1203 1666 1678 1836
4 424 468 1521 1979
4 579 1735 1571 1959
4 1302 1424 1907 1987
4 1472 1534 1373 1642
4 1152 1023 1766 1858
4 730 1373 100 1850
4 1224 1397 1525 1675
4 613 1370 140 1610
4 507 1686 1615 1727
4 1458 1494 1203 1549
4 1268 1412 1622 1931
4 1159 1648 1425 1964
4 864 698 306 1765
4 1250 1373 1649 1768
4 1273 1488 1384 1839
4 1229 1423 1607 1704
4 1583 1672 1474 1958
4 1426 1789 1430 1873
4 748 757 758 1833
4 1451 1565 1223 1972
4 381 524 792 1333
4 1306 1227 1630 1933
4 520 1554 891 1712
4 1272 1387 1368 1793
4 1227 1516 1359 1748
4 1204 1449 1501 1528
4 630 629 686 1389
4 1361 1498 1335 1834
4 1262 1606 1381 1740
4 1258 1339 1685 1836
4 1213 1661 1334 1907
4 895 260 773 1835
4 1620 1763 1186 1881
4 709 912 708 1969
4 1389 629 1603 1951
4 1414 1480 1220 1738
4 947 522 951 1330
4 690 1452 1623 1819
4 711 402 426 1803
4 1377 1709 1442 1811
4 102 756 1462 1710
4 1284 1442 1588 1709
4 1218 1814 1499 1889
4 1416 1636 1371 1755
4 255 1047 1037 1321
4 1408 1516 1328 1681
4 1310 1703 1272 1840
4 1550 1584 1400 1711
4 1460 1805 1282 1842
4 1447 1469 1299 1552
4 1265 1545 1394 1986
4 100 38 1585 1696
4 1366 1420 1252 1954
4 1242 1306 1630 1933
4 553 556 1337 1580
4 623 432 1411 1950
4 1085 681 1577 1878
4 172 1342 1820 1849
4 1423 1269 1607 1704
4 389 388 387 1530
4 1293 1480 1414 1738
4 1373 1649 1768 1982
4 654 656 655 1867
4 688 638 1746 1819
4 141 886 1471 1798
4 1306 1507 1227 1933
4 1220 1337 1395 1628
4 475 474 1542 1797
4 1381 1606 1262 1775
4 219 776 194 1945
4 1240 1588 1442 1709
4 703 1083 119 1481
4 622 1377 1646 1811
4 1173 1478 1174 1858
4 1424 1213 1907 1987
4 1333 1408 1227 1650
4 1200 1595 1364 1641
4 661 1569 1355 1659
4 219 1459 776 1945
4 1009 717 1095 1324
4 1213 1424 1701 1987
4 1562 1779 1457 1792
4 833 43 91 1504
4 730 1696 1373 1850
4 1352 1805 1460 1842
4 218 884 1582 1715
4 1318 1442 1240 1521
4 370 1785 1428 1826
4 1441 1476 1263 1762
4 1272 1494 1458 1549
4 645 644 1757 1991
4 202 1351 1627 1780
4 1396 1736 1506 1859
4 916 921 451 1717
4 1240 1506 1444 1842
4 1217 1449 1367 1528
4 548 1331 1029 1669
4 1351 1758 1433 1780
4 1257 1330 1619 1700
4 1227 1507 1434 1650
4 437 860 440 1897
4 620 811 621 1769
4 327 355 1568 1851
4 1402 773 1518 1835
4 1322 1214 1531 1939
4 1358 1427 1234 1806
4 858 1423 156 1694
4 1276 1702 1594 1794
4 681 729 728 1404
4 1315 1464 1219 1643
4 637 1307 1639 1899
4 1353 1486 1261 1760
4 1328 1856 1219 1874
4 1287 1471 1602 1967
4 1259 1722 1562 1904
4 1047 804 1037 1321
4 1339 1218 1447 1469
4 1217 1367 1449 1690
4 1422 1604 1303 1634
4 1200 1490 1364 1613
4 1256 1497 1591 1633
4 623 1411 1775 1950
4 1329 1244 1515 1860
4 894 896 519 1546
4 1574 1868 337 1926
4 643 873 1757 1917
4 1272 1458 1310 1840
4 926 300 922 1433
4 1310 1429 1703 1840
4 606 1437 943 1801
4 1275 1495 1686 1751
4 1331 1470 1281 1669
4 1290 1326 1574 1868
4 1228 1535 1826 1927
4 193 203 920 1483
4 1268 1622 1376 1813
4 1220 1337 1480 1897
4 1398 1729 1580 1990
4 817 85 46 1397
4 597 1326 1060 1819
4 662 661 1355 1912
4 172 1695 1342 1849
4 1043 1346 350 1868
4 774 1402 307 1625
4 198 200 1409 1614
4 1324 1567 718 1960
4 57 699 1440 1548
4 1360 1582 1267 1715
4 1235 1428 1323 1923
4 1730 1757 644 1991
4 419 1384 353 1801
4 1486 1569 1249 1844
4 687 538 536 1887
4 1414 1293 1738 1879
4 1219 1358 1448 1643
4 454 453 470 1521
4 1045 1010 609 1960
4 1316 1534 1378 1880
4 1293 1480 1413 1809
4 1445 1236 1894 1961
4 512 514 1744 1789
4 677 1462 1730 1761
4 1221 1454 1349 1718
4 811 1343 621 1769
4 1312 1532 1237 1595
4 688 1746 1452 1819
4 243 1380 244 1861
4 947 522 1330 1941
4 463 464 383 1507
4 1294 1347 1786 1862
4 661 1659 1355 1912
4 1484 1568 1372 1828
4 1202 1588 1550 1961
4 102 49 1710 1968
4 197 1409 739 1559
4 1422 1545 1394 1719
4 1380 1531 244 1861
4 326 1568 302 1606
4 141 886 143 1471
4 157 1772 1694 1975
4 868 1320 1621 1976
4 959 1560 346 1706
4 1352 1282 1805 1842
4 630 701 97 1791
4 1372 1263 1484 1828
4 1353 1697 1504 1784
4 1230 1698 1570 1958
4 1562 1786 1294 1925
4 1044 1570 1043 1868
4 971 1408 816 1527
4 1359 1748 1516 1770
4 49 114 1336 1968
4 1280 1506 1444 1736
4 614 613 1513 1898
4 751 762 1394 1870
4 51 755 50 1917
4 31 1334 95 1762
4 788 891 309 1601
4 1239 1382 1411 1754
4 680 1577 678 1860
4 202 1627 220 1780
4 1159 1160 1425 1648
4 1141 1134 126 1413
4 1372 1651 530 1825
4 1037 804 1036 1479
4 393 391 1439 1675
4 1410 1686 1495 1751
4 1218 1449 1540 1566
4 926 1433 922 1894
4 1290 1570 1326 1868
4 1283 1769 1450 1896
4 484 1541 1522 1632
4 703 119 33 1481
4 1345 1776 1025 1962
4 1214 1406 1354 1607
4 831 1462 756 1710
4 1258 1383 1397 1566
4 1258 1566 1397 1678
4 191 1483 1386 1989
4 1227 1408 1516 1748
4 1456 1672 1290 1725
4 1414 407 1725 1831
4 1292 1325 1598 1733
4 1211 1389 1948 1951
4 135 1667 1612 1865
4 1113 1111 1112 1600
4 1427 1434 1234 1806
4 444 349 1797 1873
4 638 1348 1034 1746
4 1235 1459 1366 1657
4 692 621 1489 1891
4 695 1705 89 1900
4 1245 1474 1578 1738
4 1204 1528 1501 1924
4 1292 1598 1590 1733
4 490 1554 491 1885
4 751 1394 343 1870
4 1203 1678 1367 1836
4 1211 1691 1406 1948
4 597 1623 1326 1819
4 1230 1346 1570 1672
4 833 1504 91 1697
4 1456 1725 407 1831
4 1313 1208 1723 1847
4 1358 1543 1231 1643
4 1219 1496 1464 1856
4 751 411 343 1394
4 1349 1221 1537 1886
4 897 580 331 1775
4 216 200 1614 1627
4 615 533 1460 1767
4 829 1685 1383 1781
4 715 1455 1620 1937
4 1268 1523 1354 1908
4 1280 1444 1521 1736
4 602 1645 1436 1684
4 1323 1428 1228 1826
4 1361 1704 1670 1969
4 1311 1583 1374 1971
4 595 1623 596 1698
4 1146 98 1104 1726
4 576 464 516 1507
4 975 1453 422 1832
4 1056 1612 582 1898
4 1293 1413 1480 1738
4 1368 1387 1221 1952
4 1273 1749 1646 1839
4 204 1756 1687 1941
4 1211 1406 1586 1948
4 933 204 189 1386
4 156 1423 1654 1694
4 572 1526 1331 1750
4 1058 1055 342 1515
4 1284 1588 1433 1961
4 1669 1714 1177 1771
4 1373 1472 1242 1534
4 206 1692 987 1695
4 1250 1340 1487 1649
4 1495 1607 1269 1704
4 1286 1392 1522 1581
4 1343 1629 1489 1800
4 851 1668 852 1735
4 1826 1843 1502 1927
4 1319 1670 1704 1969
4 1389 1443 1279 1978
4 654 1499 653 1774
4 1246 1593 1447 1895
4 1235 1366 1512 1932
4 196 1671 776 1823
4 157 1694 1654 1975
4 1421 1749 1384 1801
4 1301 1231 1575 1601
4 1449 1528 1204 1553
4 836 1727 1625 1871
4 1215 1455 1324 1567
4 1304 1530 1260 1662
4 1392 1855 1522 1916
4 214 964 1387 1778
4 1612 1667 1311 1847
4 959 510 346 1560
4 637 1639 1307 1752
4 244 1531 1380 1790
4 532 531 1028 1444
4 1302 1254 1597 1719
4 267 896 270 1618
4 1555 1768 1536 1984
4 1214 1380 1376 1908
4 1375 1540 1300 1755
4 630 97 1389 1791
4 1373 1534 1242 1739
4 1339 1469 1447 1552
4 288 692 621 1489
4 420 1801 1421 1903
4 1220 1490 1456 1672
4 195 203 193 1671
4 1292 1576 1689 1986
4 1081 1053 796 1753
4 837 1727 836 1871
4 286 1514 1644 1753
4 1443 1713 1279 1978
4 378 1508 1741 1981
4 255 1625 1321 1871
4 606 943 607 1801
4 111 1476 1027 1638
4 1285 1536 1332 1984
4 1311 1583 1230 1724
4 876 1772 877 1790
4 947 1330 1594 1941
4 1471 1798 886 1875
4 645 1757 1390 1991
4 1682 1780 1433 1961
4 696 695 89 1900
4 220 1780 1627 1811
4 1267 1443 1713 1967
4 1495 1704 1269 1751
4 1328 1818 1856 1874
4 1373 1472 1244 1982
4 1456 1490 1290 1672
4 1360 1582 218 1732
4 985 206 955 1692
4 1361 1505 1498 1834
4 1251 1517 1435 1590
4 340 1303 1872 1878
4 1212 1400 1350 1711
4 1110 1491 1109 1949
4 1279 1326 1623 1819
4 656 1375 655 1867
4 631 95 31 1334
4 1159 1425 1652 1964
4 965 1605 1412 1977
4 212 1341 1535 1756
4 383 1434 1507 1650
4 1224 1525 1397 1678
4 503 501 1835 1953
4 1591 1633 1497 1817
4 1225 1522 1392 1581
4 721 1786 720 1925
4 965 1412 578 1977
4 1230 1698 1374 1971
4 1316 1243 1514 1880
4 1263 1382 1573 1828
4 402 1783 426 1803
4 269 1469 1048 1593
4 1333 1427 1219 1806
4 244 243 242 1380
4 1358 1438 1204 1655
4 1222 1321 1556 1955
4 609 1010 1437 1960
4 1677 1776 1345 1962
4 1206 1406 1742 1807
4 1012 740 1441 1877
4 1234 1306 1663 1910
4 1276 1594 1330 1619
4 612 593 590 1374
4 930 1662 1362 1849
4 777 1376 855 1813
4 1527 1748 1285 1927
4 1358 1427 1207 1663
4 1282 1445 1894 1961
4 1380 1283 1668 1970
4 1268 1446 1376 1908
4 1282 1588 1460 1842
4 891 487 768 1365
4 1209 1473 1369 1551
4 1237 1532 1412 1641
4 1462 1685 1339 1761
4 822 1487 735 1830
4 206 1464 1692 1695
4 1232 1545 1422 1604
4 172 174 1695 1849
4 1363 1509 1473 1876
4 877 1772 1410 1790
4 697 1565 1451 1972
4 181 179 180 1328
4 660 1355 1569 1764
4 837 1322 251 1956
4 1289 1638 1403 1913
4 1433 1894 1236 1961
4 1200 1547 1364 1595
4 1059 1334 1651 1762
4 1520 1544 1314 1714
4 933 940 1461 1947
4 1410 1269 1686 1751
4 1256 1783 1391 1803
4 41 1739 1561 1845
4 1274 1420 1366 1838
4 1336 1710 49 1968
4 1421 1584 1441 1903
4 114 1609 1336 1968
4 680 679 678 1577
4 189 1386 204 1756
4 140 613 431 1370
4 1292 1689 1576 1797
4 1448 1575 1207 1983
4 1614 1823 1420 1829
4 1243 1644 1626 1983
4 1341 1527 1276 1794
4 740 1653 1441 1877
4 1337 1245 1738 1787
4 992 1603 993 1717
4 491 1405 1554 1712
4 488 1554 490 1692
4 1422 1634 1303 1872
4 575 578 965 1412
4 102 756 831 1462
4 186 1341 212 1756
4 1215 1324 1455 1859
4 407 430 1414 1725
4 1224 1528 1367 1566
4 1433 1236 1758 1961
4 1301 1626 1644 1983
4 1234 1663 1504 1910
4 856 730 100 1850
4 1442 1377 1646 1709
4 172 173 1342 1695
4 523 816 971 1408
4 999 1675 818 1938
4 247 1769 1531 1956
4 1341 1594 186 1794
4 1376 1446 1268 1813
4 975 989 422 1453
4 906 446 1825 1883
4 1463 1651 1372 1825
4 586 132 1538 1962
4 855 1376 876 1790
4 1244 1472 1373 1642
4 665 1912 1316 1965
4 128 1066 1101 1468
4 1361 1423 1229 1704
4 153 858 156 1694
4 1447 1593 1469 1895
4 1312 1595 1610 1765
4 88 1344 52 1705
4 724 1617 1716 1783
4 243 241 1380 1668
4 239 1606 290 1866
4 1322 1495 1275 1807
4 1268 1602 1605 1857
4 58 57 699 1440
4 1309 1571 1412 1641
4 40 1585 1561 1739
4 577 1332 988 1741
4 1372 1484 1305 1568
4 1203 1533 1447 1708
4 562 1532 575 1729
4 897 331 1606 1775
4 1376 1380 1214 1790
4 1412 1571 1237 1641
4 1208 1474 1364 1869
4 1128 1119 1117 1665
4 513 892 1576 1870
4 382 384 1434 1759
4 1211 1948 1418 1951
4 757 1439 392 1530
4 1114 1327 1115 1656
4 557 559 560 1398
4 1126 1141 1102 1809
4 1211 1452 1418 1746
4 1260 1833 1310 1909
4 1062 1404 729 1782
4 1059 95 1334 1762
4 393 391 392 1439
4 1434 1234 1697 1910
4 1489 1629 288 1890
4 328 1568 1372 1701
4 790 1405 491 1712
4 1189 1162 1175 1763
4 1411 1520 1239 1754
4 1209 1492 1363 1673
4 1335 1717 1603 1948
4 745 1407 1653 1877
4 221 228 879 1351
4 442 1401 296 1621
4 258 256 307 1625
4 750 1634 892 1870
4 1234 1655 1358 1806
4 1062 1647 1404 1782
4 1145 1726 1104 1905
4 1012 740 105 1441
4 214 1778 1387 1952
4 557 559 1398 1580
4 1211 1354 1406 1691
4 1288 1313 1513 1723
4 1394 1545 1302 1719
4 31 631 1334 1904
4 1282 1539 1445 1961
4 1429 1611 1310 1703
4 1304 1496 1333 1759
4 563 561 564 1608
4 959 1560 1706 1779
4 970 975 1785 1830
4 440 1456 408 1831
4 1611 1820 1342 1849
4 153 1446 1694 1813
4 557 560 945 1729
4 626 1805 1740 1894
4 1401 1576 1320 1621
4 1203 1493 1379 1494
4 1343 1731 1241 1896
4 212 952 942 1843
4 1287 1532 1312 1595
4 296 1621 1401 1679
4 230 1758 1465 1777
4 1288 1592 1415 1680
4 1230 1364 1583 1672
4 1310 1833 1611 1909
4 40 39 1585 1739
4 1311 1374 1667 1971
4 882 149 218 1732
4 674 1499 1039 1814
4 1059 1463 1076 1651
4 1504 1663 1306 1910
4 287 288 1629 1890
4 1284 1550 1377 1709
4 1343 1450 1241 1891
4 446 1424 905 1825
4 1213 1435 1350 1563
4 714 424 468 1521
4 341 340 322 1872
4 318 850 935 1969
4 1410 1495 1275 1727
4 1163 1660 1171 1763
4 153 1694 154 1813
4 355 406 433 1382
4 395 396 397 1503
4 765 796 795 1860
4 128 598 1468 1645
4 1487 1696 1250 1747
4 755 1710 50 1917
4 267 268 1356 1618
4 1240 1442 1318 1709
4 1273 1646 1377 1709
4 533 1688 1460 1767
4 1239 1411 1382 1637
4 1253 1889 1356 1895
4 378 1741 375 1981
4 326 1568 1775 1851
4 1260 1611 1833 1909
4 1343 1800 1531 1956
4 1005 530 1651 1825
4 1231 1601 1554 1712
4 1292 1426 1576 1986
4 1240 1588 1460 1821
4 1430 1590 1292 1598
4 1410 1495 1269 1751
4 1320 1461 1399 1976
4 248 837 251 1956
4 1215 1488 1384 1893
4 1042 1346 604 1684
4 726 427 746 1419
4 809 1558 1477 1835
4 241 242 243 1380
4 1677 1714 1281 1771
4 1202 1396 1573 1893
4 475 476 1461 1976
4 987 1692 981 1885
4 846 659 1569 1844
4 1418 1452 1211 1951
4 1273 1377 1550 1709
4 900 580 1470 1775
4 147 1360 149 1808
4 193 1671 1483 1945
4 816 1527 1508 1981
4 1070 259 261 1518
4 1249 1636 1375 1844
4 856 100 1373 1850
4 1275 1321 1625 1871
4 120 730 682 1340
4 1385 1663 1845 1934
4 1400 1435 1213 1743
4 1299 1469 1447 1593
4 55 1791 1452 1951
4 273 1416 838 1928
4 1251 1590 1598 1733
4 398 427 724 1617
4 1320 1689 1542 1797
4 1780 1811 220 1821
4 1290 1574 1326 1613
4 291 1701 859 1944
4 496 986 494 1431
4 711 1466 712 1670
4 1288 1513 1313 1599
4 742 93 1407 1562
4 491 1554 1405 1885
4 539 1805 626 1894
4 1436 1684 1414 1863
4 1355 1853 771 1912
4 200 1409 1614 1627
4 1462 1730 1266 1796
4 1478 1526 1331 1858
4 181 1328 180 1702
4 200 216 616 1627
4 1380 1523 1283 1970
4 355 406 1382 1851
4 429 1567 1437 1960
4 1069 1556 1390 1902
4 1473 1551 1209 1720
4 866 1789 1388 1944
4 208 972 950 1676
4 1433 1460 1284 1821
4 1297 1845 1663 1934
4 1312 1532 1287 1765
4 861 249 1769 1861
4 1308 1688 1352 1887
4 1251 1590 1430 1598
4 115 1603 1418 1705
4 174 930 176 1362
4 1214 1354 1406 1731
4 1268 1380 1523 1908
4 1304 1655 1511 1924
4 992 686 1603 1717
4 1374 1583 1311 1667
4 615 533 618 1460
4 348 1430 234 1789
4 1393 1730 1462 1796
4 1232 1604 1422 1634
4 1289 1345 1638 1913
4 1207 1359 1626 1728
4 1225 1365 1448 1626
4 666 1378 667 1880
4 764 1514 1753 1880
4 188 189 1756 1989
4 866 1388 887 1944
4 1304 1655 1519 1806
4 1221 1379 1467 1591
4 191 933 189 1386
4 1232 1422 1394 1634
4 1305 1568 1262 1606
4 1396 1520 1210 1754
4 1437 1640 1215 1893
4 1169 1544 1192 1962
4 1262 1411 1754 1775
4 650 1339 649 1761
4 1278 1497 1498 1586
4 1308 1173 1660 1922
4 1236 1465 1388 1707
4 1376 1214 1410 1790
4 1195 1660 1173 1922
4 181 179 1328 1818
4 1284 1442 1709 1811
4 1208 1364 1578 1869
4 1218 1367 1449 1566
4 1603 1948 1389 1951
4 1370 1724 1311 1841
4 1391 1451 1256 1803
4 228 879 1351 1777
4 1623 1698 1570 1930
4 47 46 85 1397
4 1255 1591 1466 1783
4 495 1357 496 1674
4 147 149 148 1808
4 1446 1605 1268 1813
4 1146 929 98 1726
4 35 1647 1347 1795
4 361 407 1456 1725
4 1224 1553 1528 1566
4 662 660 771 1355
4 228 1351 221 1758
4 567 1513 573 1608
4 1226 1492 1363 1509
4 1480 1738 1413 1787
4 1084 1083 1481 1597
4 751 762 411 1394
4 1438 1486 1353 1784
4 1439 1530 757 1833
4 88 52 685 1705
4 1424 1744 1302 1883
4 1405 1543 1231 1712
4 887 866 236 1388
4 1082 1514 286 1753
4 231 233 1465 1707
4 1137 123 1415 1680
4 1118 1124 1132 1596
4 946 957 525 1349
4 810 328 327 1568
4 418 460 1505 1900
4 534 1352 537 1688
4 1231 1554 1315 1643
4 1353 1485 121 1760
4 1224 1397 1566 1678
4 212 1341 862 1843
4 185 186 1594 1794
4 1221 1454 1718 1906
4 1205 1432 1369 1854
4 1211 1348 1452 1746
4 695 1603 1705 1900
4 638 1348 1746 1819
4 1204 1553 1528 1924
4 1206 1498 1497 1586
4 144 1610 1471 1765
4 1360 1605 1602 1857
4 992 686 993 1603
4 1433 1460 1282 1588
4 1325 1432 1274 1733
4 575 578 1412 1977
4 1323 1228 1535 1826
4 337 619 1574 1926
4 1309 1380 1668 1970
4 1443 1471 1247 1967
4 1354 1229 1607 1691
4 1410 1531 1214 1939
4 253 1037 1629 1871
4 1200 1523 1641 1970
4 1314 1506 1660 1859
4 282 284 1589 1855
4 1448 1207 1626 1983
4 1269 1654 1349 1751
4 1208 1364 1474 1583
4 1202 1488 1396 1893
4 570 1040 448 1809
4 1292 1430 1426 1590
4 313 1693 1338 1816
4 777 154 1694 1813
4 1429 1611 170 1820
4 1224 1678 1367 1840
4 1357 1510 1317 1936
4 1309 1668 1395 1970
4 1345 1520 1281 1544
4 596 706 1440 1623
4 1211 1389 1452 1978
4 1263 1762 1476 1802
4 1075 1814 1052 1928
4 1134 927 1413 1726
4 1385 1297 1663 1934
4 1368 1454 1270 1676
4 849 170 1429 1611
4 1420 1706 1252 1954
4 1515 1577 1244 1673
4 816 1508 377 1981
4 721 720 1562 1925
4 303 1568 328 1701
4 1407 1562 93 1904
4 965 578 1605 1977
4 1200 1364 1547 1613
4 1214 1607 1354 1908
4 487 1365 1632 1916
4 204 949 1756 1941
4 101 40 39 1585
4 101 1561 40 1585
4 957 961 525 1886
4 859 1701 1424 1944
4 1276 1516 1748 1770
4 185 184 186 1794
4 622 1377 223 1646
4 1309 1622 1412 1959
4 138 140 1370 1841
4 40 1561 41 1739
4 443 870 868 1621
4 651 649 650 1339
4 332 1489 1587 1699
4 1182 1331 1183 1858
4 1205 1545 1563 1590
4 577 824 988 1332
4 1002 393 395 1503
4 1539 1588 1282 1624
4 1547 1613 1364 1672
4 636 635 1746 1899
4 185 947 183 1594
4 914 708 912 1582
4 1547 1595 1200 1967
4 1230 1613 1547 1672
4 809 310 1477 1957
4 580 547 900 1470
4 1285 1502 1417 1981
4 1464 1692 1315 1818
4 1303 1577 1515 1673
4 381 792 382 1650
4 1220 1395 1456 1490
4 1347 1551 1453 1788
4 809 501 1558 1835
4 1216 1461 1386 1509
4 1111 1110 1112 1600
4 239 1445 299 1606
4 1416 1636 838 1928
4 1388 1465 1236 1920
4 1672 1879 1474 1958
4 1308 1444 1688 1887
4 1051 1898 1313 1949
4 298 1401 892 1634
4 828 829 669 1383
4 1225 1516 1448 1874
4 174 930 1362 1849
4 1417 1502 1285 1555
4 665 663 1912 1965
4 855 777 876 1376
4 194 1671 193 1945
4 1395 1668 1283 1970
4 1342 1431 1277 1695
4 1442 1646 423 1979
4 1145 1415 1726 1905
4 1731 1745 1241 1896
4 1239 1573 1382 1828
4 844 832 643 1393
4 1268 1354 1857 1908
4 1424 1825 446 1883
4 1297 1486 1438 1784
4 713 964 1466 1716
4 1345 1637 1074 1776
4 1285 1417 1741 1981
4 538 1352 536 1887
4 1307 1348 1587 1635
4 370 1428 1785 1832
4 1321 1807 1275 1955
4 1312 1513 1370 1888
4 1291 1664 1491 1865
4 1240 1444 1506 1736
4 592 590 593 1374
4 844 1393 643 1730
4 1315 1643 1554 1692
4 873 1639 641 1917
4 1443 1247 1713 1967
4 480 478 479 1579
4 860 1395 440 1897
4 1230 1547 1364 1672
4 651 1685 1339 1774
4 242 244 1380 1790
4 623 1411 432 1851
4 238 1866 291 1944
4 742 1407 93 1904
4 1576 1689 1320 1797
4 1436 1564 1293 1656
4 199 739 197 1409
4 497 496 495 1357
4 370 1785 369 1832
4 704 220 1811 1821
4 1353 1296 1697 1938
4 1217 1501 1449 1528
4 771 1355 660 1764
4 1213 1350 1661 1737
4 1291 1468 1374 1882
4 1374 1468 1238 1882
4 228 1351 1758 1777
4 564 1021 566 1985
4 1304 1362 1496 1662
4 520 790 491 1712
4 1261 1485 1353 1760
4 1312 1287 1595 1765
4 721 1562 743 1925
4 228 1758 230 1777
4 1449 1204 1540 1553
4 676 771 1853 1912
4 588 1345 1025 1962
4 1514 1644 1243 1983
4 1203 1458 1367 1678
4 373 376 1417 1741
4 157 778 1694 1772
4 1225 1359 1516 1770
4 305 579 240 1735
4 776 1671 1459 1838
4 296 295 1621 1679
4 1226 1363 1557 1700
4 1043 604 1346 1631
4 695 1603 115 1705
4 1105 108 1130 1436
4 1294 1551 1347 1862
4 639 637 636 1752
4 1228 1473 1323 1876
4 1393 1266 1730 1796
4 394 393 392 1439
4 30 1653 31 1762
4 493 1674 1405 1812
4 553 556 918 1337
4 777 154 155 1694
4 790 493 1405 1812
4 93 1562 33 1904
4 833 121 1353 1938
4 1172 1660 1482 1881
4 487 768 1365 1916
4 534 537 1352 1887
4 672 683 1534 1642
4 883 700 701 1443
4 809 517 501 1835
4 1174 1478 1173 1660
4 133 1491 1090 1865
4 1426 1430 1265 1590
4 777 1694 1376 1813
4 1504 1663 1297 1845
4 1240 1521 1444 1736
4 638 1034 636 1746
4 721 720 743 1562
4 1338 1693 313 1942
4 1319 1704 1633 1751
4 259 1518 1070 1683
4 1267 1691 1354 1978
4 1264 1757 1639 1917
4 1287 1602 1360 1605
4 1461 1509 1399 1687
4 343 344 341 1422
4 272 1371 273 1928
4 602 108 1436 1645
4 1229 1360 1582 1857
4 620 621 692 1891
4 56 96 55 1791
4 276 277 275 1601
4 1555 1201 1768 1982
4 484 963 1541 1632
4 1200 1523 1354 1602
4 1381 1282 1624 1740
4 1114 1327 1656 1665
4 1178 1167 1677 1714
4 1278 1498 1335 1948
4 287 1629 1037 1890
4 1439 1503 1310 1833
4 251 1322 837 1871
4 1216 1323 1473 1876
4 1404 1254 1604 1782
4 1277 1431 1342 1501
4 1219 1328 1681 1856
4 648 650 649 1761
4 237 1707 1445 1866
4 490 1692 1554 1885
4 1273 1488 1318 1709
4 172 173 171 1342
4 1437 1815 1425 1837
4 604 1346 1631 1684
4 1398 1415 1245 1580
4 1404 1604 1422 1782
4 1316 1207 1974 1983
4 724 398 1617 1783
4 1229 1423 1361 1732
4 415 876 877 1790
4 1376 1410 1269 1772
4 1229 1361 1582 1732
4 921 1717 1715 1875
4 188 1756 1535 1989
4 1386 1216 1483 1947
4 1332 1585 824 1747
4 1386 1461 1216 1947
4 1258 1397 1383 1781
4 1324 1455 1280 1620
4 1205 1563 1545 1616
4 121 1485 1353 1938
4 140 431 138 1370
4 1214 1495 1322 1800
4 1101 128 1468 1645
4 1352 537 1688 1805
4 1450 1574 619 1926
4 239 1445 1606 1866
4 332 1587 1489 1890
4 1335 1498 1229 1691
4 1206 1406 1586 1742
4 680 678 1055 1860
4 1253 1501 1449 1690
4 32 93 33 1904
4 623 1775 1411 1851
4 1519 1655 1234 1806
4 967 214 964 1387
4 358 1348 1065 1699
4 179 180 1328 1856
4 440 863 1456 1734
4 1466 1783 1256 1803
4 1350 1737 1259 1792
4 1287 1360 1602 1808
4 491 1554 520 1712
4 1343 1489 1241 1800
4 990 1372 530 1825
4 1220 1480 1337 1738
4 1256 1670 1466 1803
4 37 730 120 1696
4 259 1070 262 1683
4 1222 1467 1379 1817
4 1364 1613 1490 1672
4 281 286 1644 1753
4 1422 1545 1254 1604
4 1422 1604 1254 1782
4 1351 1777 1409 1980
4 1215 1318 1488 1736
4 1069 1390 805 1902
4 760 1662 930 1849
4 1127 1436 1130 1645
4 1390 1757 1730 1991
4 133 1090 61 1865
4 446 859 905 1424
4 1346 1230 1570 1958
4 1261 1397 1485 1760
4 1500 1589 1286 1892
4 1413 1726 1022 1787
4 1406 1498 1206 1586
4 1307 1587 1348 1746
4 1275 1686 1410 1727
4 848 1574 336 1699
4 1114 1113 1115 1327
4 1423 1446 858 1732
4 680 1055 1577 1860
4 1380 1622 1309 1668
4 281 1644 1589 1753
4 1327 1474 1238 1882
4 220 1627 201 1811
4 1384 1488 1318 1839
4 44 1353 121 1760
4 157 778 1772 1975
4 480 478 1579 1687
4 237 235 1707 1866
4 890 892 442 1576
4 1163 1648 1161 1964
4 433 406 435 1637
4 1219 1315 1643 1874
4 833 121 44 1353
4 1236 1758 1682 1884
4 828 806 1781 1852
4 1267 1717 1335 1978
4 1418 1948 1603 1951
4 668 1534 667 1642
4 1265 1426 1394 1744
4 186 1594 1341 1756
4 299 1445 239 1866
4 590 1667 1374 1971
4 1309 1523 1380 1970
4 933 940 204 1687
4 1220 1474 1364 1672
4 1113 1112 1121 1592
4 1203 1836 1367 1963
4 1632 1818 1541 1874
4 315 1496 1681 1856
4 1355 1569 1249 1773
4 1441 1584 1271 1903
4 1531 1769 247 1861
4 272 789 274 1712
4 240 225 241 1622
4 544 1062 729 1782
4 1254 1597 1481 1616
4 1413 1738 1245 1787
4 909 1688 537 1805
4 1216 1369 1432 1854
4 343 1422 341 1634
4 475 474 476 1976
4 1408 1508 1227 1650
4 384 385 386 1759
4 556 1571 579 1735
4 1263 1476 1382 1802
4 1457 1512 1366 1932
4 763 870 443 1621
4 988 1332 824 1747
4 828 1383 857 1721
4 745 1407 741 1653
4 1371 1231 1543 1712
4 706 1698 1440 1971
4 1392 1589 280 1644
4 1251 1598 1559 1733
4 1360 1602 1267 1857
4 1267 1354 1602 1978
4 828 806 829 1781
4 877 1686 1410 1772
4 383 1507 812 1650
4 1390 1757 645 1902
4 706 591 596 1698
4 669 1383 829 1685
4 682 1340 730 1850
4 44 833 1353 1784
4 303 904 290 1701
4 1200 1595 1641 1967
4 1275 1625 1321 1955
4 1446 1605 1360 1857
4 1577 1673 1303 1918
4 1558 1676 500 1936
4 693 436 1831 1863
4 1322 1275 1727 1871
4 178 176 315 1856
4 1313 1288 1599 1723
4 1392 1522 1225 1916
4 1414 1220 1480 1831
4 1267 1335 1691 1978
4 1142 1468 1664 1665
4 1236 1433 1707 1894
4 1084 1083 703 1481
4 631 1722 1334 1904
4 1451 1505 1256 1803
4 1421 1441 1233 1877
4 1587 1742 1479 1752
4 1217 1449 1501 1690
4 1225 1770 1516 1943
4 1219 1643 1448 1874
4 127 1025 1677 1962
4 547 548 549 1470
4 1416 1575 1231 1601
4 1289 1640 1314 1837
4 337 1868 339 1926
4 877 911 1686 1772
4 1302 1744 1394 1883
4 461 1801 420 1903
4 135 59 113 1667
4 894 1674 493 1812
4 1153 1181 937 1425
4 1301 1575 1416 1601
4 575 1412 1532 1977
4 878 732 1559 1598
4 1221 1454 1368 1886
4 1495 1800 1406 1807
4 52 88 51 1344
4 525 1454 504 1615
4 511 1597 1084 1782
4 1245 1337 1738 1990
4 790 894 493 1812
4 901 1560 1421 1816
4 1329 1226 1500 1679
4 199 1409 200 1627
4 1016 1677 127 1776
4 1371 1618 272 1812
4 1259 1481 1616 1792
4 910 1659 1385 1934
4 1059 1076 1463 1722
4 614 584 613 1898
4 1544 1677 1167 1714
4 1322 1275 1495 1727
4 1243 1581 1392 1892
4 1371 1543 1405 1712
4 745 1011 742 1407
4 1239 1382 1754 1828
4 662 1355 771 1912
4 47 85 786 1609
4 172 174 173 1695
4 1413 1596 1293 1809
4 1240 1460 1588 1842
4 394 392 428 1439
4 667 1642 1378 1860
4 615 1767 1460 1821
4 1479 1587 1248 1742
4 794 667 1378 1860
4 454 452 1521 1767
4 279 841 277 1644
4 1577 1244 1673 1918
4 1361 1229 1498 1704
4 35 1347 36 1795
4 1221 1467 1379 1906
4 1257 1399 1509 1687
4 999 462 818 1675
4 767 1392 280 1846
4 1236 1400 1435 1682
4 160 1537 159 1654
4 1281 1331 1669 1714
4 270 1618 896 1812
4 280 1589 1392 1855
4 1169 1677 1544 1962
4 1300 1827 1499 1889
4 1372 1701 1213 1825
4 695 995 1603 1900
4 1228 1428 1785 1826
4 1268 1605 1446 1857
4 1203 1678 1666 1988
4 1691 1335 1948 1978
4 1278 1418 1586 1948
4 842 1659 910 1934
4 857 828 669 1383
4 1071 1469 799 1552
4 1228 1785 1502 1826
4 191 1386 189 1989
4 1619 1748 1201 1770
4 1409 1777 1559 1980
4 1005 1651 1463 1825
4 590 1374 592 1698
4 198 1614 1409 1823
4 1203 1447 1836 1963
4 1595 1765 1287 1967
4 877 907 1410 1686
4 1259 1562 1481 1792
4 115 1418 53 1705
4 1318 1709 1488 1736
4 1270 1368 1864 1906
4 1240 1709 1318 1736
4 1415 1580 558 1726
4 615 1460 618 1821
4 351 1646 1839 1979
4 1219 1516 1328 1874
4 35 727 1647 1795
4 1443 1471 1267 1875
4 1421 1560 901 1877
4 871 1576 1797 1873
4 668 665 1534 1965
4 1514 1644 1301 1853
4 1453 1457 1294 1925
4 266 267 268 1356
4 1026 611 1027 1638
4 35 733 36 1347
4 1472 1557 1201 1892
4 1200 1641 1602 1967
4 1242 1385 1739 1965
4 186 862 212 1341
4 1254 1647 1597 1782
4 1223 1497 1344 1966
4 1204 1540 1438 1755
4 918 556 579 1735
4 1228 1502 1555 1927
4 1531 1769 1343 1956
4 661 670 1569 1659
4 431 1370 613 1898
4 1285 1555 1502 1927
4 665 1880 1316 1912
4 1243 1316 1514 1728
4 451 992 993 1717
4 30 1441 740 1653
4 1208 1474 1327 1882
4 37 36 86 1487
4 1236 1707 1445 1894
4 1044 1043 350 1868
4 818 1675 1485 1938
4 1220 1414 1738 1879
4 1257 1341 1756 1822
4 214 874 1778 1952
4 1344 1451 1278 1497
4 1175 1197 1156 1620
4 1245 1592 1327 1596
4 1221 1494 1368 1906
4 1137 929 1146 1415
4 1200 1354 1475 1713
4 970 736 975 1830
4 947 205 183 1702
4 1330 1522 1286 1929
4 1245 1337 1580 1787
4 856 100 683 1373
4 1242 1472 1373 1768
4 1253 1690 1889 1895
4 259 257 1518 1556
4 553 1580 1337 1787
4 120 1340 682 1795
4 202 201 220 1627
4 407 360 430 1725
4 1276 1330 1702 1943
4 1318 1521 1455 1979
4 1392 1286 1589 1892
4 1559 1598 1325 1733
4 1280 1455 1324 1859
4 690 688 96 1452
4 1521 1767 452 1979
4 991 41 1561 1845
4 1351 1682 1758 1884
4 1321 1625 1556 1955
4 1356 1218 1469 1895
4 1392 1581 1286 1892
4 887 1388 238 1944
4 690 688 1452 1819
4 373 1502 374 1981
4 1145 1137 1146 1415
4 1277 1695 1431 1885
4 406 432 691 1411
4 1214 1531 1410 1790
4 1479 1752 1035 1890
4 238 1388 1866 1944
4 1321 1248 1629 1807
4 1330 1276 1619 1770
4 772 307 774 1402
4 1209 1363 1649 1673
4 449 1480 550 1787
4 1464 1643 1315 1692
4 1661 1737 1334 1907
4 373 1502 1417 1785
4 1301 1644 1514 1983
4 1240 1318 1521 1736
4 996 1519 465 1697
4 1473 1720 1363 1876
4 1460 1588 1284 1821
4 1376 1772 876 1790
4 1451 1505 997 1900
4 1424 1213 1701 1825
4 1208 1327 1723 1882
4 1370 1612 1311 1847
4 757 392 389 1530
4 1546 1618 1253 1812
4 968 181 205 1541
4 542 1381 540 1750
4 856 1642 672 1850
4 476 478 1687 1976
4 392 1439 757 1833
4 783 1459 917 1923
4 1248 1321 1479 1807
4 165 208 163 1368
4 211 777 855 1813
4 1389 1211 1452 1951
4 1214 1531 1343 1800
4 382 1434 383 1650
4 1083 1031 632 1722
4 429 1437 1010 1960
4 1228 1363 1720 1876
4 1297 1569 1659 1974
4 1249 1636 1416 1755
4 861 888 249 1861
4 1575 1764 1355 1853
4 1207 1358 1663 1773
4 1221 1591 1467 1633
4 608 1652 1425 1815
4 1569 1773 1355 1974
4 1352 1688 534 1887
4 599 601 602 1684
4 223 1646 1377 1693
4 366 1366 457 1657
4 1223 1379 1591 1817
4 1208 1723 1847 1882
4 1292 1576 1426 1873
4 864 563 565 1608
4 1262 1606 1568 1775
4 880 877 1410 1790
4 1737 1792 1350 1915
4 1244 1378 1472 1642
4 543 1059 1076 1651
4 1220 1364 1474 1869
4 350 604 1042 1346
4 1317 1558 1270 1708
4 251 1629 252 1956
4 1363 1700 1509 1822
4 255 257 1047 1556
4 280 1392 1644 1846
4 1226 1363 1492 1673
4 1234 1504 1353 1697
4 1390 1264 1757 1902
4 762 411 1394 1744
4 1468 1631 1238 1645
4 1221 1718 1467 1906
4 44 1760 122 1784
4 1263 1334 1661 1762
4 152 1446 153 1813
4 677 1685 1462 1761
4 1016 1771 1677 1776
4 1542 1689 1292 1797
4 750 298 892 1634
4 1282 1433 1588 1961
4 255 1037 253 1871
4 174 1362 1695 1849
4 1289 1837 1314 1964
4 455 1428 368 1923
4 707 1440 706 1623
4 351 1839 1318 1979
4 1373 1768 1472 1982
4 1438 1553 1204 1655
4 1203 1447 1666 1836
4 641 1639 637 1752
4 1379 1467 1591 1817
4 332 1587 358 1699
4 1225 1581 1392 1626
4 1324 1215 1567 1837
4 165 1368 163 1952
4 1386 1756 189 1989
4 428 392 757 1833
4 914 708 1582 1834
4 1114 1600 1327 1665
4 1243 1392 1589 1892
4 1368 1494 1272 1864
4 881 1749 1693 1816
4 28 27 116 1403
4 454 1444 471 1767
4 602 601 1645 1684
4 1278 1451 1344 1705
4 1426 1744 1265 1789
4 1416 1764 1575 1853
4 978 1408 213 1681
4 830 1462 677 1685
4 834 1697 91 1910
4 380 812 378 1508
4 49 48 114 1968
4 846 657 659 1844
4 1359 1536 1227 1748
4 1395 1628 1309 1970
4 598 593 600 1468
4 1034 1065 358 1348
4 91 1697 1504 1910
4 1454 1676 502 1953
4 1208 1578 1474 1869
4 754 1529 1001 1565
4 1130 1436 108 1645
4 1247 1610 1595 1967
4 1265 1394 1426 1986
4 1358 1204 1511 1655
4 1578 1738 1474 1869
4 230 1777 1465 1935
4 337 339 359 1926
4 1222 1379 1524 1817
4 1207 1316 1728 1983
4 1215 1640 1437 1837
4 175 174 176 1695
4 1253 1371 1543 1812
4 1408 1681 1328 1848
4 745 1011 1560 1877
4 1325 1542 1292 1598
4 1315 1818 1632 1874
4 1267 1602 1471 1967
4 1238 1468 1374 1631
4 399 1529 1003 1617
4 1277 1362 1511 1824
4 730 1340 1696 1850
4 1283 1490 1395 1970
4 1291 1583 1374 1667
4 454 470 471 1444
4 1504 1784 42 1934
4 1440 1698 1623 1930
4 1239 1520 1640 1754
4 1502 1785 372 1826
4 1113 1114 1111 1600
4 1448 1643 1315 1874
4 1384 1488 1271 1893
4 1293 1596 1413 1738
4 1413 1596 1245 1738
4 1268 1813 1605 1931
4 31 1334 1653 1904
4 309 891 768 1365
4 1171 1163 1166 1660
4 999 391 462 1675
4 1515 1679 297 1872
4 1249 1575 1355 1773
4 631 1059 95 1334
4 1095 717 718 1324
4 198 215 200 1614
4 373 375 376 1741
4 1253 1543 1405 1812
4 1540 1553 1261 1566
4 299 237 1445 1866
4 410 1576 1426 1870
4 1457 1294 1562 1792
4 1429 1272 1840 1946
4 1306 1630 1427 1663
4 1329 1589 1500 1892
4 1364 1230 1583 1724
4 534 537 909 1688
4 1236 1682 1435 1884
4 651 669 1685 1774
4 1366 1932 366 1954
4 47 46 1397 1781
4 1028 535 532 1887
4 1212 1682 1627 1980
4 1284 1780 1682 1961
4 1376 1269 1607 1694
4 1669 1771 1024 1950
4 887 236 238 1388
4 315 1681 835 1856
4 1360 1732 1446 1857
4 1279 1623 1326 1930
4 665 666 667 1880
4 1481 1597 1254 1647
4 1327 1596 1115 1656
4 198 200 199 1409
4 1218 1449 1367 1895
4 212 862 952 1843
4 1428 1657 368 1923
4 1295 1493 1529 1988
4 1457 1562 1294 1925
4 1220 1738 1337 1869
4 777 1376 1694 1772
4 905 1424 859 1701
4 1368 1221 1886 1952
4 455 370 368 1428
4 428 1439 392 1833
4 1407 1560 1011 1779
4 205 1541 181 1702
4 1418 1746 1452 1951
4 1332 988 1741 1747
4 1242 1536 1472 1768
4 1279 1623 1452 1819
4 616 1627 1377 1811
4 1487 1747 1250 1830
4 1540 1827 1300 1889
4 425 1361 1919 1969
4 443 868 885 1621
4 40 991 41 1561
4 251 1322 1629 1956
4 321 1515 297 1872
4 651 1339 650 1774
4 105 1441 29 1799
4 115 1603 629 1951
4 1297 1504 1845 1934
4 561 560 1398 1729
4 741 745 742 1407
4 963 486 527 1632
4 1247 1798 1548 1841
4 486 488 527 1632
4 596 595 597 1623
4 1462 1710 1336 1968
4 425 1919 1670 1969
4 1231 1554 1405 1712
4 1213 1350 1737 1907
4 785 87 1385 1845
4 476 1687 1461 1976
4 1225 1522 1330 1541
4 1588 1624 1396 1842
4 1127 1128 1117 1656
4 1222 1572 1467 1817
4 299 239 237 1866
4 1375 1844 1636 1867
4 127 1677 1025 1776
4 277 1601 276 1846
4 1290 1868 1574 1926
4 454 452 453 1521
4 309 1846 1365 1916
4 1082 1514 841 1644
4 298 1679 1401 1872
4 55 97 1791 1951
4 1564 1809 570 1863
4 1518 1533 1299 1911
4 809 1477 895 1835
4 1101 1066 1129 1468
4 1167 1165 1164 1714
4 1286 1589 1500 1855
4 1339 1447 1218 1836
4 1245 1580 1337 1990
4 1375 1499 1300 1827
4 1307 1742 1587 1752
4 1317 1270 1558 1676
4 1220 1490 1364 1869
4 715 716 717 1455
4 1394 1744 411 1883
4 350 1346 1042 1725
4 1393 1730 1390 1757
4 1308 1478 1506 1660
4 1389 1791 97 1951
4 794 667 666 1378
4 1390 1524 1393 1757
4 1203 1367 1458 1549
4 1232 1545 1369 1986
4 1242 1739 1534 1965
4 1322 1800 1495 1807
4 130 1425 1045 1652
4 1360 1229 1732 1857
4 1471 1765 1610 1967
4 250 621 811 1343
4 1424 1701 905 1825
4 30 29 1441 1762
4 1202 1400 1484 1539
4 1166 1478 1174 1660
4 643 1757 1393 1917
4 180 1681 213 1848
4 1238 1645 1631 1684
4 785 1385 910 1965
4 30 1441 1653 1762
4 149 147 218 1360
4 1425 1437 1837 1960
4 1248 1406 1800 1807
4 645 646 644 1991
4 1252 1366 1457 1512
4 1445 1539 1236 1961
4 384 996 463 1434
4 521 1461 940 1947
4 1446 1732 1229 1857
4 1500 1621 295 1679
4 1018 108 1105 1436
4 1015 1106 1143 1599
4 1397 1781 46 1852
4 1203 1708 1447 1963
4 1332 1242 1585 1768
4 1273 1318 1646 1709
4 1386 1756 1535 1876
4 1310 1840 1528 1909
4 1624 1754 1262 1828
4 204 949 187 1756
4 540 1381 893 1740
4 1074 1637 1345 1638
4 837 1727 1322 1939
4 463 1434 996 1910
4 606 1403 116 1815
4 785 1739 1385 1965
4 212 1535 188 1756
4 783 1657 1459 1923
4 724 400 398 1783
4 1219 1427 1358 1806
4 534 536 537 1887
4 1352 1460 1688 1842
4 296 1401 298 1679
4 1215 1437 1384 1567
4 1332 1242 1561 1585
4 1305 1539 1445 1606
4 1545 1854 1369 1986
4 382 385 384 1759
4 213 1681 1408 1848
4 733 1347 35 1786
4 650 798 652 1774
4 1365 1626 1392 1846
4 1235 1657 1428 1923
4 1000 1391 401 1803
4 828 1383 1721 1852
4 1343 1241 1489 1891
4 1389 1443 1267 1717
4 1270 1317 1708 1864
4 1222 1533 1518 1911
4 927 1022 1413 1726
4 382 384 383 1434
4 378 377 1508 1981
4 813 1826 942 1843
4 806 46 1781 1852
4 1358 1448 1231 1575
4 272 1618 1371 1928
4 1615 1686 1275 1727
4 1440 1547 1230 1930
4 546 572 1331 1750
4 785 1385 1739 1845
4 1289 1538 1345 1913
4 430 1046 1086 1684
4 1073 29 1476 1799
4 657 671 655 1375
4 1207 1448 1358 1575
4 1400 1550 1682 1961
4 1248 1742 1406 1807
4 536 1352 537 1887
4 105 740 30 1441
4 906 414 446 1883
4 1217 1549 1367 1690
4 1230 1672 1583 1958
4 826 671 1486 1721
4 1228 1826 1502 1927
4 607 1799 1801 1903
4 1105 1127 1140 1436
4 1218 1566 1540 1827
4 1135 1090 1108 1491
4 1364 1547 1230 1724
4 512 1426 356 1789
4 232 1465 1430 1935
4 1159 1161 1160 1648
4 1385 1630 1306 1663
4 300 227 226 1433
4 712 1670 1466 1778
4 590 1374 1698 1971
4 1046 430 1042 1684
4 1350 1915 1792 1940
4 881 1693 313 1816
4 350 1043 604 1346
4 893 540 542 1381
4 165 1793 1368 1952
4 966 502 1454 1676
4 1475 1547 1279 1930
4 643 1393 832 1917
4 608 1045 1425 1652
4 1102 1141 931 1809
4 118 633 1746 1951
4 550 1413 1022 1787
4 1247 1471 1443 1798
4 608 1425 1045 1815
4 1336 1462 1258 1988
4 1454 1676 1368 1886
4 1486 1721 1261 1760
4 286 1082 841 1644
4 1129 1066 1006 1468
4 52 1344 51 1972
4 1206 1495 1406 1807
4 177 1464 176 1856
4 855 225 211 1622
4 1363 1555 1201 1822
4 1258 1462 1336 1968
4 410 513 1576 1870
4 788 520 891 1712
4 1405 1543 1371 1812
4 1385 1659 910 1965
4 115 1418 1603 1951
4 465 388 999 1938
4 1544 1677 1345 1962
4 1313 1370 1847 1898
4 238 1388 236 1866
4 1200 1602 1354 1713
4 307 772 773 1402
4 467 420 1421 1903
4 172 1342 171 1820
4 138 139 140 1841
4 1276 1328 1702 1848
4 369 1785 975 1832
4 701 1443 700 1791
4 1212 1377 1614 1627
4 1265 1435 1563 1590
4 1215 1488 1396 1736
4 1228 1323 1535 1876
4 1224 1503 1439 1675
4 1240 1688 1460 1842
4 984 526 1510 1936
4 1276 1770 1330 1943
4 1012 1877 1441 1903
4 849 217 170 1611
4 214 1793 1387 1901
4 442 296 295 1621
4 1303 1634 1401 1872
4 1291 1667 1664 1865
4 1212 1711 1350 1829
4 128 600 1066 1468
4 933 521 940 1947
4 216 622 616 1377
4 239 302 290 1606
4 380 383 812 1650
4 880 1531 244 1790
4 233 866 234 1789
4 586 1074 1345 1638
4 202 221 879 1351
4 1241 1731 1343 1800
4 553 1787 1337 1897
4 777 876 1376 1772
4 1161 1648 1159 1964
4 1383 1685 669 1774
4 1330 1594 1257 1619
4 643 1730 1393 1757
4 1344 1639 88 1917
4 175 1464 206 1695
4 824 576 101 1561
4 1317 1270 1676 1864
4 1330 1286 1579 1929
4 408 440 863 1456
4 409 718 716 1567
4 1095 1324 718 1960
4 333 848 336 1699
4 1253 1546 1356 1618
4 413 414 438 1719
4 356 348 234 1789
4 1012 1441 105 1903
4 50 1710 1565 1972
4 1424 1744 903 1944
4 954 1415 123 1680
4 623 1775 624 1950
4 444 330 349 1873
4 1492 1604 1303 1918
4 259 262 257 1556
4 1292 1797 1576 1873
4 1467 1633 1591 1817
4 515 1521 453 1937
4 1167 1164 1544 1714
4 1555 1649 1250 1720
4 903 1424 859 1744
4 180 1681 1328 1856
4 465 996 386 1519
4 226 1433 227 1780
4 1240 1588 1396 1842
4 128 598 600 1468
4 890 442 885 1576
4 878 1598 1559 1777
4 1316 1385 1659 1974
4 859 1424 903 1944
4 839 196 776 1823
4 1300 1499 1375 1867
4 1426 1576 410 1873
4 1264 1393 1757 1917
4 1136 1122 1121 1592
4 1334 1653 1441 1762
4 440 860 853 1395
4 1260 1662 1611 1849
4 1231 1448 1358 1643
4 1213 1435 1563 1987
4 290 904 291 1701
4 1270 1477 1533 1708
4 156 1654 157 1694
4 279 1644 277 1846
4 1071 798 799 1469
4 315 835 178 1856
4 1316 1974 1355 1983
4 1048 261 264 1593
4 852 853 860 1395
4 785 87 910 1385
4 1513 1723 1313 1888
4 250 1343 811 1956
4 1573 1584 1488 1893
4 1250 1332 1585 1768
4 1571 1735 1309 1959
4 1164 1163 1161 1964
4 366 363 1366 1954
4 1271 1584 1573 1893
4 137 113 1548 1841
4 1243 1378 1753 1880
4 1271 1488 1584 1893
4 751 512 762 1870
4 1051 583 1898 1949
4 478 1399 1687 1976
4 286 1514 1082 1644
4 1288 1723 1513 1888
4 762 512 514 1744
4 504 1454 502 1953
4 268 1072 1356 1814
4 432 1411 406 1851
4 1371 1755 1636 1928
4 1345 1544 1281 1677
4 251 1629 1322 1871
4 506 525 504 1615
4 1602 1641 1287 1967
4 1224 1367 1528 1840
4 862 1341 186 1794
4 309 1601 1365 1846
4 140 141 1610 1798
4 188 190 189 1989
4 1387 1537 1221 1952
4 237 236 235 1866
4 1258 1383 1566 1836
4 809 895 517 1835
4 169 1429 168 1820
4 118 1746 1418 1951
4 334 1479 1035 1890
4 1516 1770 1276 1943
4 266 268 1072 1356
4 364 366 1932 1954
4 1233 1711 1560 1915
4 1209 1369 1604 1862
4 1261 1397 1760 1852
4 1531 1790 880 1939
4 738 823 822 1747
4 1328 1276 1702 1943
4 1369 1545 1232 1604
4 761 859 1424 1744
4 1333 1650 1434 1759
4 562 574 575 1532
4 899 1598 878 1777
4 1227 1536 1359 1630
4 938 1323 1923 1945
4 1236 1743 1388 1920
4 356 410 348 1426
4 263 1593 1477 1957
4 709 425 1670 1969
4 399 1003 397 1617
4 1229 1607 1498 1704
4 180 182 1702 1848
4 1261 1486 1375 1721
4 113 136 1612 1841
4 909 1460 1688 1805
4 990 810 530 1372
4 1321 1572 1479 1742
4 655 1375 671 1721
4 145 143 323 1471
4 1105 1436 1140 1564
4 137 113 699 1548
4 1084 1647 544 1782
4 544 1647 1062 1782
4 28 1403 116 1799
4 1302 1907 1563 1987
4 127 588 1025 1962
4 151 858 1446 1732
4 1560 1711 1338 1915
4 111 1027 611 1638
4 1249 1355 1575 1764
4 1316 1659 1355 1974
4 1222 1524 1572 1817
4 444 349 445 1797
4 1004 786 787 1609
4 1170 1192 1544 1964
4 1209 1551 1369 1862
4 1336 1529 1493 1988
4 1494 1549 1272 1864
4 1292 1590 1426 1986
4 1129 1468 1006 1664
4 949 1594 1756 1941
4 1414 1456 1220 1831
4 538 537 536 1352
4 553 552 1787 1897
4 145 1471 323 1715
4 1336 1223 1565 1710
4 1059 1334 631 1722
4 1318 1273 1646 1839
4 1152 1023 1191 1766
4 1368 1676 1270 1864
4 614 1513 584 1898
4 1258 1968 1336 1988
4 837 1322 1727 1871
4 1488 1573 1202 1584
4 548 103 1029 1331
4 1366 1459 1274 1838
4 913 917 1459 1923
4 39 100 38 1585
4 1319 1704 1423 1969
4 504 966 502 1454
4 1341 1527 1843 1927
4 1636 1867 1075 1928
4 1224 1525 1503 1675
4 1354 1713 1602 1978
4 1238 1645 1436 1656
4 1208 1364 1583 1724
4 263 260 895 1477
4 1250 1487 1340 1696
4 833 1353 1697 1938
4 1219 1681 1496 1856
4 309 1365 768 1916
4 1535 1822 1228 1876
4 1489 1629 1248 1800
4 728 1404 1062 1795
4 1537 1778 874 1952
4 1310 1429 1840 1909
4 231 233 232 1465
4 350 1346 1725 1868
4 1202 1539 1484 1828
4 484 486 963 1632
4 1175 1620 1324 1763
4 510 1560 901 1816
4 1229 1582 1335 1691
4 1475 1613 1547 1930
4 1322 1248 1800 1807
4 1490 1628 1364 1869
4 1458 1295 1678 1988
4 1365 1225 1632 1916
4 818 994 1485 1675
4 704 304 220 1821
4 725 427 1419 1716
4 202 221 1351 1780
4 838 1636 1416 1764
4 1412 1237 1571 1729
4 1392 1589 1286 1855
4 1263 1573 1484 1828
4 1304 1519 1759 1806
4 396 427 398 1617
4 1347 1647 35 1786
4 37 120 36 1795
4 428 747 746 1833
4 175 176 177 1464
4 708 1361 1834 1919
4 1417 1741 376 1747
4 361 360 407 1725
4 475 1542 1461 1947
4 693 1831 1414 1863
4 1200 1547 1475 1613
4 1310 1611 1429 1909
4 571 1029 1194 1669
4 616 1377 622 1811
4 741 1653 1407 1904
4 216 223 622 1377
4 1703 1793 317 1901
4 48 1609 114 1968
4 1236 1539 1400 1961
4 819 42 1784 1934
4 484 1522 485 1632
4 840 1420 854 1838
4 948 562 575 1729
4 1211 1475 1354 1978
4 1267 1443 1389 1978
4 149 150 148 1605
4 493 1674 494 1885
4 368 1657 1428 1832
4 434 355 433 1382
4 1082 286 1041 1753
4 576 516 991 1561
4 496 1357 497 1936
4 1227 1508 1408 1748
4 1141 1126 1134 1413
4 370 368 1428 1832
4 1018 1436 1105 1564
4 719 1567 429 1960
4 1734 1769 1283 1861
4 378 375 377 1981
4 1285 1332 1741 1984
4 948 1412 953 1959
4 720 721 117 1786
4 471 1688 533 1767
4 1257 1386 1509 1876
4 376 737 1417 1747
4 660 1764 1569 1844
4 867 1793 214 1901
4 495 496 494 1674
4 152 153 154 1813
4 309 767 1846 1916
4 1421 1271 1584 1903
4 1277 1643 1464 1692
4 105 1441 1799 1903
4 880 246 244 1531
4 742 1407 1011 1779
4 600 593 612 1468
4 328 1701 1372 1825
4 880 877 907 1410
4 207 171 956 1820
4 893 542 580 1381
4 1560 1706 1252 1915
4 860 852 1395 1897
4 668 672 1534 1642
4 891 520 489 1554
4 214 1387 967 1901
4 1236 1435 1743 1920
4 571 1194 1155 1669
4 797 971 1527 1848
4 1342 1501 1217 1909
4 1444 1688 471 1767
4 1246 1558 1477 1810
4 1295 1609 1525 1678
4 1212 1614 1409 1627
4 442 892 296 1401
4 1026 1637 611 1638
4 1371 1636 1416 1928
4 800 1071 799 1552
4 491 1405 493 1885
4 712 958 1670 1778
4 1462 1666 1258 1988
4 1482 1660 1280 1881
4 313 1706 1338 1942
4 518 770 1855 1929
4 1220 1364 1490 1672
4 950 526 500 1676
4 1489 1635 1241 1800
4 163 1368 208 1886
4 563 1532 562 1729
4 1442 452 1767 1979
4 1279 1547 1475 1713
4 1336 1223 1710 1796
4 1025 1345 1074 1776
4 1692 1695 1277 1885
4 251 252 250 1956
4 1000 447 401 1391
4 1097 1887 535 1922
4 713 967 964 1716
4 1375 1300 1540 1827
4 982 760 930 1849
4 45 46 92 1852
4 1177 1167 1178 1714
4 1170 1652 1538 1964
4 268 1356 1618 1814
4 913 783 917 1923
4 1484 1573 1202 1828
4 797 971 962 1527
4 213 978 971 1408
4 1200 1475 1547 1713
4 1389 1452 1279 1791
4 769 280 1392 1855
4 1486 1760 1353 1784
4 317 849 1429 1703
4 1405 1712 790 1812
4 370 371 369 1785
4 1078 1416 316 1853
4 729 1782 1404 1878
4 373 374 375 1981
4 814 372 370 1826
4 1153 937 130 1425
4 1084 1481 90 1647
4 990 328 1372 1825
4 711 426 712 1466
4 1205 1733 1517 1940
4 684 683 784 1534
4 601 1631 598 1645
4 676 662 771 1912
4 206 981 987 1692
4 275 838 273 1416
4 1462 1710 1393 1796
4 1275 1718 1402 1955
4 246 1531 880 1939
4 1322 1629 1248 1807
4 1263 1372 1651 1802
4 147 1715 1360 1808
4 559 561 560 1398
4 1400 1539 1236 1743
4 684 1534 784 1739
4 871 410 1576 1873
4 366 363 457 1366
4 1168 1478 1714 1858
4 215 1614 198 1823
4 413 412 414 1719
4 1337 1735 918 1897
4 285 1500 295 1679
4 44 1353 1760 1784
4 990 328 810 1372
4 1201 1472 1536 1768
4 412 414 1719 1883
4 319 332 1489 1890
4 1213 1400 1484 1661
4 1322 1495 1410 1727
4 930 976 315 1496
4 965 1412 1605 1931
4 1351 1627 1284 1682
4 298 297 1679 1872
4 213 1408 971 1848
4 314 1706 313 1942
4 316 1078 838 1416
4 34 90 1481 1786
4 270 272 1618 1812
4 1034 638 1065 1348
4 761 903 859 1744
4 102 49 756 1710
4 1612 1847 1370 1898
4 969 1453 1925 1932
4 805 1069 1038 1683
4 640 641 637 1752
4 1647 1786 1347 1862
4 1505 1803 405 1919
4 773 1402 772 1835
4 708 425 1361 1919
4 475 1461 521 1947
4 1171 1172 1186 1763
4 668 667 672 1642
4 1202 1573 1488 1893
4 1434 1507 1306 1910
4 880 1410 907 1939
4 777 1694 778 1772
4 984 526 974 1510
4 1124 1123 1126 1905
4 1550 1588 1202 1709
4 1239 1476 1403 1638
4 1250 1585 1332 1747
4 1338 1706 1560 1915
4 282 284 283 1589
4 1230 1570 1698 1930
4 576 577 464 1507
4 1407 1779 1562 1792
4 1363 1201 1700 1822
4 1252 1792 1915 1940
4 837 775 836 1727
4 1279 1547 1440 1930
4 1281 1714 1669 1771
4 1334 1651 1263 1661
4 1275 1615 1402 1718
4 880 415 877 1790
4 1232 1689 1576 1986
4 1288 1578 1723 1888
4 1056 1898 583 1949
4 927 126 1134 1413
4 186 212 188 1756
4 37 1487 822 1696
4 790 1712 789 1812
4 834 91 1008 1910
4 1218 1499 1827 1889
4 1279 1443 1389 1791
4 1203 1549 1494 1864
4 1259 1737 1350 1907
4 623 624 432 1950
4 1337 1869 1738 1990
4 1216 1509 1386 1876
4 728 729 1062 1404
4 308 1500 284 1855
4 1038 1556 262 1683
4 695 995 115 1603
4 513 750 892 1870
4 263 1477 310 1957
4 1006 1468 612 1664
4 1659 1934 1297 1974
4 1251 1590 1435 1920
4 1293 1809 1564 1863
4 908 1560 1011 1877
4 1687 1756 1257 1941
4 1101 1468 1119 1645
4 554 1022 1726 1787
4 1239 1640 1403 1893
4 1386 1257 1687 1756
4 282 1589 280 1855
4 238 290 291 1866
4 1393 1710 832 1917
4 434 1382 433 1802
4 396 394 746 1503
4 1225 1541 1330 1943
4 351 1646 324 1839
4 1209 1604 1492 1918
4 820 842 910 1934
4 661 842 670 1659
4 1246 1477 1558 1708
4 1447 1469 1218 1895
4 352 353 365 1384
4 1201 1581 1700 1770
4 1062 1404 1647 1795
4 985 488 490 1692
4 333 336 1574 1699
4 1367 1690 1549 1963
4 455 1826 1428 1923
4 1236 1435 1400 1743
4 1206 1633 1498 1704
4 1356 1546 1246 1957
4 1627 1682 1351 1980
4 51 1344 88 1917
4 822 37 86 1487
4 1314 1837 1640 1859
4 294 324 1646 1839
4 1489 1635 1587 1699
4 1260 1530 1439 1833
4 1223 1336 1493 1796
4 103 546 572 1331
4 1766 1887 1097 1922
4 1509 1700 1257 1822
4 1221 1494 1379 1591
4 890 513 892 1576
4 323 1715 1471 1875
4 1477 1246 1810 1957
4 1214 1406 1495 1800
4 754 447 1001 1529
4 1281 1669 1470 1950
4 706 707 57 1440
4 767 769 1392 1916
4 1137 1100 123 1680
4 1442 1646 1377 1811
4 429 609 1010 1437
4 144 1471 145 1808
4 1408 1527 971 1848
4 1131 109 1143 1949
4 901 420 898 1421
4 629 1389 97 1951
4 1084 703 90 1481
4 231 1707 1465 1758
4 52 1705 1344 1972
4 1410 1686 907 1727
4 1145 1104 1123 1905
4 803 1479 334 1890
4 1214 1523 1380 1908
4 1670 1919 1361 1969
4 1127 1130 1128 1645
4 1353 1485 1296 1938
4 228 230 416 1777
4 1253 1546 1357 1690
4 134 1538 1652 1913
4 895 809 310 1477
4 1216 1473 1509 1876
4 379 377 816 1508
4 690 96 707 1623
4 726 747 979 1703
4 467 461 420 1903
4 330 444 766 1935
4 575 953 948 1412
4 569 1599 1513 1985
4 317 849 168 1429
4 269 1048 264 1593
4 957 1349 946 1975
4 408 361 407 1456
4 1065 1060 848 1819
4 821 819 1784 1934
4 287 319 288 1890
4 1220 1395 1490 1628
4 1153 1425 130 1652
4 1220 1337 1628 1869
4 1350 1829 1711 1915
4 140 141 142 1610
4 90 1647 1481 1786
4 1213 1484 1400 1743
4 1264 1917 1639 1966
4 1721 1760 827 1852
4 941 815 1535 1826
4 287 1037 1036 1890
4 319 1489 288 1890
4 174 982 930 1849
4 697 1000 997 1451
4 734 735 1487 1830
4 951 484 963 1541
4 1355 1575 1301 1983
4 348 330 1430 1873
4 1252 1457 1366 1954
4 1238 1436 1645 1684
4 1528 1824 1501 1924
4 153 155 154 1694
4 321 1054 297 1515
4 929 1415 558 1726
4 1246 1690 1546 1895
4 1356 1246 1593 1957
4 1203 1666 1493 1988
4 619 1574 1450 1891
4 1252 1706 1560 1779
4 1274 1420 1823 1829
4 1191 1023 125 1766
4 1349 1454 1615 1718
4 1108 1090 1013 1491
4 1250 1768 1649 1982
4 88 685 872 1639
4 1426 1430 1292 1873
4 688 633 1452 1746
4 1056 1491 581 1612
4 475 476 521 1461
4 1323 1945 938 1989
4 1442 1521 1318 1979
4 352 353 1384 1839
4 908 901 1560 1877
4 1258 1609 1397 1781
4 878 899 732 1598
4 1261 1383 1566 1852
4 1342 1217 1820 1909
4 165 1658 1368 1793
4 1243 1753 1514 1880
4 1330 1579 1257 1941
4 745 908 1011 1877
4 1073 1476 28 1799
4 1321 1742 1479 1807
4 898 1421 420 1749
4 535 1887 1028 1922
4 575 1532 574 1977
4 1346 1725 1672 1879
4 805 1390 645 1902
4 1016 127 1677 1771
4 1321 1807 1629 1871
4 269 1071 1048 1469
4 1230 1698 1440 1930
4 932 1198 127 1771
4 1232 1576 1401 1634
4 1314 1660 1763 1859
4 624 1775 1470 1950
4 1286 1522 1392 1855
4 1374 1583 1291 1882
4 1267 1713 1443 1978
4 473 474 1797 1976
4 1393 1917 1264 1966
4 1572 1742 1321 1807
4 801 645 642 1757
4 339 1868 1725 1926
4 1228 1720 1473 1876
4 1355 1301 1575 1853
4 1341 1794 862 1843
4 148 1808 1605 1977
4 1319 1654 1423 1704
4 1420 1823 854 1838
4 1160 1648 1189 1804
4 734 735 86 1487
4 1075 782 1814 1867
4 1242 1332 1561 1933
4 1223 1493 1379 1973
4 1324 1837 1567 1960
4 590 112 1667 1971
4 1625 1727 1275 1871
4 1216 1689 1369 1854
4 1252 1338 1706 1829
4 1166 1174 1173 1660
4 334 803 1035 1479
4 902 840 854 1838
4 1265 1426 1590 1986
4 501 500 1558 1676
4 44 43 833 1784
4 767 518 769 1916
4 1423 1654 1269 1704
4 1332 1768 1250 1984
4 353 419 365 1384
4 295 1500 763 1621
4 628 716 468 1455
4 1267 1717 1443 1875
4 1484 1539 1400 1743
4 162 1537 874 1952
4 1123 1413 1126 1905
4 1501 1824 1528 1909
4 1303 1673 1492 1918
4 1027 1476 545 1802
4 824 1585 823 1747
4 883 1548 1443 1798
4 1355 1301 1853 1983
4 596 707 706 1623
4 465 1697 1519 1938
4 1277 1464 1362 1695
4 511 1084 544 1782
4 1369 1492 1209 1604
4 1073 28 29 1799
4 1317 1658 1368 1676
4 708 1834 417 1919
4 1241 1475 1613 1745
4 1629 1807 1322 1871
4 691 1411 432 1776
4 1245 1738 1869 1990
4 338 337 1574 1868
4 758 1530 390 1662
4 1390 1683 805 1991
4 1005 990 530 1825
4 1595 1287 1641 1967
4 1322 1248 1629 1800
4 90 703 34 1481
4 61 1664 60 1865
4 493 1405 1674 1885
4 408 1456 407 1831
4 1251 1435 1517 1980
4 117 1786 721 1925
4 1308 1526 1478 1858
4 1035 1479 801 1752
4 1024 549 571 1669
4 1388 1305 1743 1866
4 914 1582 450 1834
4 1065 1348 638 1819
4 1270 1718 1454 1906
4 676 1853 1514 1912
4 404 405 1803 1919
4 537 1352 538 1805
4 1222 1524 1379 1973
4 311 789 272 1812
4 1261 1566 1397 1852
4 117 721 722 1925
4 1076 1031 439 1463
4 1344 1705 1451 1972
4 1044 617 1043 1570
4 1304 1759 1333 1806
4 275 316 838 1416
4 491 493 492 1885
4 144 1765 1471 1808
4 838 1077 1636 1764
4 293 314 313 1942
4 1352 1526 1308 1887
4 223 294 1646 1693
4 1622 1931 1412 1959
4 1306 1385 1663 1845
4 179 1328 1818 1856
4 1318 1839 1646 1979
4 725 724 427 1716
4 1365 1301 1626 1846
4 1262 1775 1568 1851
4 1395 1668 1309 1735
4 410 513 890 1576
4 480 1687 1579 1941
4 386 387 1519 1759
4 188 1535 190 1989
4 1410 1686 1269 1772
4 1220 1628 1490 1869
4 865 1685 677 1761
4 931 1141 126 1809
4 1626 1644 1392 1846
4 494 1674 1431 1885
4 800 1552 673 1683
4 422 1453 969 1932
4 1219 1358 1511 1806
4 777 155 778 1694
4 1722 1737 1334 1904
4 1282 1624 1588 1842
4 1267 1602 1713 1978
4 959 1011 510 1560
4 1174 1478 1168 1858
4 437 1831 1480 1897
4 657 655 656 1375
4 1259 1737 1722 1904
4 1508 1527 1408 1748
4 1479 1572 1264 1742
4 1160 1153 1159 1425
4 717 1093 715 1620
4 705 1811 1442 1821
4 821 122 1486 1784
4 386 385 387 1759
4 1232 1492 1369 1604
4 229 1707 231 1758
4 1222 1402 1718 1955
4 1241 1635 1475 1731
4 969 1453 723 1925
4 30 31 95 1762
4 959 1011 1560 1779
4 1244 1340 1577 1850
4 1257 1341 1594 1756
4 934 1423 858 1732
4 1257 1594 1341 1619
4 1111 1109 1110 1600
4 547 546 548 1750
4 1239 1754 1573 1828
4 1343 1531 1214 1896
4 1203 1494 1379 1906
4 1173 1176 1766 1858
4 1245 1738 1578 1869
4 262 1038 1069 1556
4 877 911 508 1686
4 865 830 677 1685
4 1232 1369 1492 1689
4 234 348 330 1430
4 30 29 105 1441
4 1451 1705 1278 1900
4 988 376 1741 1747
4 1246 1357 1546 1690
4 1219 1511 1358 1643
4 734 1487 1788 1830
4 449 550 551 1787
4 937 1425 1181 1804
4 780 1636 675 1844
4 281 280 1589 1644
4 1153 1159 1425 1652
4 1284 1550 1588 1961
4 1069 1556 1038 1683
4 1383 1218 1774 1827
4 1537 1886 1221 1952
4 1040 550 448 1809
4 546 1331 548 1750
4 1107 61 1135 1664
4 589 590 112 1667
4 900 1470 624 1775
4 1337 1738 1480 1787
4 1244 1642 1577 1860
4 794 666 765 1378
4 1349 1686 946 1975
4 1313 1847 1612 1898
4 1640 1837 1215 1859
4 914 450 708 1834
4 1671 1823 1274 1838
4 1324 1620 1280 1763
4 1442 1240 1767 1821
4 693 570 436 1863
4 255 254 1625 1871
4 332 320 1489 1699
4 588 586 1345 1962
4 492 490 491 1885
4 1277 1501 1342 1824
4 89 697 696 1972
4 1536 1748 1359 1770
4 1636 1755 1300 1928
4 1469 1593 1356 1895
4 151 882 858 1732
4 1243 1392 1581 1626
4 1332 1242 1768 1933
4 501 502 500 1676
4 1201 1700 1581 1892
4 901 1421 898 1816
4 477 479 478 1399
4 1182 1183 1152 1858
4 1274 1829 1517 1940
4 477 1399 478 1976
4 353 1749 1384 1839
4 295 285 284 1500
4 144 143 145 1471
4 1228 1822 1363 1876
4 1449 1690 1367 1895
4 809 1810 807 1957
4 1422 1604 1404 1878
4 1144 1018 1105 1564
4 410 348 1426 1873
4 706 591 1698 1971
4 1220 1474 1672 1879
4 557 558 559 1580
4 1256 1670 1803 1919
4 1330 1257 1594 1941
4 1286 1522 1855 1929
4 1403 1638 27 1913
4 767 769 280 1392
4 218 1582 912 1732
4 949 1594 187 1756
4 1379 1493 1203 1973
4 1334 1722 1463 1907
4 384 463 383 1434
4 1196 1482 1195 1922
4 1257 1619 1341 1822
4 1452 1791 1389 1951
4 115 54 1418 1951
4 1214 1495 1406 1607
4 588 1074 1025 1345
4 1300 1755 1540 1889
4 1421 1801 1271 1903
4 1369 1545 1205 1854
4 1215 1837 1324 1859
4 1280 1763 1620 1881
4 1281 1544 1520 1714
4 704 220 201 1811
4 1397 1566 1383 1852
4 1407 1792 1737 1915
4 44 825 122 1760
4 1317 1676 1558 1936
4 105 1799 610 1903
4 899 1598 1777 1935
4 1212 1627 1409 1980
4 651 669 865 1685
4 344 845 1422 1719
4 351 301 324 1646
4 1326 1623 1570 1930
4 1326 1613 1475 1930
4 1195 1482 1172 1660
4 259 257 258 1518
4 883 1443 459 1798
4 296 298 297 1679
4 1226 1401 1621 1679
4 1087 123 954 1415
4 134 1652 1815 1913
4 1193 1156 1009 1804
4 567 573 565 1608
4 808 1546 267 1957
4 1242 1373 1585 1768
4 426 1716 1466 1783
4 1058 680 1055 1577
4 803 1036 804 1479
4 785 1739 41 1845
4 693 407 1414 1831
4 867 214 967 1901
4 1420 1706 1338 1829
4 834 996 1697 1910
4 656 657 1375 1844
4 875 1740 1445 1894
4 760 759 976 1662
4 1338 1711 1212 1829
4 1401 1634 298 1872
4 1246 1546 1356 1895
4 929 1137 123 1415
4 109 1051 569 1599
4 1567 1837 1437 1960
4 1251 1884 1435 1980
4 255 254 256 1625
4 1078 1764 1416 1853
4 1213 1563 1350 1907
4 250 811 247 1956
4 1061 545 1762 1802
4 1394 1232 1634 1870
4 838 1636 289 1928
4 439 906 1005 1463
4 1412 1571 1309 1959
4 1659 1912 663 1965
4 697 1451 696 1972
4 822 86 735 1487
4 1414 1725 1456 1831
4 1209 1347 1551 1862
4 509 510 901 1816
4 1284 1627 1351 1780
4 1097 535 1028 1922
4 1396 1210 1624 1754
4 553 555 556 1580
4 839 1823 776 1838
4 1394 1232 1870 1986
4 906 1005 1463 1825
4 928 123 1100 1680
4 895 310 263 1477
4 1355 1974 1575 1983
4 1238 1656 1327 1882
4 243 1668 1380 1861
4 726 725 1419 1901
4 473 868 474 1976
4 1134 1126 1123 1413
4 1384 1749 1273 1839
4 405 997 1505 1900
4 1358 1655 1511 1806
4 1265 1430 1426 1789
4 1423 1704 1361 1969
4 1395 1309 1628 1735
4 1275 1467 1718 1955
4 308 1500 1855 1921
4 1253 1674 1546 1812
4 889 620 458 1450
4 992 630 686 1717
4 1419 1703 726 1901
4 1165 1168 1478 1714
4 1654 1694 1269 1975
4 549 548 571 1669
4 403 1000 401 1803
4 366 364 363 1954
4 761 1424 859 1883
4 1126 1102 1132 1809
4 1117 1114 1115 1656
4 1371 1300 1755 1928
4 480 482 522 1579
4 630 97 629 1389
4 489 490 488 1554
4 889 1450 458 1734
4 1142 1119 1468 1665
4 426 713 1466 1716
4 177 955 206 1464
4 605 116 27 1403
4 26 25 134 1538
4 43 42 1504 1784
4 1314 1837 1648 1964
4 1249 1575 1416 1764
4 1080 841 1514 1853
4 765 1753 1378 1880
4 1256 1505 1361 1919
4 854 1614 1420 1942
4 953 575 965 1412
4 459 701 702 1443
4 459 883 701 1443
4 708 417 425 1919
4 120 682 728 1795
4 877 508 907 1686
4 1201 1359 1581 1770
4 1225 1359 1581 1626
4 755 832 1710 1917
4 1416 1575 1301 1853
4 1174 1165 1168 1478
4 1222 1556 1390 1683
4 712 713 964 1466
4 441 438 1597 1719
4 1095 1804 1324 1960
4 26 1538 134 1913
4 187 1594 186 1756
4 264 266 269 1593
4 1332 1250 1747 1984
4 259 260 261 1518
4 742 741 1407 1904
4 1264 1524 1390 1757
4 1266 1524 1390 1911
4 1355 1773 1575 1974
4 1360 1229 1582 1732
4 627 539 626 1894
4 1264 1393 1524 1757
4 1433 1284 1780 1821
4 688 634 633 1746
4 437 440 408 1831
4 1201 1557 1363 1700
4 1281 1470 1411 1950
4 1436 1564 694 1863
4 858 850 156 1423
4 203 919 920 1947
4 1016 127 1025 1776
4 1171 1660 1172 1763
4 1346 1290 1672 1725
4 1344 1639 1917 1966
4 1201 1555 1363 1982
4 356 512 410 1426
4 1218 1566 1383 1836
4 797 1527 1794 1848
4 986 984 207 1510
4 1240 1521 1442 1767
4 1201 1748 1536 1770
4 1420 1614 854 1823
4 227 1433 926 1758
4 1437 1567 1215 1837
4 761 1744 1424 1883
4 1105 1130 1127 1436
4 1502 1826 813 1843
4 605 1403 27 1913
4 1280 1324 1763 1859
4 1694 1772 1269 1975
4 1108 129 1103 1491
4 1373 1585 1250 1696
4 299 1606 1445 1740
4 1255 1466 1387 1716
4 1180 107 1155 1669
4 371 975 369 1785
4 1245 1869 1578 1990
4 913 1459 219 1945
4 709 425 710 1670
4 1273 1584 1550 1711
4 1575 1974 1207 1983
4 1252 1338 1829 1915
4 1349 1654 1269 1975
4 357 1570 1044 1868
4 373 1417 970 1785
4 479 1579 1399 1921
4 422 723 969 1453
4 914 916 450 1582
4 1266 1393 1524 1796
4 608 130 1045 1652
4 1452 1746 1348 1819
4 826 821 122 1486
4 459 1443 702 1875
4 477 870 479 1399
4 758 390 759 1662
4 160 161 159 1537
4 1216 1461 1542 1947
4 993 1603 995 1900
4 767 1392 1846 1916
4 1218 1367 1836 1895
4 532 471 1444 1688
4 376 988 737 1747
4 1490 1628 1395 1970
4 668 672 683 1534
4 336 338 337 1574
4 838 1416 1078 1764
4 823 1585 38 1696
4 765 794 1378 1860
4 1244 1577 1515 1860
4 1268 1857 1446 1908
4 188 941 190 1535
4 28 1073 111 1476
4 1265 1435 1590 1920
4 1211 1948 1389 1978
4 405 418 460 1505
4 358 1065 848 1699
4 1547 1200 1713 1967
4 134 1538 25 1652
4 1368 1886 163 1952
4 1636 1764 675 1844
4 1494 1864 1368 1906
4 87 910 1385 1934
4 742 743 93 1562
4 1245 1726 1413 1787
4 92 827 1760 1852
4 107 1024 1669 1771
4 199 197 198 1409
4 1297 1385 1663 1974
4 881 292 313 1693
4 1015 1143 109 1599
4 1099 1680 1914 1985
4 1199 1538 587 1962
4 1410 1727 907 1939
4 1338 1252 1706 1915
4 301 223 294 1646
4 1237 1628 1571 1990
4 160 318 874 1778
4 961 1454 525 1886
4 1096 561 559 1398
4 1410 880 1790 1939
4 948 1571 945 1729
4 1203 1379 1533 1906
4 913 1923 1459 1945
4 1357 1546 1253 1674
4 1206 1633 1704 1751
4 1421 1749 898 1816
4 1351 221 1758 1780
4 1250 1585 1373 1768
4 1239 1345 1637 1638
4 45 121 1485 1760
4 449 1480 1787 1897
4 1367 1678 1458 1840
4 483 1522 482 1929
4 1201 1536 1359 1770
4 916 1582 884 1715
4 626 1740 875 1894
4 1289 1425 1837 1964
4 1571 1628 1337 1990
4 341 362 340 1878
4 1224 1566 1367 1678
4 809 807 310 1957
4 797 1527 962 1794
4 686 629 115 1603
4 292 313 1693 1942
4 1225 1632 1541 1874
4 1032 531 1444 1482
4 1522 1632 1225 1916
4 913 917 219 1459
4 1213 1737 1661 1907
4 1441 1877 1421 1903
4 1412 1532 1237 1729
4 1339 1552 1266 1761
4 948 312 1571 1959
4 166 168 167 1658
4 1425 1652 1289 1815
4 1114 1656 1117 1665
4 1248 1479 1742 1807
4 1218 1367 1566 1836
4 372 1502 373 1785
4 54 53 115 1418
4 476 940 1461 1687
4 1280 1620 1455 1937
4 1215 1396 1488 1893
4 1460 1688 1240 1767
4 941 942 815 1826
4 305 1668 851 1735
4 1836 1895 1367 1963
4 1128 1101 1119 1645
4 187 185 186 1594
4 1648 1837 1425 1964
4 574 562 563 1532
4 341 845 362 1422
4 1247 1547 1595 1724
4 482 483 484 1522
4 1364 1595 1547 1724
4 858 934 850 1423
4 1399 1621 1320 1976
4 332 1067 358 1587
4 1212 1350 1517 1829
4 929 1087 558 1415
4 1289 1425 1815 1837
4 1251 1430 1590 1920
4 785 684 1739 1965
4 1226 1557 1363 1673
4 729 1063 1782 1878
4 1230 1440 1698 1971
4 1248 1587 1479 1890
4 1084 511 1083 1597
4 135 113 136 1612
4 1609 1678 1295 1988
4 416 1777 230 1935
4 1380 1531 1214 1790
4 1491 1600 1313 1949
4 530 529 1651 1802
4 1359 1581 1626 1728
4 1050 1148 1130 1645
4 45 92 1760 1852
4 309 768 767 1916
4 941 1535 942 1826
4 168 1429 170 1820
4 1214 1376 1607 1908
4 1205 1590 1517 1733
4 1226 1621 1500 1679
4 1335 1603 1278 1948
4 965 953 1412 1931
4 1246 1546 1357 1810
4 1129 1142 1468 1664
4 599 598 601 1631
4 846 826 671 1486
4 1404 1604 1862 1918
4 1218 1540 1449 1889
4 518 1522 483 1929
4 1067 1034 358 1587
4 55 629 97 1951
4 963 968 1541 1818
4 1317 1658 1510 1946
4 1270 1558 1477 1708
4 1118 1115 1596 1656
4 1382 1828 1568 1851
4 712 1466 964 1778
4 620 1450 889 1769
4 1252 1779 1560 1915
4 845 362 1422 1878
4 92 827 825 1760
4 105 29 610 1799
4 1223 1379 1524 1973
4 214 162 874 1952
4 648 799 650 1552
4 577 988 847 1741
4 1244 1577 1340 1918
4 818 994 817 1485
4 1262 1568 1828 1851
4 232 1430 330 1935
4 1099 1021 1680 1985
4 1587 1635 1348 1699
4 1222 1718 1467 1955
4 1209 1649 1340 1918
4 432 1776 1411 1950
4 765 1378 666 1880
4 1445 1707 875 1894
4 773 260 258 1518
4 1428 1298 1785 1832
4 1221 1379 1494 1906
4 705 704 1811 1821
4 1261 1540 1566 1827
4 1269 1772 1686 1975
4 525 961 966 1454
4 1300 1867 1636 1928
4 1465 1777 1758 1884
4 1281 1677 1544 1714
4 705 472 1442 1811
4 1541 1702 1330 1943
4 1222 1683 1390 1911
4 1002 1525 994 1675
4 1284 1433 1780 1961
4 1215 1640 1396 1893
4 541 1526 572 1750
4 1686 1751 1269 1975
4 1225 1581 1359 1770
4 665 843 663 1965
4 714 453 1521 1937
4 1392 1626 1243 1644
4 1290 1613 1490 1745
4 308 763 1500 1921
4 1209 1862 1604 1918
4 588 586 1074 1345
4 1433 1236 1707 1758
4 301 622 223 1646
4 1247 1471 1610 1967
4 1222 1911 1524 1973
4 902 854 1823 1838
4 1363 1649 1555 1720
4 742 93 741 1904
4 1455 1280 1521 1736
4 1627 1780 1284 1811
4 887 238 291 1944
4 687 572 541 1526
4 765 764 1753 1880
4 261 263 264 1593
4 1151 127 1198 1771
4 1557 1649 1363 1673
4 89 1705 52 1972
4 1513 1608 567 1985
4 1475 1713 1354 1978
4 1425 1289 1652 1964
4 645 1390 805 1991
4 554 1580 555 1787
4 615 471 533 1767
4 727 35 36 1795
4 1144 1064 1018 1564
4 1122 1592 1415 1905
4 1282 1894 1433 1961
4 297 1515 1054 1679
4 1277 1342 1695 1824
4 817 45 121 1485
4 100 730 38 1696
4 1361 1732 1423 1969
4 380 1508 379 1650
4 1061 1762 1651 1802
4 1240 1688 1444 1767
4 181 968 179 1818
4 695 115 53 1705
4 209 159 957 1975
4 1366 1657 366 1932
4 1248 1587 1489 1635
4 1229 1446 1423 1732
4 1080 841 1082 1514
4 660 1569 659 1844
4 1391 1783 401 1803
4 907 1686 507 1727
4 1203 1533 1379 1973
4 1243 1626 1581 1728
4 710 711 712 1670
4 722 1453 989 1788
4 1332 1768 1536 1933
4 1246 1356 1593 1895
4 1443 1798 1471 1875
4 1366 1235 1657 1932
4 1498 1691 1335 1948
4 870 1399 477 1976
4 1238 1468 1665 1882
4 33 34 703 1481
4 1284 1588 1550 1709
4 1535 1876 1323 1989
4 1280 1660 1506 1859
4 299 1445 875 1740
4 554 555 1580 1726
4 862 1794 962 1843
4 970 1785 1417 1830
4 1372 1568 1305 1701
4 1240 1506 1396 1736
4 126 1413 550 1809
4 871 410 890 1576
4 1260 1528 1824 1909
4 1142 1664 1120 1665
4 218 914 912 1582
4 1355 1764 771 1853
4 734 1487 86 1788
4 1218 1827 1540 1889
4 1238 1684 1631 1958
4 51 1344 1917 1972
4 1346 1631 1684 1958
4 864 306 574 1532
4 841 316 277 1853
4 341 1422 362 1878
4 1460 1767 1240 1821
4 867 317 1793 1901
4 605 116 1403 1815
4 1244 1642 1373 1850
4 822 823 38 1696
4 272 271 1618 1928
4 303 328 904 1701
4 452 705 1442 1767
4 1301 1644 1626 1846
4 479 1399 870 1921
4 319 332 320 1489
4 181 180 182 1702
4 304 1780 220 1821
4 528 986 956 1431
4 917 776 1459 1838
4 610 1799 607 1903
4 779 830 1685 1968
4 1185 1538 1170 1652
4 410 1426 512 1870
4 1758 1777 1351 1884
4 510 908 901 1560
4 42 1845 1504 1934
4 1313 1491 1612 1847
4 491 790 493 1405
4 1334 1233 1653 1737
4 303 302 326 1568
4 1548 1798 139 1841
4 1377 1627 1284 1811
4 1386 1876 1535 1989
4 1199 1088 587 1538
4 564 566 1608 1985
4 1576 1634 1232 1870
4 1276 1408 1527 1748
4 1499 1774 1218 1827
4 1001 697 752 1565
4 697 752 1565 1972
4 1334 1263 1651 1762
4 1258 1678 1666 1836
4 554 1726 1580 1787
4 600 1006 1066 1468
4 1539 1588 1202 1961
4 99 1620 1188 1881
4 543 1005 530 1651
4 1479 1742 1264 1752
4 1035 803 801 1479
4 1404 1782 1422 1878
4 1260 1824 1528 1924
4 294 325 324 1839
4 769 282 280 1855
4 602 1436 603 1684
4 1245 1580 1415 1726
4 449 448 550 1480
4 533 909 1460 1688
4 291 904 859 1701
4 1545 1590 1205 1854
4 693 407 430 1414
4 892 298 296 1401
4 1247 1547 1713 1967
4 361 1456 863 1926
4 1222 1518 1556 1683
4 637 1639 872 1899
4 1417 1555 1285 1984
4 1203 1708 1864 1906
4 107 1669 1180 1771
4 1249 1569 1355 1764
4 647 648 1761 1991
4 455 815 1826 1923
4 1284 1351 1682 1780
4 1346 1672 1230 1958
4 58 706 57 1440
4 1204 1501 1824 1924
4 344 845 341 1422
4 295 763 443 1621
4 1393 1710 1223 1796
4 941 190 1535 1989
4 1253 1618 1356 1889
4 1455 1736 1215 1859
4 335 1574 619 1891
4 1457 1512 1294 1792
4 803 801 1479 1902
4 334 1035 1067 1587
4 1250 1696 1585 1747
4 219 917 776 1459
4 884 916 914 1582
4 1277 1695 1362 1824
4 1559 1777 1251 1980
4 335 337 619 1574
4 1252 1457 1779 1792
4 1160 1425 1648 1804
4 1452 1746 633 1951
4 872 88 1639 1917
4 1250 1649 1555 1982
4 1429 1217 1820 1946
4 605 1815 1403 1913
4 1241 1348 1635 1699
4 1279 1713 1475 1978
4 1251 1517 1590 1733
4 486 487 488 1632
4 1334 1661 1233 1737
4 426 724 1716 1783
4 1250 1555 1768 1982
4 1217 1528 1367 1840
4 1429 1820 1217 1909
4 1541 1818 1328 1874
4 339 1725 359 1926
4 110 1193 1009 1804
4 1273 1338 1693 1816
4 1244 1340 1649 1918
4 345 432 406 1851
4 1222 1390 1524 1911
4 60 61 131 1664
4 1387 1716 967 1901
4 1501 1528 1217 1909
4 305 241 851 1668
4 1349 1275 1615 1686
4 1294 1562 1481 1786
4 785 910 684 1965
4 1394 1870 1426 1986
4 1428 1826 1323 1923
4 648 1552 1761 1991
4 400 401 399 1783
4 1450 1734 889 1769
4 688 638 634 1746
4 360 1042 430 1725
4 152 151 153 1446
4 1345 1677 1281 1776
4 1268 1605 1412 1931
4 201 202 199 1627
4 1447 1895 1836 1963
4 802 805 645 1902
4 1535 1756 1386 1989
4 845 1422 1782 1878
4 603 602 108 1436
4 249 247 1769 1861
4 714 515 453 1937
4 1209 1492 1673 1918
4 754 1001 753 1565
4 1247 1595 1547 1967
4 569 568 1599 1985
4 1244 1649 1557 1673
4 1097 1766 1017 1887
4 373 376 970 1417
4 783 366 457 1657
4 1590 1854 1545 1986
4 1222 1518 1683 1911
4 1287 1605 1360 1808
4 1342 1820 1611 1909
4 749 875 1707 1894
4 1004 1003 754 1529
4 710 712 958 1670
4 833 91 834 1697
4 1238 1665 1656 1882
4 859 1424 446 1883
4 1363 1555 1228 1720
4 1004 114 786 1609
4 774 307 836 1625
4 1238 1374 1882 1958
4 978 523 971 1408
4 91 1504 1007 1910
4 1387 1778 1537 1952
4 1510 1820 1217 1946
4 755 832 756 1710
4 1456 1734 863 1926
4 966 208 950 1676
4 1207 1427 1630 1663
4 1442 1767 1521 1979
4 1132 1133 1564 1809
4 1265 1388 1789 1944
4 1566 1678 1258 1836
4 965 1605 152 1931
4 1430 1251 1598 1935
4 603 1684 1436 1863
4 1067 1587 1035 1752
4 126 1022 550 1413
4 899 1777 416 1935
4 1561 1585 1242 1739
4 974 972 167 1658
4 333 336 335 1574
4 1252 1792 1407 1915
4 282 308 284 1855
4 1209 1673 1649 1918
4 301 1646 351 1979
4 1272 1549 1458 1840
4 232 234 330 1430
4 1086 1684 603 1863
4 1536 1630 1227 1933
4 1099 566 1021 1985
4 175 177 206 1464
4 1241 1635 1489 1699
4 765 764 1041 1753
4 1214 1380 1523 1896
4 1075 781 782 1867
4 561 563 562 1729
4 522 480 1579 1941
4 956 173 987 1695
4 1217 1367 1549 1840
4 834 1008 996 1910
4 415 855 876 1790
4 1394 1719 1302 1883
4 1272 1429 1658 1946
4 1085 1577 1058 1878
4 571 548 1029 1669
4 1504 1845 1007 1910
4 1257 1579 1399 1687
4 214 874 964 1778
4 151 858 153 1446
4 1153 1160 1181 1425
4 1129 1006 1149 1664
4 507 506 1615 1686
4 1711 1829 1338 1915
4 1497 1633 1206 1817
4 1258 1678 1609 1988
4 218 884 914 1582
4 1277 1692 1464 1695
4 365 429 719 1567
4 597 690 1623 1819
4 604 1631 599 1684
4 927 1022 126 1413
4 480 944 1687 1941
4 590 1698 591 1971
4 1160 1162 1189 1648
4 1379 1223 1524 1817
4 723 1453 722 1925
4 448 1480 437 1831
4 467 1421 901 1877
4 1059 632 1076 1722
4 444 1598 766 1935
4 852 1735 1395 1897
4 338 357 1044 1868
4 1244 1557 1649 1982
4 1223 1524 1393 1796
4 1245 1580 1726 1787
4 245 1531 247 1861
4 1485 1675 1296 1938
4 1375 656 1844 1867
4 1236 1400 1682 1961
4 1387 1793 214 1952
4 87 1385 1845 1934
4 987 981 528 1885
4 1253 1690 1449 1889
4 722 723 989 1453
4 1207 1575 1358 1773
4 923 1482 1196 1922
4 1577 1878 1404 1918
4 792 793 791 1759
4 1355 1659 1316 1912
4 287 288 252 1629
4 838 1078 1077 1764
4 1259 1562 1407 1904
4 726 725 427 1419
4 637 872 635 1899
4 1002 466 787 1525
4 1227 1508 1507 1650
4 160 874 1537 1778
4 1027 1073 545 1476
4 916 323 921 1715
4 574 563 864 1532
4 973 726 1703 1901
4 584 1513 569 1898
4 1444 1521 1240 1767
4 610 607 939 1903
4 1303 1878 1577 1918
4 294 324 301 1646
4 411 1744 761 1883
4 1533 1718 1270 1906
4 1363 1649 1557 1982
4 504 1615 1454 1953
4 1203 1367 1549 1963
4 1340 1577 1404 1918
4 1519 1697 1296 1938
4 1201 1700 1619 1770
4 1357 1810 497 1936
4 429 943 1437 1801
4 245 244 1531 1861
4 1278 1586 1498 1948
4 574 1532 306 1977
4 1163 1162 1648 1763
4 927 554 1022 1726
4 1740 1805 1282 1894
4 1228 1555 1363 1822
4 274 788 1601 1712
4 130 1158 1153 1652
4 1210 1506 1396 1842
4 1555 1649 1363 1982
4 137 1548 139 1841
4 404 405 403 1803
4 928 954 123 1680
4 812 464 577 1507
4 1203 1864 1494 1906
4 961 966 1454 1886
4 1218 1383 1566 1827
4 801 802 645 1902
4 1376 1694 1446 1813
4 869 1921 1855 1929
4 571 1155 107 1669
4 962 1794 1527 1843
4 1536 1768 1242 1933
4 418 1505 405 1834
4 753 1565 50 1710
4 455 815 814 1826
4 911 1686 1772 1975
4 1426 1576 1232 1870
4 229 227 926 1758
4 487 1632 485 1916
4 1363 1557 1201 1982
4 286 281 1081 1753
4 533 909 618 1460
4 781 674 782 1499
4 1264 1572 1524 1966
4 275 274 276 1601
4 195 196 197 1671
4 1352 1688 1460 1805
4 1170 1538 1192 1964
4 1240 1396 1506 1842
4 731 878 732 1559
4 1269 1654 1423 1694
4 872 1639 873 1917
4 1250 1555 1417 1984
4 1685 1781 779 1968
4 1365 1601 1301 1846
4 952 813 942 1843
4 1285 1843 1527 1927
4 1034 1067 639 1587
4 394 395 393 1503
4 766 444 899 1598
4 1280 1736 1455 1859
4 1261 1566 1383 1827
4 1560 1779 1407 1915
4 694 1436 1018 1564
4 685 872 1639 1899
4 1417 1250 1747 1830
4 1305 1539 1484 1743
4 43 819 42 1784
4 405 460 997 1900
4 521 476 940 1461
4 1459 1671 1274 1838
4 837 354 1727 1939
4 1201 1557 1700 1892
4 1299 1683 1518 1911
4 1261 1375 1540 1827
4 1594 1257 1756 1941
4 1157 1185 25 1538
4 603 1436 694 1863
4 1388 1265 1789 1920
4 1393 1524 1223 1966
4 441 1719 1597 1782
4 555 1580 553 1787
4 175 206 987 1695
4 1410 1790 1531 1939
4 480 944 478 1687
4 1415 1592 1245 1905
4 609 608 1045 1815
4 1343 1214 1800 1896
4 767 280 278 1846
4 1462 1685 830 1968
4 452 453 1521 1979
4 646 1730 644 1991
4 1006 600 612 1468
4 288 320 692 1489
4 168 849 170 1429
4 663 1659 661 1912
4 1275 1686 1349 1751
4 1208 1583 1474 1882
4 1028 1482 923 1922
4 54 118 1418 1951
4 103 548 546 1331
4 872 873 88 1917
4 96 633 55 1452
4 1435 1236 1884 1920
4 299 237 875 1445
4 1283 1523 1380 1896
4 222 1614 854 1942
4 484 485 486 1632
4 965 150 152 1605
4 270 311 272 1812
4 1322 1939 1531 1956
4 1108 1013 129 1491
4 179 955 177 1856
4 50 1565 752 1972
4 921 1715 323 1875
4 443 885 442 1621
4 963 527 968 1818
4 1052 1814 1618 1928
4 334 1587 332 1890
4 1572 1817 1524 1966
4 1243 1589 1392 1644
4 1243 1644 1514 1753
4 527 985 955 1818
4 1255 1716 1617 1783
4 1259 1737 1407 1792
4 1549 1840 1272 1946
4 485 1632 1522 1916
4 308 1855 869 1921
4 519 1546 807 1810
4 1244 1577 1642 1850
4 1212 1550 1400 1711
4 519 808 807 1546
4 292 1693 223 1942
4 623 900 624 1775
4 753 50 49 1710
4 619 1450 620 1891
4 1398 1578 1237 1990
4 101 823 824 1585
4 320 692 1489 1891
4 833 998 121 1938
4 1061 1651 529 1802
4 818 462 994 1675
4 376 737 970 1417
4 300 926 227 1433
4 712 426 713 1466
4 1258 1383 1685 1781
4 1196 923 1187 1482
4 1292 1733 1590 1854
4 739 878 1559 1777
4 179 1818 955 1856
4 222 292 223 1942
4 192 194 193 1945
4 1211 1354 1691 1978
4 231 235 233 1707
4 869 1855 770 1929
4 1043 599 604 1631
4 1021 1096 954 1680
4 329 1610 144 1765
4 169 168 170 1820
4 676 1080 1514 1853
4 542 540 541 1750
4 1418 1603 1278 1705
4 842 910 1659 1965
4 567 614 573 1513
4 850 1423 934 1969
4 1169 1170 1192 1544
4 343 341 322 1634
4 1252 1706 1420 1829
4 1429 1217 1840 1909
4 508 946 506 1686
4 1199 1157 1088 1538
4 1250 1768 1555 1984
4 1252 1512 1457 1792
4 273 838 289 1928
4 833 1697 998 1938
4 1251 1430 1920 1935
4 706 1440 58 1971
4 1308 1887 1766 1922
4 417 405 1505 1834
4 969 421 364 1457
4 1278 1705 1603 1900
4 158 157 156 1654
4 1426 1870 1232 1986
4 803 1479 804 1902
4 1232 1576 1426 1986
4 1247 1610 1471 1798
4 1253 1618 1371 1812
4 854 1614 215 1823
4 1471 1715 145 1808
4 1306 1663 1504 1845
4 905 1701 328 1825
4 311 790 789 1812
4 709 1670 710 1969
4 85 994 787 1525
4 1251 1920 1465 1935
4 1214 1531 1380 1896
4 929 123 1087 1415
4 476 478 940 1687
4 659 670 846 1569
4 212 942 941 1535
4 383 464 812 1507
4 873 643 832 1917
4 475 445 474 1797
4 1331 1714 1478 1858
4 658 780 675 1844
4 281 1589 1081 1753
4 551 1787 552 1897
4 1007 1504 42 1845
4 1329 1753 1589 1892
4 1284 1811 1780 1821
4 872 641 873 1639
4 164 1793 165 1952
4 1522 1541 1225 1632
4 808 807 1546 1810
4 1455 1521 1280 1937
4 1188 1620 1186 1881
4 42 1007 91 1504
4 697 997 696 1451
4 1316 1355 1912 1983
4 969 1457 364 1932
4 1049 929 558 1726
4 1346 1290 1725 1868
4 493 494 492 1885
4 885 871 890 1576
4 1223 1796 1493 1973
4 911 946 1686 1975
4 934 1423 1732 1969
4 1151 1677 127 1771
4 1587 1752 1479 1890
4 1232 1394 1545 1986
4 1504 1697 1234 1910
4 1173 1174 1176 1858
4 1197 1188 1019 1620
4 883 699 700 1548
4 1016 932 127 1771
4 1209 1649 1363 1720
4 1207 1630 1359 1728
4 1611 1820 1429 1909
4 1465 1884 1236 1920
4 1212 1400 1550 1682
4 726 973 725 1901
4 390 758 757 1530
4 1132 1102 1133 1809
4 778 155 157 1694
4 1419 1617 1255 1716
4 679 1577 681 1850
4 1374 1698 1230 1958
4 854 840 293 1420
4 30 740 31 1653
4 899 878 416 1777
4 911 946 508 1686
4 550 1022 551 1787
4 1050 1130 108 1645
4 1243 1589 1753 1892
4 1265 1388 1944 1987
4 507 505 774 1615
4 1241 1635 1731 1800
4 969 1925 1457 1932
4 1266 1730 1462 1761
4 1370 1311 1612 1841
4 737 970 1417 1830
4 91 43 42 1504
4 813 1502 372 1826
4 835 1681 180 1856
4 345 623 432 1851
4 361 1725 1456 1926
4 733 35 117 1786
4 475 1542 445 1797
4 809 1558 499 1810
4 1264 1524 1393 1966
4 381 380 379 1650
4 1222 1467 1572 1955
4 1243 1626 1728 1983
4 652 1499 654 1774
4 1203 1533 1708 1906
4 423 1646 301 1979
4 389 387 390 1530
4 1583 1847 1291 1882
4 1174 1166 1165 1478
4 1245 1578 1398 1990
4 248 354 837 1939
4 899 766 1598 1935
4 1252 1779 1407 1792
4 1431 1674 1405 1885
4 1285 1741 1508 1981
4 602 601 108 1645
4 55 1452 633 1951
4 1233 1560 1421 1877
4 1349 1751 1686 1975
4 518 770 769 1855
4 1159 1652 1170 1964
4 30 1079 29 1762
4 1192 1538 1199 1962
4 1038 800 673 1683
4 498 496 497 1936
4 1254 1404 1604 1862
4 270 272 271 1618
4 449 1787 551 1897
4 1272 1658 1368 1864
4 308 770 869 1855
4 808 1810 1546 1957
4 507 508 506 1686
4 853 851 888 1668
4 1147 1106 1015 1914
4 459 886 1798 1875
4 826 827 671 1721
4 1195 1172 1173 1660
4 838 1077 289 1636
4 909 300 618 1460
4 1230 1547 1613 1930
4 1230 1583 1374 1958
4 977 976 793 1496
4 782 1499 674 1814
4 430 693 1414 1863
4 1098 1024 1771 1950
4 1514 1880 676 1912
4 901 467 420 1421
4 515 1094 1032 1881
4 1270 1676 1454 1953
4 1373 1696 1340 1850
4 1656 1665 1327 1882
4 622 301 423 1646
4 511 441 1597 1782
4 265 808 267 1957
4 1257 1509 1822 1876
4 1383 1781 1397 1852
4 1056 581 582 1612
4 1281 1771 1669 1950
4 1245 1398 1580 1990
4 459 1798 1443 1875
4 421 959 347 1954
4 1115 1124 1118 1596
4 1105 1140 1144 1564
4 364 1457 421 1954
4 1291 1665 1468 1882
4 417 1505 405 1919
4 1303 1604 1422 1878
4 662 663 661 1912
4 1276 1527 1408 1848
4 816 456 1527 1981
4 1276 1748 1619 1770
4 177 176 178 1856
4 1103 1491 129 1949
4 482 1579 481 1929
4 1120 1109 1111 1600
4 1287 1532 1412 1977
4 808 807 1810 1957
4 417 418 405 1834
4 421 1779 959 1954
4 144 329 142 1610
4 1218 1356 1889 1895
4 1259 1407 1737 1904
4 845 1422 1719 1782
4 1036 1479 803 1890
4 1248 1635 1489 1800
4 1342 1695 1362 1849
4 696 1451 997 1900
4 1086 1046 603 1684
4 1259 1407 1562 1792
4 1083 632 119 1722
4 947 1594 949 1941
4 1051 109 936 1949
4 465 386 388 1519
4 1207 1728 1626 1983
4 1265 1590 1430 1920
4 1619 1700 1201 1822
4 993 995 460 1900
4 1172 1482 1187 1881
4 48 47 1609 1968
4 503 501 517 1835
4 957 161 961 1886
4 276 1601 309 1846
4 405 1505 460 1900
4 320 1699 333 1891
4 192 193 1483 1945
4 1272 1368 1658 1793
4 1214 1731 1406 1800
4 1103 1109 1108 1491
4 1120 1111 1114 1600
4 47 1781 1609 1968
4 452 705 472 1442
4 1187 1482 124 1881
4 1080 1082 676 1514
4 134 25 1091 1652
4 1160 1181 1425 1804
4 1511 1655 1304 1806
4 571 107 1024 1669
4 423 301 351 1979
4 1534 1739 684 1965
4 494 1431 528 1885
4 691 1776 432 1950
4 422 1832 1453 1932
4 531 532 471 1444
4 328 303 327 1568
4 370 369 368 1832
4 1575 1773 1207 1974
4 1114 1120 1600 1665
4 584 569 1051 1898
4 764 676 1514 1880
4 402 401 1783 1803
4 1243 1728 1514 1983
4 1343 1769 1531 1896
4 785 41 87 1845
4 1258 1666 1678 1988
4 1208 1847 1583 1882
4 845 1782 1063 1878
4 1765 1808 146 1977
4 1371 1618 1300 1928
4 1214 1354 1731 1908
4 1291 1664 1468 1665
4 1129 1142 1119 1468
4 1229 1691 1354 1857
4 1404 1647 1254 1782
4 1417 1747 737 1830
4 372 371 370 1785
4 105 610 939 1903
4 1129 1119 1101 1468
4 139 137 883 1548
4 1143 1106 1139 1599
4 938 1923 913 1945
4 99 1150 925 1881
4 1032 531 470 1444
4 1201 1472 1768 1982
4 693 436 407 1831
4 983 1662 760 1849
4 719 429 1010 1960
4 1204 1824 1511 1924
4 945 948 312 1571
4 118 53 1418 1899
4 35 727 90 1647
4 1252 1407 1779 1915
4 1205 1616 1512 1940
4 498 984 496 1936
4 1414 1725 1346 1879
4 1362 1695 1342 1824
4 826 846 821 1486
4 923 1028 531 1482
4 1300 1499 1814 1889
4 267 270 268 1618
4 350 1725 339 1868
4 732 899 915 1598
4 1336 1710 1462 1796
4 54 633 118 1951
4 54 118 53 1418
4 1273 1693 1749 1816
4 1201 1557 1472 1982
4 424 1521 453 1979
4 934 1732 912 1969
4 829 779 830 1685
4 396 398 397 1617
4 1150 99 1188 1881
4 408 863 361 1456
4 627 1805 539 1894
4 597 689 690 1819
4 441 413 438 1719
4 180 835 213 1681
4 668 843 665 1965
4 197 739 731 1559
4 1169 1167 1544 1677
4 1308 1766 1526 1858
4 1318 1442 1646 1709
4 958 935 710 1670
4 279 277 278 1846
4 481 1579 479 1921
4 485 1522 483 1916
4 583 1051 936 1949
4 452 424 453 1979
4 1442 1767 705 1821
4 854 1420 293 1942
4 1425 1804 937 1960
4 607 1801 461 1903
4 733 734 86 1788
4 1027 545 469 1802
4 652 674 654 1499
4 230 1465 232 1935
4 468 424 351 1979
4 1235 1453 1832 1932
4 449 437 1480 1897
4 1377 1646 1273 1693
4 661 659 660 1569
4 1061 529 545 1802
4 342 1515 1055 1860
4 1424 1944 1388 1987
4 1514 1728 1316 1983
4 1571 1628 1309 1735
4 267 808 896 1546
4 134 1652 608 1815
4 211 1622 210 1813
4 1334 1737 1653 1904
4 1287 1765 1532 1977
4 1238 1631 1374 1958
4 617 1570 595 1698
4 1266 1911 1390 1991
4 1363 1822 1509 1876
4 1196 1187 1195 1482
4 528 494 986 1431
4 1218 1836 1447 1895
4 1155 1194 1190 1669
4 476 477 478 1976
4 1648 1324 1837 1859
4 518 483 1522 1916
4 212 941 188 1535
4 202 220 221 1780
4 665 664 1880 1912
4 434 433 469 1802
4 245 243 244 1861
4 178 835 180 1856
4 222 215 854 1614
4 1266 1390 1730 1991
4 530 434 529 1802
4 1339 1685 1383 1774
4 1317 1676 1368 1864
4 1368 1658 1317 1864
4 1715 1717 1267 1875
4 647 1761 1730 1991
4 139 1548 883 1798
4 1349 1269 1751 1975
4 308 763 284 1500
4 387 388 386 1519
4 705 704 472 1811
4 894 519 495 1674
4 1019 1188 99 1620
4 1271 1801 1799 1903
4 915 445 475 1542
4 491 489 520 1554
4 613 140 142 1610
4 1109 1135 1108 1491
4 47 806 46 1781
4 1272 1658 1864 1946
4 1206 1467 1633 1751
4 619 337 359 1926
4 1049 558 1580 1726
4 320 1489 1699 1891
4 1106 1599 1015 1914
4 1217 1429 1840 1946
4 1385 1934 1659 1974
4 331 302 897 1606
4 372 374 373 1502
4 268 1618 1052 1814
4 1367 1895 1690 1963
4 1210 1396 1624 1842
4 231 232 230 1465
4 1470 1775 1411 1950
4 1100 1122 1136 1680
4 148 146 1808 1977
4 1260 1824 1662 1849
4 518 483 770 1929
4 1433 1758 227 1780
4 1233 1560 1407 1915
4 1245 1596 1413 1905
4 1308 1660 1482 1922
4 53 1705 1418 1899
4 426 724 713 1716
4 1056 582 583 1898
4 1133 1102 104 1809
4 421 1457 1779 1954
4 264 265 266 1593
4 772 1835 1402 1953
4 714 453 424 1521
4 1337 1628 1571 1735
4 829 779 1685 1781
4 889 1734 861 1769
4 961 208 966 1886
4 525 966 504 1454
4 351 324 628 1839
4 831 677 830 1462
4 1256 1361 1670 1919
4 1244 1378 1642 1860
4 518 485 483 1916
4 1616 1792 1512 1940
4 364 1932 1457 1954
4 591 595 596 1698
4 907 508 507 1686
4 626 299 875 1740
4 1038 1070 800 1683
4 1514 1853 1355 1912
4 1769 1861 1531 1896
4 1662 1824 1362 1849
4 971 816 962 1527
4 514 512 356 1789
4 645 805 646 1991
4 1075 782 1052 1814
4 118 1418 1746 1899
4 1067 639 1587 1752
4 1287 1605 1808 1977
4 1407 1653 1233 1737
4 813 372 814 1826
4 718 1567 719 1960
4 952 862 962 1843
4 1294 1512 1616 1792
4 1387 1368 1793 1952
4 1248 1629 1489 1890
4 1284 1682 1550 1961
4 1062 1647 727 1795
4 620 619 458 1450
4 109 569 1015 1599
4 1237 1571 1729 1990
4 1465 1920 1430 1935
4 1062 544 1084 1647
4 343 1634 750 1870
4 1266 1666 1462 1796
4 664 676 1880 1912
4 1290 1574 1450 1926
4 361 360 1725 1926
4 210 1813 1622 1931
4 35 1647 90 1786
4 609 1437 606 1815
4 1581 1700 1286 1892
4 1285 1527 1508 1748
4 1261 1383 1721 1827
4 1050 128 1148 1645
4 339 350 1042 1725
4 215 216 200 1614
4 640 1035 801 1752
4 738 824 823 1747
4 1266 1552 1911 1991
4 1245 1413 1726 1905
4 1122 1415 1145 1905
4 481 482 480 1579
4 1465 1707 1236 1758
4 157 209 778 1975
4 1337 1395 1628 1735
4 393 462 391 1675
4 673 1683 1552 1991
4 1383 1261 1721 1852
4 320 333 335 1891
4 1447 1246 1895 1963
4 1205 1733 1432 1854
4 1046 1042 604 1684
4 1018 694 603 1436
4 207 974 169 1510
4 131 1006 612 1664
4 382 792 385 1759
4 306 1765 146 1977
4 897 1606 299 1740
4 1824 1849 1260 1909
4 1289 1815 1652 1913
4 160 159 158 1654
4 1109 1491 1103 1949
4 226 1780 304 1821
4 1275 1402 1625 1955
4 1458 1549 1367 1840
4 780 1636 1844 1867
4 644 1730 643 1757
4 634 118 633 1746
4 1491 1847 1291 1865
4 1602 1713 1200 1967
4 447 1003 399 1529
4 1049 1580 555 1726
4 1116 1596 1592 1905
4 1455 1521 1318 1736
4 780 1844 656 1867
4 286 841 279 1644
4 611 1637 1074 1638
4 48 786 114 1609
4 1385 1316 1659 1965
4 224 210 211 1622
4 1015 569 568 1599
4 429 419 943 1801
4 1618 1814 1300 1928
4 1242 1630 1536 1933
4 297 1054 1053 1679
4 207 1510 169 1820
4 379 380 378 1508
4 1342 1362 1824 1849
4 440 861 863 1734
4 1666 1796 1493 1988
4 514 1744 1789 1944
4 1254 1719 1422 1782
4 805 1683 1038 1991
4 1203 1708 1549 1864
4 839 776 902 1838
4 734 1788 736 1830
4 990 905 328 1825
4 130 1014 1158 1652
4 91 1007 1008 1910
4 499 1558 500 1936
4 590 592 591 1698
4 837 836 254 1871
4 597 1060 689 1819
4 658 660 659 1844
4 534 1688 532 1887
4 1244 1472 1557 1982
4 205 951 963 1541
4 265 1593 263 1957
4 1508 1527 1285 1981
4 441 438 511 1597
4 889 861 249 1769
4 1336 1493 1796 1988
4 1235 1428 1657 1832
4 1402 1270 1718 1953
4 305 851 852 1735
4 1272 1793 1703 1901
4 118 1746 635 1899
4 1283 1380 1668 1861
4 1278 1505 1451 1900
4 1527 1794 1341 1843
4 609 943 606 1437
4 1213 1743 1435 1987
4 467 901 908 1877
4 342 1515 321 1872
4 1491 1612 1847 1865
4 458 863 1734 1926
4 1477 1558 1270 1835
4 582 1612 136 1841
4 549 624 900 1470
4 1471 1287 1765 1967
4 786 48 47 1609
4 1351 1409 1627 1980
4 249 245 247 1861
4 334 1067 332 1587
4 491 490 489 1554
4 485 484 483 1522
4 1342 1849 1824 1909
4 1131 1139 1110 1949
4 906 446 905 1825
4 458 361 863 1926
4 1583 1882 1374 1958
4 1441 1653 1233 1877
4 57 56 700 1791
4 327 1568 326 1851
4 1208 1723 1578 1888
4 692 619 620 1891
4 742 1011 744 1779
4 1135 1120 1142 1664
4 656 780 658 1844
4 1251 1777 1884 1980
4 118 634 635 1746
4 132 1538 26 1913
4 920 191 1483 1947
4 654 1499 781 1867
4 276 788 309 1601
4 1351 1884 1777 1980
4 555 557 556 1580
4 246 247 245 1531
4 1018 603 108 1436
4 552 918 852 1897
4 1425 1648 1324 1837
4 1265 1563 1435 1987
4 361 359 360 1926
4 1236 1465 1758 1884
4 1489 1587 1248 1890
4 585 132 26 1913
4 960 1457 969 1925
4 458 1450 619 1926
4 1371 1712 1405 1812
4 902 854 839 1823
4 1200 1613 1475 1745
4 813 1502 1843 1981
4 1287 1412 1605 1977
4 282 281 280 1589
4 417 1834 1505 1919
4 1251 1777 1465 1884
4 1467 1206 1633 1817
4 308 869 763 1921
4 1410 1772 1376 1790
4 624 1470 549 1950
4 1653 1737 1407 1904
4 1085 680 1058 1577
4 634 636 635 1746
4 1343 1800 1731 1896
4 586 611 1074 1638
4 148 150 578 1605
4 148 1605 578 1977
4 355 345 406 1851
4 458 1734 1450 1926
4 322 298 1634 1872
4 899 444 915 1598
4 1266 1796 1524 1973
4 317 979 849 1703
4 1443 1548 1247 1798
4 1248 1406 1635 1800
4 1278 1603 1418 1948
4 535 534 532 1887
4 344 412 413 1719
4 1490 1613 1290 1672
4 1477 1593 1246 1957
4 164 165 163 1952
4 1258 1609 1968 1988
4 845 1719 441 1782
4 289 1636 1075 1928
4 1474 1238 1882 1958
4 556 945 579 1571
4 1206 1467 1572 1817
4 764 664 676 1880
4 342 795 1515 1860
4 1457 1925 1453 1932
4 448 449 437 1480
4 1169 1178 1167 1677
4 918 1735 852 1897
4 818 1485 121 1938
4 480 479 481 1579
4 410 512 513 1870
4 725 1716 1419 1901
4 750 322 298 1634
4 1313 1600 1491 1847
4 1317 1864 1658 1946
4 1030 1147 1015 1914
4 187 949 185 1594
4 1186 1172 1150 1881
4 1013 1090 133 1491
4 831 830 102 1462
4 449 551 552 1897
4 1513 1599 1288 1985
4 161 1886 1537 1952
4 124 1187 923 1482
4 1223 1524 1796 1973
4 1269 1694 1376 1772
4 138 582 136 1841
4 189 204 187 1756
4 1077 675 780 1636
4 1474 1882 1583 1958
4 1493 1666 1203 1973
4 816 456 962 1527
4 311 270 896 1812
4 1283 1380 1861 1896
4 1324 1648 1425 1804
4 433 435 1026 1637
4 968 205 963 1541
4 1461 1687 1399 1976
4 641 872 637 1639
4 204 1687 944 1941
4 962 1527 456 1843
4 111 1073 1027 1476
4 560 948 945 1729
4 1174 1168 1182 1858
4 227 1758 221 1780
4 281 279 280 1644
4 1347 1795 1647 1862
4 919 1542 475 1947
4 1683 1911 1552 1991
4 1206 1742 1572 1807
4 1589 1644 1243 1753
4 40 784 39 1739
4 609 429 943 1437
4 647 677 1730 1761
4 1332 1536 1768 1984
4 1647 1795 1404 1862
4 1261 1721 1375 1827
4 924 72 125 1191
4 340 342 321 1872
4 1017 1526 687 1887
4 1316 1912 1659 1965
4 766 232 330 1935
4 1365 1846 1392 1916
4 625 691 432 1950
4 1282 1588 1539 1961
4 717 1019 1093 1620
4 359 1725 360 1926
4 246 245 244 1531
4 1039 798 1071 1469
4 549 900 547 1470
4 1070 1038 262 1683
4 1049 558 555 1580
4 378 847 375 1741
4 1245 1726 1415 1905
4 981 1692 490 1885
4 1267 1389 1717 1978
4 587 1538 132 1962
4 813 374 1502 1981
4 1258 1685 1462 1968
4 1092 1526 1017 1766
4 977 978 835 1681
4 1272 1387 1793 1901
4 705 304 704 1821
4 1039 1071 269 1469
4 785 40 41 1739
4 468 1455 715 1937
4 1829 1915 1350 1940
4 1297 1773 1569 1974
4 920 933 191 1947
4 1023 1092 125 1766
4 1367 1678 1566 1836
4 1336 1968 1609 1988
4 396 395 394 1503
4 1254 1647 1404 1862
4 1131 936 109 1949
4 82 1153 1181 937
4 1265 1944 1424 1987
4 1286 1855 1500 1921
4 161 1537 162 1952
4 1280 1763 1660 1859
4 1241 1731 1475 1745
4 1300 1814 1618 1889
4 224 210 1622 1931
4 947 185 949 1594
4 1507 1306 1561 1933
4 590 591 112 1971
4 332 333 320 1699
4 835 978 213 1681
4 960 421 969 1457
4 1346 1684 1414 1879
4 1076 439 1005 1463
4 994 1002 787 1525
4 319 320 288 1489
4 1183 70 1152 1023
4 1332 1507 1561 1933
4 61 1107 1089 1664
4 450 451 418 1834
4 379 378 377 1508
4 239 299 897 1606
4 201 199 200 1627
4 462 1002 994 1675
4 1150 1188 1186 1881
4 751 343 750 1870
4 1538 1652 1289 1964
4 948 953 312 1959
4 326 1775 623 1851
4 182 797 184 1848
4 797 1794 184 1848
4 166 867 317 1793
4 193 920 191 1483
4 676 771 1080 1853
4 1125 1112 1139 1599
4 1185 1170 1159 1652
4 1491 1600 1291 1847
4 1020 1620 99 1881
4 939 1012 105 1903
4 115 629 54 1951
4 745 1653 740 1877
4 1270 1402 1835 1953
4 737 1747 738 1830
4 809 499 807 1810
4 295 284 763 1500
4 368 1657 783 1923
4 1297 1784 1504 1934
4 1175 1186 1620 1763
4 663 843 1659 1965
4 455 368 783 1923
4 679 680 681 1577
4 125 924 1191 1766
4 563 564 565 1608
4 613 142 329 1610
4 163 1886 161 1952
4 247 1531 246 1956
4 568 1914 1599 1985
4 761 859 446 1883
4 616 201 1627 1811
4 585 27 1638 1913
4 226 220 304 1780
4 102 1462 830 1968
4 1200 1490 1613 1745
4 958 712 964 1778
4 487 485 768 1916
4 736 734 989 1788
4 1305 1606 1445 1866
4 1541 1874 1328 1943
4 923 1196 94 1922
4 1225 1874 1541 1943
4 715 1620 1093 1937
4 1618 1814 1356 1889
4 1265 1920 1388 1987
4 594 593 598 1631
4 1289 1652 1538 1913
4 1251 1435 1884 1920
4 1237 1729 1398 1990
4 983 760 982 1849
4 677 844 647 1730
4 160 874 162 1537
4 1385 1297 1934 1974
4 459 886 141 1798
4 688 633 96 1452
4 192 193 191 1483
4 1015 1599 568 1914
4 1181 1193 110 1804
4 1017 1766 1526 1887
4 844 643 644 1730
4 1314 1648 1837 1859
4 581 1612 1491 1865
4 1154 924 94 1922
4 357 1057 1044 1570
4 764 676 1082 1514
4 422 989 723 1453
4 200 616 201 1627
4 1559 1598 1251 1777
4 679 681 682 1850
4 836 1625 254 1871
4 871 1797 473 1873
4 845 413 441 1719
4 973 1703 317 1901
4 1449 1889 1690 1895
4 579 1571 312 1959
4 881 898 1749 1816
4 180 213 182 1848
4 327 345 355 1851
4 1059 543 1061 1651
4 195 193 194 1671
4 1318 1646 1442 1979
4 765 795 794 1860
4 191 192 1483 1989
4 492 981 490 1885
4 833 834 998 1697
4 240 224 225 1622
4 276 274 788 1601
4 607 461 939 1903
4 25 26 132 1538
4 224 1622 240 1959
4 217 1611 983 1849
4 1406 1731 1635 1800
4 89 695 52 1705
4 510 1011 908 1560
4 665 663 664 1912
4 1324 1425 1837 1960
4 497 1810 499 1936
4 928 1100 106 1680
4 166 1658 165 1793
4 1192 1157 1199 1538
4 156 157 155 1694
4 566 565 564 1608
4 668 1534 684 1965
4 1416 1636 1249 1764
4 368 367 1657 1832
4 296 285 295 1679
4 452 454 705 1767
4 1017 1092 687 1526
4 152 1813 210 1931
4 25 1088 1157 1538
4 1252 1915 1829 1940
4 983 758 760 1662
4 226 304 618 1821
4 675 1636 1077 1764
4 1421 1877 467 1903
4 627 626 875 1894
4 907 507 775 1727
4 1105 108 7 1130
4 278 277 276 1846
4 684 668 683 1534
4 1173 1766 1184 1922
4 371 372 373 1785
4 127 1677 1151 1962
4 1338 1706 1420 1942
4 627 922 1805 1894
4 436 448 437 1831
4 938 815 913 1923
4 719 718 409 1567
4 634 638 636 1746
4 53 685 1705 1899
4 163 161 162 1952
4 651 650 652 1774
4 462 393 1002 1675
4 820 819 821 1934
4 1124 1596 1116 1905
4 905 859 904 1701
4 616 622 472 1811
4 1299 1552 1683 1911
4 1273 1749 1421 1816
4 834 996 465 1697
4 1214 1731 1523 1908
4 931 104 1102 1809
4 1196 1154 94 1922
4 1056 129 1491 1949
4 1552 1266 1761 1991
4 702 630 992 1717
4 817 121 818 1485
4 44 121 45 1760
4 1045 130 937 1425
4 579 312 240 1959
4 1265 1744 1424 1944
4 1262 1411 1775 1851
4 1465 1777 1251 1935
4 387 385 791 1759
4 871 473 349 1873
4 711 404 1803 1919
4 575 574 578 1977
4 127 1151 1068 1962
4 1061 545 1079 1762
4 473 1797 349 1873
4 253 1629 251 1871
4 1523 1731 1354 1908
4 264 263 265 1593
4 839 902 1823 1838
4 1405 1674 1253 1812
4 1261 1760 1721 1852
4 1279 1440 1623 1930
4 111 585 27 1638
4 625 1776 691 1950
4 1007 41 991 1845
4 1163 1171 1162 1763
4 196 839 198 1823
4 93 720 33 1562
4 610 116 607 1799
4 781 654 674 1499
4 1251 1884 1465 1920
4 1038 1683 673 1991
4 752 50 753 1565
4 1241 1450 1574 1891
4 59 60 1667 1865
4 242 855 415 1790
4 511 544 441 1782
4 342 795 1054 1515
4 209 1654 159 1975
4 287 253 1037 1629
4 888 1668 243 1861
4 1184 924 1154 1922
4 652 654 653 1774
4 802 1069 805 1902
4 1144 1133 1064 1564
4 1085 681 680 1577
4 1628 1869 1337 1990
4 805 1038 673 1991
4 739 879 878 1777
4 878 731 739 1559
4 144 146 1765 1808
4 813 1843 456 1981
4 1257 1579 1687 1941
4 1417 1785 1298 1830
4 39 38 823 1585
4 881 313 509 1816
4 1225 1516 1874 1943
4 1651 1762 1263 1802
4 1138 106 1100 1680
4 973 317 867 1901
4 1648 1763 1324 1859
4 965 578 150 1605
4 881 898 325 1749
4 1115 1116 1124 1596
4 532 533 471 1688
4 144 145 146 1808
4 456 1843 1527 1981
4 1314 1763 1648 1859
4 1145 1122 1137 1415
4 487 486 485 1632
4 643 641 642 1757
4 845 1063 362 1878
4 1164 1170 1544 1964
4 430 1086 693 1863
4 344 413 845 1719
4 1172 1187 1150 1881
4 1395 1735 1337 1897
4 762 761 411 1744
4 1280 1506 1736 1859
4 1569 1764 1249 1844
4 153 156 155 1694
4 1254 1597 1719 1782
4 1407 1737 1233 1915
4 849 980 217 1611
4 1457 1252 1779 1954
4 661 670 659 1569
4 505 506 504 1615
4 1289 1403 1815 1913
4 1501 1342 1824 1909
4 1218 1889 1449 1895
4 554 555 553 1787
4 842 663 843 1659
4 412 411 761 1883
4 128 601 598 1645
4 243 851 241 1668
4 689 638 688 1819
4 1316 1912 1514 1983
4 298 321 297 1872
4 46 806 92 1852
4 1355 1659 1569 1974
4 919 475 521 1947
4 1454 1718 1270 1953
4 1256 1803 1505 1919
4 1563 1907 1213 1987
4 715 468 716 1455
4 672 678 679 1642
4 828 1721 827 1852
4 584 431 613 1898
4 992 451 921 1717
4 170 172 171 1820
4 924 1766 1097 1922
4 505 1615 504 1953
4 367 1657 1832 1932
4 672 1642 679 1850
4 1110 1109 1103 1949
4 1122 1116 1592 1905
4 209 957 946 1975
4 537 538 539 1805
4 106 1099 1680 1914
4 1150 1187 124 1881
4 1154 73 94 924
4 735 737 738 1830
4 531 471 470 1444
4 915 475 919 1542
4 51 50 752 1972
4 130 608 1014 1652
4 925 1150 124 1881
4 615 705 1767 1821
4 1133 10 104 1102
4 172 982 174 1849
4 586 587 132 1962
4 782 674 1039 1814
4 164 214 1793 1952
4 417 405 404 1919
4 402 401 400 1783
4 1291 1847 1600 1882
4 1412 1931 953 1959
4 281 286 279 1644
4 740 745 741 1653
4 89 52 51 1972
4 1272 1864 1549 1946
4 497 519 807 1810
4 1293 1564 1436 1863
4 148 306 146 1977
4 803 802 801 1902
4 882 218 912 1732
4 1009 1095 110 1804
4 1220 1738 1474 1879
4 31 1653 741 1904
4 1267 1713 1602 1967
4 935 710 1670 1969
4 1288 1513 1608 1888
4 215 222 216 1614
4 941 938 190 1989
4 481 1579 1921 1929
4 1272 1703 1419 1901
4 1296 1553 1655 1924
4 467 1877 1012 1903
4 882 934 858 1732
4 1402 1718 1615 1953
4 104 570 1564 1809
4 1067 1035 639 1752
4 333 358 848 1699
4 1153 82 130 937
4 721 743 960 1925
4 465 998 1697 1938
4 565 567 1608 1985
4 461 419 420 1801
4 498 497 499 1936
4 1677 1771 1281 1776
4 59 1667 135 1865
4 368 367 366 1657
4 924 1184 72 1191
4 1288 1608 1513 1985
4 365 719 409 1567
4 777 778 876 1772
4 128 1101 1148 1645
4 907 1727 354 1939
4 1012 745 740 1877
4 519 896 808 1546
4 399 397 398 1617
4 780 1075 1636 1867
4 544 729 1063 1782
4 627 922 539 1805
4 1176 1152 1191 1766
4 673 1552 648 1991
4 367 366 1657 1932
4 1140 1132 1133 1564
4 970 975 371 1785
4 842 1659 843 1965
4 369 975 422 1832
4 157 1654 209 1975
4 1237 1869 1628 1990
4 1513 1312 1608 1888
4 327 326 345 1851
4 274 789 788 1712
4 442 295 443 1621
4 1725 1868 1290 1926
4 870 477 868 1976
4 1526 1766 1308 1887
4 259 258 260 1518
4 347 959 346 1706
4 1052 1618 271 1928
4 1265 1789 1744 1944
4 1133 104 1564 1809
4 1148 1128 1130 1645
4 1337 1787 1480 1897
4 1184 1766 924 1922
4 315 976 977 1496
4 673 800 799 1552
4 1390 1911 1683 1991
4 554 1049 555 1726
4 1410 1322 1727 1939
4 656 658 657 1844
4 1018 108 7 1105
4 321 342 1054 1515
4 235 749 875 1707
4 1238 1474 1879 1958
4 675 1077 1078 1764
4 457 840 902 1838
4 1258 1781 1685 1968
4 520 789 790 1712
4 617 1057 595 1570
4 1020 1093 99 1620
4 740 741 31 1653
4 243 888 851 1668
4 1600 1665 1291 1882
4 1327 1665 1600 1882
4 842 843 910 1965
4 1020 1093 1620 1937
4 1021 106 1099 1680
4 1184 1191 924 1766
4 289 1077 1075 1636
4 533 534 909 1688
4 499 1810 1558 1936
4 1146 1137 15 929
4 255 253 254 1871
4 728 1062 727 1795
4 626 540 893 1740
4 66 1180 1198 1771
4 1152 1766 1176 1858
4 1260 1849 1611 1909
4 937 1804 1033 1960
4 689 1065 638 1819
4 99 77 925 1150
4 1502 1843 1285 1927
4 228 221 227 1758
4 647 646 648 1991
4 966 950 502 1676
4 196 194 776 1671
4 592 617 595 1698
4 426 400 724 1783
4 415 880 244 1790
4 903 1744 514 1944
4 498 499 500 1936
4 311 896 894 1812
4 1524 1911 1266 1973
4 340 362 1058 1878
4 73 1154 1184 924
4 404 402 711 1803
4 565 1608 566 1985
4 319 334 332 1890
4 303 326 327 1568
4 569 584 614 1513
4 1592 1596 1245 1905
4 66 1198 932 1771
4 530 529 543 1651
4 813 456 374 1981
4 1052 268 271 1618
4 13 927 1134 1104
4 1271 1799 1441 1903
4 382 383 380 1650
4 372 813 374 1502
4 1281 1776 1771 1950
4 1300 1814 1499 1867
4 249 247 811 1769
4 1127 1117 1118 1656
4 828 857 827 1721
4 867 164 214 1793
4 816 377 456 1981
4 371 373 970 1785
4 347 314 363 1954
4 1200 1490 1745 1970
4 1185 1192 1170 1538
4 133 581 1491 1865
4 1445 1740 1282 1894
4 702 1717 921 1875
4 1065 689 1060 1819
4 503 1835 772 1953
4 880 907 354 1939
4 1235 1832 1657 1932
4 106 1680 1138 1914
4 809 501 499 1558
4 604 599 602 1684
4 1454 1615 1718 1953
4 821 819 122 1784
4 1020 1620 1881 1937
4 690 689 688 1819
4 1307 1746 1418 1899
4 1342 1611 1849 1909
4 347 1706 314 1954
4 834 465 998 1697
4 468 715 714 1937
4 1490 1283 1745 1970
4 587 1088 132 1538
4 571 68 1155 1194
4 326 623 345 1851
4 1047 1556 1069 1902
4 140 139 141 1798
4 191 189 190 1989
4 836 256 254 1625
4 569 1513 567 1985
4 627 926 922 1894
4 1730 1761 1266 1991
4 517 895 773 1835
4 865 677 649 1761
4 390 757 389 1530
4 900 331 580 1775
4 1180 1669 1177 1771
4 1288 1914 1680 1985
4 229 749 231 1707
4 1285 1843 1502 1981
4 335 336 337 1574
4 953 1931 224 1959
4 34 35 90 1786
4 159 209 157 1654
4 1281 1411 1776 1950
4 498 500 526 1936
4 1459 1923 1323 1945
4 551 553 552 1787
4 984 498 526 1936
4 103 70 1183 1023
4 204 944 949 1941
4 134 1815 605 1913
4 1466 1716 1255 1783
4 346 313 314 1706
4 1097 924 1017 1766
4 876 911 877 1772
4 359 339 360 1725
4 1274 1823 1420 1838
4 897 299 893 1740
4 146 306 698 1765
4 586 585 611 1638
4 61 60 133 1865
4 1220 1474 1738 1869
4 995 993 686 1603
4 917 902 776 1838
4 184 862 186 1794
4 947 949 522 1941
4 207 984 974 1510
4 1187 1172 1195 1482
4 1017 687 536 1887
4 1341 1822 1619 1927
4 367 1832 422 1932
4 1471 1715 1267 1875
4 1077 780 1075 1636
4 928 17 106 1100
4 1285 1741 1417 1984
4 1036 803 334 1890
4 1092 572 687 1526
4 501 500 499 1558
4 1181 81 110 1193
4 1251 1777 1598 1935
4 581 1056 129 1491
4 615 304 705 1821
4 1442 1811 1284 1821
4 192 1945 1483 1989
4 1162 1161 1163 1648
4 669 829 865 1685
4 709 934 912 1969
4 673 799 648 1552
4 1196 1195 1154 1922
4 101 991 40 1561
4 1276 1794 1527 1848
4 775 837 354 1727
4 56 55 97 1791
4 278 276 309 1846
4 535 1097 1017 1887
4 1283 1734 1450 1769
4 252 251 253 1629
4 291 859 903 1944
4 743 720 93 1562
4 165 166 167 1658
4 110 937 1181 1804
4 1417 1747 1250 1984
4 0 61 1135 1107
4 1157 1 25 1185
4 1527 1843 1285 1981
4 755 51 88 1917
4 154 210 152 1813
4 1203 1549 1708 1963
4 493 495 494 1674
4 779 1781 47 1968
4 654 781 656 1867
4 59 1667 112 1971
4 1317 1549 1708 1864
4 627 875 749 1894
4 1194 571 68 1029
4 39 823 101 1585
4 99 77 1150 1188
4 927 13 98 1104
4 1031 1083 511 1597
4 332 358 333 1699
4 11 931 1102 1141
4 589 112 59 1667
4 32 1722 631 1904
4 75 1196 923 1187
4 655 671 857 1721
4 137 699 883 1548
4 1032 923 531 1482
4 1531 1939 246 1956
4 615 618 304 1821
4 503 517 772 1835
4 839 854 215 1823
4 905 904 328 1701
4 1346 1879 1672 1958
4 53 685 52 1705
4 1136 1138 1680 1914
4 118 685 53 1899
4 447 754 1003 1529
4 1050 108 601 1645
4 931 104 10 1102
4 135 1612 581 1865
4 224 1931 1622 1959
4 278 309 767 1846
4 1430 1789 1265 1920
4 1204 1511 1655 1924
4 642 645 644 1757
4 1093 1019 99 1620
4 289 1075 1052 1928
4 494 528 492 1885
4 1287 1808 1765 1977
4 228 416 879 1777
4 307 256 836 1625
4 1355 1853 1514 1983
4 1298 1788 1487 1830
4 242 415 244 1790
4 663 842 661 1659
4 729 1085 1063 1878
4 938 913 219 1945
4 283 1081 281 1589
4 165 167 972 1658
4 31 32 631 1904
4 1019 1197 78 1188
4 1702 1794 1276 1848
4 1204 1655 1553 1924
4 702 992 921 1717
4 342 1055 795 1860
4 239 290 238 1866
4 516 1008 1007 1910
4 899 416 766 1935
4 60 589 59 1667
4 217 983 982 1849
4 59 112 58 1971
4 647 648 649 1761
4 1731 1800 1214 1896
4 1313 1723 1600 1847
4 107 1098 1024 1771
4 1706 1779 1252 1954
4 651 653 669 1774
4 1471 1765 1287 1808
4 502 950 500 1676
4 1118 1117 1115 1656
4 449 860 437 1897
4 503 504 502 1953
4 760 758 759 1662
4 48 779 47 1968
4 1116 1113 1121 1592
4 945 312 579 1571
4 1306 1845 1504 1910
4 967 1716 725 1901
4 1173 1176 1184 1766
4 438 1031 511 1597
4 1197 1175 1188 1620
4 1649 1673 1244 1918
4 979 973 726 1703
4 755 756 50 1710
4 514 903 762 1744
4 1489 1241 1699 1891
4 1164 1170 1169 1544
4 229 230 228 1758
4 766 230 232 1935
4 1131 109 21 1143
4 1078 771 1764 1853
4 869 870 763 1921
4 1523 1745 1283 1970
4 1178 1180 1177 1771
4 1149 1089 1107 1664
4 271 272 273 1928
4 734 736 735 1830
4 133 581 1013 1491
4 576 991 101 1561
4 869 481 479 1921
4 1122 1116 1121 1592
4 1200 1745 1523 1970
4 337 338 339 1868
4 1024 624 549 1950
4 1283 1745 1523 1896
4 790 311 894 1812
4 1062 1084 90 1647
4 839 215 198 1823
4 1107 1135 1142 1664
4 1009 1193 80 1156
4 647 1730 646 1991
4 778 911 1772 1975
4 1524 1817 1223 1966
4 616 704 201 1811
4 668 684 843 1965
4 1025 435 691 1776
4 211 154 777 1813
4 667 678 672 1642
4 1317 1549 1864 1946
4 507 506 505 1615
4 720 117 34 1786
4 765 666 764 1880
4 1514 1853 1301 1983
4 1129 1149 1142 1664
4 98 929 1049 1726
4 747 748 980 1833
4 1517 1829 1350 1940
4 1185 1158 1091 1652
4 1138 106 17 1100
4 605 606 116 1815
4 1155 107 67 571
4 1457 1932 1366 1954
4 1523 1745 1731 1896
4 771 660 675 1764
4 558 557 555 1580
4 161 160 162 1537
4 1062 90 727 1647
4 998 818 121 1938
4 1019 78 99 1188
4 457 902 917 1838
4 254 251 837 1871
4 926 627 749 1894
4 1179 1677 1169 1962
4 107 1180 66 1771
4 936 1056 583 1949
4 80 110 1193 1009
4 1153 1158 1159 1652
4 1257 1700 1619 1822
4 28 610 29 1799
4 1574 1699 1241 1891
4 326 331 623 1775
4 402 400 426 1783
4 698 329 144 1765
4 1514 1912 1355 1983
4 67 107 1155 1180
4 610 28 116 1799
4 928 123 16 1100
4 696 995 695 1900
4 217 980 983 1611
4 958 874 318 1778
4 187 186 188 1756
4 71 125 1191 1023
4 939 467 1012 1903
4 20 1143 1015 1106
4 217 982 172 1849
4 1497 1223 1817 1966
4 268 1052 1072 1814
4 302 239 897 1606
4 1689 1854 1292 1986
4 126 550 931 1809
4 733 722 734 1788
4 107 66 932 1771
4 1270 1864 1708 1906
4 1270 1708 1533 1906
4 222 854 293 1942
4 59 135 60 1865
4 694 1564 570 1863
4 811 620 889 1769
4 886 459 702 1875
4 1059 631 632 1722
4 1194 69 1183 1029
4 748 428 757 1833
4 87 1845 42 1934
4 1068 1151 1179 1962
4 265 263 310 1957
4 343 322 750 1634
4 483 482 481 1929
4 1020 1881 515 1937
4 738 988 824 1747
4 63 587 1068 1962
4 1456 1725 1290 1926
4 1030 1015 568 1914
4 813 814 942 1826
4 382 380 381 1650
4 1512 1792 1252 1940
4 44 122 43 1784
4 1425 1324 1804 1960
4 348 349 330 1873
4 49 102 48 1968
4 1020 99 925 1881
4 225 224 211 1622
4 1008 463 996 1910
4 367 422 969 1932
4 1013 581 129 1491
4 778 209 911 1975
4 701 700 97 1791
4 657 658 659 1844
4 1089 1149 1006 1664
4 1192 1179 1169 1962
4 138 137 139 1841
4 481 1921 869 1929
4 248 246 1939 1956
4 1292 1854 1590 1986
4 1032 124 923 1482
4 410 871 348 1873
4 898 420 353 1749
4 292 881 294 1693
4 1855 1921 1286 1929
4 995 686 115 1603
4 1098 625 1024 1950
4 1555 1822 1228 1927
4 189 187 188 1756
4 1265 1435 1920 1987
4 1074 611 1026 1637
4 1153 130 83 1158
4 1152 71 1191 1023
4 608 134 1014 1652
4 882 912 934 1732
4 1010 937 1033 1960
4 602 603 1046 1684
4 1033 1804 1095 1960
4 1214 1523 1731 1896
4 1628 1641 1309 1970
4 694 1018 1064 1564
4 752 753 1001 1565
4 32 119 631 1722
4 9 1064 1144 1133
4 1246 1546 1810 1957
4 542 546 547 1750
4 797 962 862 1794
4 1175 1171 1186 1763
4 206 985 981 1692
4 179 178 180 1856
4 104 1040 570 1809
4 1531 1861 1380 1896
4 1211 1691 1948 1978
4 1249 1764 1636 1844
4 76 124 925 1150
4 1217 1840 1549 1946
4 183 205 181 1702
4 886 921 323 1875
4 1019 79 1197 1009
4 847 988 376 1741
4 738 737 988 1747
4 98 554 927 1726
4 1091 25 1 1185
4 596 597 690 1623
4 529 1061 543 1651
4 1137 123 15 929
4 1135 61 0 1090
4 931 11 126 1141
4 129 23 1108 1103
4 224 953 210 1931
4 644 646 647 1730
4 856 682 730 1850
4 1146 14 98 929
4 722 989 734 1788
4 569 614 567 1513
4 1162 1160 1161 1648
4 967 713 725 1716
4 1033 718 719 1960
4 1493 1796 1666 1973
4 247 246 248 1956
4 1157 1192 1185 1538
4 92 825 45 1760
4 1104 14 98 1146
4 164 166 165 1793
4 1207 1773 1663 1974
4 517 773 772 1835
4 286 1081 1041 1753
4 1609 1781 1258 1968
4 856 672 679 1850
4 940 944 204 1687
4 1095 718 1033 1960
4 1043 594 599 1631
4 237 238 236 1866
4 585 26 27 1913
4 894 495 493 1674
4 916 884 323 1715
4 402 403 401 1803
4 1044 1057 617 1570
4 223 292 294 1693
4 139 883 459 1798
4 110 81 1181 937
4 254 253 251 1871
4 50 756 49 1710
4 1166 1173 1172 1660
4 766 416 230 1935
4 596 690 707 1623
4 1041 796 765 1753
4 1505 1834 1361 1919
4 1180 1155 1177 1669
4 615 454 471 1767
4 282 283 281 1589
4 965 152 210 1931
4 1205 1590 1733 1854
4 960 969 723 1925
4 952 962 456 1843
4 561 562 560 1729
4 869 479 870 1921
4 706 112 591 1971
4 37 38 730 1696
4 1147 1125 1106 1914
4 1125 1599 1106 1914
4 1196 94 74 923
4 889 458 863 1734
4 954 928 1021 1680
4 935 709 710 1969
4 268 270 271 1618
4 804 1047 1069 1902
4 37 822 38 1696
4 1599 1914 1288 1985
4 174 175 173 1695
4 785 684 784 1739
4 1123 1124 1116 1905
4 63 1068 1179 1962
4 1188 1175 1186 1620
4 136 581 135 1612
4 932 1016 1098 1771
4 79 1197 1009 1156
4 938 1945 192 1989
4 932 65 127 1198
4 1171 1166 1172 1660
4 1217 1528 1840 1909
4 1196 74 94 1154
4 587 1179 63 1199
4 1014 1091 1158 1652
4 1137 16 123 1100
4 829 830 865 1685
4 368 369 367 1832
4 1179 1199 587 1962
4 792 791 385 1759
4 257 262 1047 1556
4 923 124 75 1187
4 1328 1702 1541 1943
4 1171 1175 1162 1763
4 1321 1572 1807 1955
4 592 595 591 1698
4 582 581 136 1612
4 324 352 628 1839
4 87 42 819 1934
4 435 1074 1026 1637
4 1328 1874 1516 1943
4 961 163 208 1886
4 775 354 907 1727
4 1283 1861 1769 1896
4 1192 1199 1179 1962
4 721 723 722 1925
4 226 227 221 1780
4 1064 1133 104 1564
4 884 145 323 1715
4 1237 1578 1869 1990
4 979 317 973 1703
4 1663 1773 1297 1974
4 909 537 922 1805
4 516 463 1008 1910
4 509 901 898 1816
4 102 830 779 1968
4 942 814 815 1826
4 305 918 579 1735
4 828 827 92 1852
4 1033 937 110 1804
4 691 625 1016 1776
4 252 253 287 1629
4 1165 1167 1168 1714
4 1167 1164 1169 1544
4 841 1080 316 1853
4 465 999 998 1938
4 6 1148 1130 1050
4 248 251 250 1956
4 1131 21 109 936
4 551 1022 554 1787
4 87 820 910 1934
4 1173 1184 1154 1922
4 458 619 359 1926
4 788 789 520 1712
4 594 598 599 1631
4 127 1068 588 1962
4 1050 601 128 1645
4 18 1147 1030 1914
4 666 665 664 1880
4 490 981 985 1692
4 421 744 959 1779
4 1195 1173 1154 1922
4 737 736 970 1830
4 171 207 169 1820
4 109 20 1143 1015
4 583 582 431 1898
4 1114 1117 1119 1665
4 445 473 474 1797
4 136 113 137 1841
4 1006 1149 3 1129
4 76 124 1150 1187
4 642 644 643 1757
4 546 541 572 1750
4 339 1042 360 1725
4 190 938 192 1989
4 467 939 461 1903
4 807 499 497 1810
4 1131 1103 22 1949
4 829 806 779 1781
4 847 376 375 1741
4 1100 1136 1138 1680
4 367 364 366 1932
4 803 804 802 1902
4 783 368 366 1657
4 1177 1168 1167 1714
4 1014 83 130 1158
4 148 146 147 1808
4 828 92 806 1852
4 125 1092 1017 1766
4 1148 5 128 1050
4 568 569 567 1985
4 943 461 607 1801
4 296 297 285 1679
4 706 58 112 1971
4 503 772 505 1953
4 158 159 157 1654
4 1123 1122 1145 1905
4 692 335 619 1891
4 191 190 192 1989
4 1193 1189 1156 1804
4 532 534 533 1688
4 18 1138 1147 1914
4 1316 1880 1514 1912
4 129 23 1013 1108
4 646 673 648 1991
4 713 724 725 1716
4 1030 106 18 1914
4 560 562 948 1729
4 293 313 292 1942
4 1144 1064 8 1018
4 179 177 178 1856
4 936 1131 22 1949
4 1021 928 106 1680
4 26 134 605 1913
4 903 761 762 1744
4 813 952 456 1843
4 1030 1147 19 1015
4 1190 1177 1155 1669
4 362 1085 1058 1878
4 1015 1147 19 1106
4 196 195 194 1671
4 1018 8 1144 1105
4 32 741 93 1904
4 1579 1286 1921 1929
4 1142 1120 1119 1665
4 1094 515 1020 1881
4 134 608 605 1815
4 782 1039 1072 1814
4 1741 1747 1417 1984
4 352 324 325 1839
4 1140 1133 1144 1564
4 369 422 367 1832
4 1332 1747 1741 1984
4 481 869 770 1929
4 492 528 981 1885
4 61 1089 131 1664
4 685 635 872 1899
4 53 52 695 1705
4 866 356 234 1789
4 262 1069 1047 1556
4 154 211 210 1813
4 22 1103 129 1949
4 106 1138 18 1914
4 959 744 1011 1779
4 25 132 1088 1538
4 182 183 181 1702
4 175 987 173 1695
4 639 640 637 1752
4 314 347 346 1706
4 354 248 246 1939
4 940 478 944 1687
4 1280 1881 1620 1937
4 1483 1945 1323 1989
4 445 349 473 1797
4 120 727 36 1795
4 63 1179 587 1962
4 850 934 935 1969
4 1161 1159 1170 1964
4 958 964 874 1778
4 297 1053 285 1679
4 69 103 1183 1029
4 708 450 417 1834
4 44 45 825 1760
4 87 41 42 1845
4 1130 108 6 1050
4 998 999 818 1938
4 454 615 705 1767
4 888 243 245 1861
4 1129 3 1006 1066
4 611 585 111 1638
4 1151 1677 1179 1962
4 873 832 755 1917
4 1078 1080 771 1853
4 408 407 436 1831
4 322 340 321 1872
4 694 104 570 1564
4 1682 1884 1351 1980
4 911 209 946 1975
4 1268 1622 1813 1931
4 889 863 861 1734
4 192 219 194 1945
4 696 997 460 1900
4 910 843 684 1965
4 749 235 231 1707
4 1139 1106 1125 1599
4 879 416 878 1777
4 1078 771 675 1764
4 888 245 249 1861
4 94 1028 923 1922
4 163 961 161 1886
4 1666 1796 1266 1973
4 973 967 725 1901
4 1079 30 95 1762
4 1128 1148 1101 1645
4 647 649 677 1761
4 239 238 237 1866
4 808 310 807 1957
4 903 514 887 1944
4 565 566 567 1985
4 1033 110 1095 1804
4 1178 1198 1180 1771
4 845 441 1063 1782
4 213 971 797 1848
4 747 428 748 1833
4 228 227 229 1758
4 320 335 692 1891
4 616 472 704 1811
4 860 552 852 1897
4 604 602 1046 1684
4 1151 127 65 1198
4 1152 1176 1182 1858
4 881 509 898 1816
4 347 364 421 1954
4 41 1007 42 1845
4 1041 1081 796 1753
4 671 827 857 1721
4 893 299 626 1740
4 120 728 727 1795
4 412 446 414 1883
4 1020 715 1093 1937
4 1149 1107 1142 1664
4 512 751 513 1870
4 886 702 921 1875
4 1064 9 104 1133
4 778 911 876 1772
4 0 61 1107 1089
4 350 338 1044 1868
4 711 425 404 1919
4 554 553 551 1787
4 94 924 1097 1922
4 1160 1189 1181 1804
4 437 408 436 1831
4 122 819 43 1784
4 751 750 513 1870
4 529 469 545 1802
4 1063 1085 362 1878
4 146 698 144 1765
4 34 117 35 1786
4 1088 1 25 1157
4 965 210 953 1931
4 458 359 361 1926
4 900 623 331 1775
4 522 944 480 1941
4 404 403 402 1803
4 1122 1123 1116 1905
4 955 179 968 1818
4 608 609 606 1815
4 128 4 1101 1066
4 924 125 1017 1766
4 646 805 673 1991
4 467 908 1012 1877
4 1136 1125 1138 1914
4 936 22 129 1949
4 1049 554 98 1726
4 305 852 918 1735
4 474 477 476 1976
4 651 652 653 1774
4 133 135 581 1865
4 920 521 933 1947
4 605 27 26 1913
4 226 221 220 1780
4 1078 316 1080 1853
4 354 246 880 1939
4 1052 782 1072 1814
4 913 455 783 1923
4 1246 1690 1895 1963
4 1068 127 64 1151
4 898 353 325 1749
4 40 785 784 1739
4 47 779 806 1781
4 676 664 662 1912
4 518 767 768 1916
4 503 505 504 1953
4 535 536 534 1887
4 644 647 844 1730
4 322 321 298 1872
4 312 953 224 1959
4 955 968 527 1818
4 811 889 249 1769
4 312 224 240 1959
4 624 625 432 1950
4 815 455 913 1923
4 55 633 54 1951
4 529 434 469 1802
4 866 514 356 1789
4 973 867 967 1901
4 170 171 169 1820
4 1101 5 128 1148
4 425 417 404 1919
4 931 550 1040 1809
4 97 700 56 1791
4 1086 603 694 1863
4 282 769 308 1855
4 1091 1014 134 1652
4 450 418 417 1834
4 367 969 364 1932
4 31 741 32 1904
4 377 375 374 1981
4 1012 908 745 1877
4 1169 1179 1151 1677
4 184 797 862 1794
4 162 214 164 1952
4 119 632 631 1722
4 906 990 1005 1825
4 920 919 521 1947
4 247 248 250 1956
4 769 770 308 1855
4 943 419 461 1801
4 1114 1119 1120 1665
4 164 867 166 1793
4 697 89 752 1972
4 578 574 306 1977
4 1094 925 124 1881
4 347 363 364 1954
4 780 781 1075 1867
4 55 54 629 1951
4 714 1020 515 1937
4 906 905 990 1825
4 588 587 586 1962
4 146 145 147 1808
4 141 139 459 1798
4 350 339 338 1868
4 291 903 887 1944
4 868 477 474 1976
4 287 1036 319 1890
4 635 685 118 1899
4 542 541 546 1750
4 755 88 873 1917
4 148 578 306 1977
4 539 922 537 1805
4 1174 1182 1176 1858
4 1079 95 1061 1762
4 664 663 662 1912
4 1159 1158 1185 1652
4 1164 1161 1170 1964
4 871 349 348 1873
4 293 292 222 1942
4 1006 131 1089 1664
4 856 679 682 1850
4 1099 1914 568 1985
4 1178 1169 1151 1677
4 938 219 192 1945
4 182 213 797 1848
4 780 656 781 1867
4 518 768 485 1916
4 696 460 995 1900
4 808 265 310 1957
4 770 483 481 1929
4 694 1064 104 1564
4 804 1069 802 1902
4 1055 678 794 1860
4 1110 1103 1131 1949
4 412 761 446 1883
4 64 1068 1151 1179
4 271 273 289 1928
4 737 735 736 1830
4 423 351 424 1979
4 449 552 860 1897
4 423 424 452 1979
4 639 1035 640 1752
4 162 164 163 1952
4 1135 24 1108 1090
4 289 1052 271 1928
4 1185 84 1091 1158
4 535 1017 536 1887
4 138 136 137 1841
4 691 1016 1025 1776
4 1009 80 79 1156
4 107 932 1098 1771
4 1101 4 1129 1066
4 87 819 820 1934
4 441 544 1063 1782
4 1131 22 21 936
4 960 723 721 1925
4 1155 67 68 571
4 1020 925 1094 1881
4 1181 81 82 937
4 1033 719 1010 1960
4 102 779 48 1968
4 1181 1189 1193 1804
4 1056 936 129 1949
4 694 570 693 1863
4 605 608 606 1815
4 51 752 89 1972
4 1051 583 584 1898
4 1015 19 20 1106
4 522 949 944 1941
4 583 431 584 1898
4 108 6 7 1130
4 931 1040 104 1809
4 666 664 764 1880
4 625 624 1024 1950
4 377 374 456 1981
4 935 934 709 1969
4 1138 1125 1147 1914
4 77 99 78 1188
4 103 70 69 1183
4 1191 1184 1176 1766
4 82 130 83 1153
4 23 129 22 1103
4 931 10 11 1102
4 927 12 13 1134
4 18 106 17 1138
4 1184 72 73 924
4 1135 0 24 1090
4 1091 1 84 1185
4 1146 15 14 929
4 107 67 66 1180
4 795 1055 794 1860
4 715 1020 714 1937
4 1028 94 1097 1922
4 9 10 104 1133
4 15 16 123 1137
4 74 75 1196 923
4 568 1099 1030 1914
4 98 13 14 1104
4 62 587 1199 1088
4 63 62 587 1199
4 11 12 126 1141
4 135 133 60 1865
4 124 76 75 1187
4 72 71 125 1191
4 1088 1199 62 1157
4 2 1089 1149 1006
4 1030 1099 106 1914
4 74 73 94 1154
4 1068 587 588 1962
4 1089 1107 2 1149
4 16 17 928 1100
4 1149 3 2 1006
4 1036 334 319 1890
4 1152 70 71 1023
4 925 77 76 1150
4 1068 64 63 1179
4 566 1099 568 1985
4 7 8 1018 1105
4 4 3 1129 1066
4 65 64 127 1151
4 566 568 567 1985
4 24 1013 1108 1090
4 80 110 81 1193
4 1014 1091 84 1158
4 128 4 5 1101
4 1086 694 693 1863
4 932 66 65 1198
4 78 79 1197 1019
4 109 20 21 1143
4 1147 19 18 1030
4 1088 62 1 1157
4 1107 2 0 1089
4 1064 8 9 1144
4 1013 23 24 1108
4 84 83 1014 1158
4 1194 68 69 1029
4 1148 6 5 1050
4 1396 1828 1624 1202
4 1624 1828 1396 1754
4 1728 1385 1242 1316
4 1728 1242 1385 1630
4 1616 1862 1369 1551
4 1369 1862 1616 1254
4 791 1759 390 387
4 791 390 1759 1304
4 1530 390 1759 387
4 1530 1759 390 1304
4 1892 1226 1329 1557
4 1892 1329 1226 1500
4 523 1650 1333 381
4 1333 1650 523 1408
4 1333 524 523 381
4 523 524 1333 1408
4 1863 1480 1414 1293
4 1863 1414 1480 1831
4 1568 290 1701 303
4 1568 1701 290 1305
4 1565 1493 1391 1223
4 1565 1391 1493 1529
4 1263 1661 1573 1584
4 1263 1573 1661 1484
4 1202 1573 1661 1584
4 1202 1661 1573 1484
4 1700 1500 1892 1226
4 1700 1892 1500 1286
4 1570 1958 1631 1346
4 1631 1958 1570 1698
4 1643 1362 1219 1511
4 1643 1219 1362 1464
4 1861 861 1668 1734
4 1861 1668 861 888
4 1890 1321 1248 1629
4 1890 1248 1321 1479
4 1921 1226 1621 1500
4 1921 1621 1226 1399
4 1658 526 1676 1317
4 1658 1676 526 972
4 1833 394 746 428
4 1833 746 394 1503
4 1667 131 612 1664
4 1667 612 131 589
4 1802 810 530 434
4 1802 530 810 1372
4 1598 330 1873 1430
4 1598 1873 330 444
4 1469 650 1774 798
4 1469 1774 650 1339
4 1671 203 731 195
4 1110 1599 1949 1139
4 1949 1599 1110 1313
4 528 1695 956 987
4 956 1695 528 1431
4 1654 957 1537 159
4 1654 1537 957 1349
4 1945 1432 1671 1483
4 1945 1671 1432 1459
4 1338 346 1560 1706
4 1338 1560 346 1816
4 1496 524 1681 1333
4 1496 1681 524 977
4 1989 815 941 938
4 1989 941 815 1535
4 1640 1544 1345 1289
4 1640 1345 1544 1520
4 1913 586 585 132
4 1913 585 586 1638
4 1765 573 864 698
4 1765 864 573 1312
4 516 1845 1910 1007
4 1910 1845 516 1306
4 300 1805 909 922
4 909 1805 300 1460
4 1755 1773 1575 1249
4 1575 1773 1755 1358
4 1966 1710 1344 1223
4 1966 1344 1710 1917
4 1834 993 451 418
4 1834 451 993 1335
4 1682 1377 1284 1550
4 1682 1284 1377 1627
4 1816 346 313 509
4 1816 313 346 1338
4 1622 242 241 1380
4 1622 241 242 225
4 1802 433 1026 1382
4 1802 1026 433 469
4 1987 1701 1388 1424
4 1987 1388 1701 1743
4 1614 223 1942 222
4 1614 1942 223 1377
4 1559 203 1671 1325
4 1559 1671 203 731
4 980 1703 849 979
4 849 1703 980 1611
4 1763 1172 1881 1660
4 1763 1881 1172 1186
4 1883 1463 1424 1825
4 1883 1424 1463 1302
4 1785 1720 1428 1228
4 1785 1428 1720 1298
4 1842 1444 1308 1506
4 1842 1308 1444 1688
4 1515 1053 796 1054
4 1515 796 1053 1329
4 1608 1096 561 564
4 1608 561 1096 1398
4 1671 731 197 195
4 1671 197 731 1559
4 1957 266 267 265
4 1957 267 266 1356
4 1858 1092 572 1023
4 1858 572 1092 1526
4 1734 853 440 861
4 1734 440 853 1395
4 1893 1754 1640 1396
4 1893 1640 1754 1239
4 1760 827 826 1721
4 1760 826 827 825
4 1824 1304 1362 1511
4 1824 1362 1304 1662
4 1223 1972 1710 1344
4 1710 1972 1223 1565
4 1655 1697 1519 1234
4 1519 1697 1655 1296
4 1913 1345 586 1538
4 1913 586 1345 1638
4 1738 1327 1656 1596
4 1738 1656 1327 1474
4 649 1685 651 865
4 651 1685 649 1339
4 1716 427 1617 724
4 1716 1617 427 1419
4 1420 1838 1954 1366
4 1420 1954 1838 840
4 363 1954 1838 1366
4 363 1838 1954 840
4 1658 208 1676 972
4 1658 1676 208 1368
4 1530 392 391 1439
4 1530 391 392 389
4 1615 946 525 1349
4 1615 525 946 506
4 1802 1027 1026 469
4 1802 1026 1027 1476
4 1842 1381 1282 1624
4 1842 1282 1381 1352
4 1743 1445 1539 1236
4 1743 1539 1445 1305
4 1897 1220 1831 1480
4 1897 1831 1220 1395
4 1654 850 156 158
4 1654 156 850 1423
4 1878 681 729 1085
4 1878 729 681 1404
4 1869 1628 1641 1237
4 1641 1628 1869 1364
4 1641 1595 1869 1237
4 1869 1595 1641 1364
4 1324 1189 1156 1175
4 1324 1156 1189 1804
4 1803 405 997 1505
4 1803 997 405 403
4 1907 1616 1350 1259
4 1907 1350 1616 1563
4 1801 606 1403 607
4 1801 1403 606 1437
4 1715 218 147 1360
4 1715 147 218 884
4 1207 1385 1663 1630
4 1663 1385 1207 1974
4 1749 294 881 1693
4 1749 881 294 325
4 1610 143 144 1471
4 1610 144 143 142
4 1898 569 1599 1513
4 1898 1599 569 1051
4 1976 473 1320 1797
4 1976 1320 473 868
4 1760 826 122 1486
4 1760 122 826 825
4 1847 1667 1583 1291
4 1847 1583 1667 1311
4 1596 1126 1905 1124
4 1596 1905 1126 1413
4 1937 468 1521 714
4 1937 1521 468 1455
4 1956 1800 1629 1343
4 1956 1629 1800 1322
4 1675 1397 994 1485
4 1675 994 1397 1525
4 1724 1548 1841 1247
4 1724 1841 1548 1311
4 1927 1201 1822 1619
4 1927 1822 1201 1555
4 1805 626 540 539
4 1805 540 626 1740
4 1639 1742 1752 1264
4 1752 1742 1639 1307
4 708 1969 425 709
4 425 1969 708 1361
4 1762 1059 1061 1651
4 1762 1061 1059 95
4 1956 837 1939 248
4 1956 1939 837 1322
4 1714 1164 1314 1165
4 1714 1314 1164 1544
4 1641 1571 1628 1309
4 1641 1628 1571 1237
4 1712 272 1812 1371
4 1712 1812 272 789
4 1956 1769 811 247
4 1956 811 1769 1343
4 1753 1082 764 1041
4 1753 764 1082 1514
4 1847 1724 1583 1311
4 1847 1583 1724 1208
4 1794 185 183 1594
4 1794 183 185 184
4 1076 1651 1005 543
4 1005 1651 1076 1463
4 1976 1542 1320 1461
4 1976 1320 1542 1797
4 1707 237 875 235
4 1707 875 237 1445
4 1799 1573 1403 1271
4 1799 1403 1573 1476
4 1276 1341 1594 1619
4 1594 1341 1276 1794
4 1792 1481 1294 1562
4 1792 1294 1481 1616
4 1940 1563 1517 1205
4 1940 1517 1563 1350
4 1433 1805 1282 1460
4 1433 1282 1805 1894
4 1609 787 85 786
4 1609 85 787 1525
4 1722 1076 1031 632
4 1722 1031 1076 1463
4 1556 259 1683 1518
4 1556 1683 259 262
4 1934 842 670 820
4 1934 670 842 1659
4 1885 1554 1277 1692
4 1885 1277 1554 1405
4 1863 430 1684 1414
4 1863 1684 430 1086
4 1369 1986 1689 1232
4 1689 1986 1369 1854
4 1906 1467 1222 1718
4 1906 1222 1467 1379
4 1950 1098 1776 1771
4 1950 1776 1098 625
4 1016 1776 1098 1771
4 1016 1098 1776 625
4 1779 960 421 744
4 1779 421 960 1457
4 738 1830 822 735
4 822 1830 738 1747
4 1882 1723 1600 1327
4 1882 1600 1723 1847
4 1897 553 918 1337
4 1897 918 553 552
4 1035 1890 1587 334
4 1587 1890 1035 1752
4 1946 1658 169 1429
4 169 1658 1946 1510
4 169 1820 1946 1429
4 1946 1820 169 1510
4 1942 314 1420 293
4 1942 1420 314 1706
4 840 1420 314 293
4 1783 398 399 400
4 1783 399 398 1617
4 983 1833 980 748
4 980 1833 983 1611
4 231 1758 230 229
4 230 1758 231 1465
4 1413 1905 1134 1726
4 1413 1134 1905 1123
4 1104 1134 1905 1726
4 1104 1905 1134 1123
4 370 1826 455 814
4 455 1826 370 1428
4 1916 769 1855 518
4 1916 1855 769 1392
4 1681 315 977 1496
4 1681 977 315 835
4 1529 1988 1609 1295
4 1609 1988 1529 1336
4 1704 1654 1751 1319
4 1704 1751 1654 1269
4 1973 1222 1533 1379
4 1973 1533 1222 1911
4 1856 955 1464 1818
4 1856 1464 955 177
4 886 1471 323 143
4 886 323 1471 1875
4 1578 1608 1288 1398
4 1578 1288 1608 1888
4 1927 1535 1822 1228
4 1927 1822 1535 1341
4 1816 510 346 509
4 1816 346 510 1560
4 1652 25 1185 1538
4 1652 1185 25 1091
4 696 1972 1900 89
4 1900 1972 696 1451
4 1714 1190 1177 1168
4 1714 1177 1190 1669
4 1074 1776 435 1025
4 435 1776 1074 1637
4 1737 1722 1907 1259
4 1737 1907 1722 1334
4 1877 1407 1233 1560
4 1877 1233 1407 1653
4 1860 667 678 794
4 1860 678 667 1642
4 1684 1958 1879 1346
4 1879 1958 1684 1238
4 1411 1776 406 1637
4 1411 406 1776 691
4 435 406 1776 1637
4 435 1776 406 691
4 1680 1137 1122 1415
4 1680 1122 1137 1100
4 1867 782 1499 781
4 1867 1499 782 1814
4 1989 1876 1483 1386
4 1989 1483 1876 1323
4 1216 1483 1876 1386
4 1216 1876 1483 1323
4 927 1104 1726 1134
4 1726 1104 927 98
4 1908 1229 1354 1857
4 1908 1354 1229 1607
4 1771 1151 1178 1198
4 1771 1178 1151 1677
4 423 1442 452 472
4 423 452 1442 1979
4 675 1844 660 658
4 660 1844 675 1764
4 1846 279 280 278
4 1846 280 279 1644
4 1891 333 1574 1699
4 1891 1574 333 335
4 1960 1045 937 1425
4 1960 937 1045 1010
4 1023 1183 1858 1152
4 1023 1858 1183 103
4 1743 1920 1987 1388
4 1987 1920 1743 1435
4 1918 1340 1795 1404
4 1795 1340 1918 1209
4 1795 1862 1918 1404
4 1918 1862 1795 1209
4 1839 353 325 352
4 1839 325 353 1749
4 1851 1411 1754 1262
4 1754 1411 1851 1382
4 1754 1828 1851 1262
4 1851 1828 1754 1382
4 1954 959 1706 1779
4 1954 1706 959 347
4 1944 866 514 887
4 1944 514 866 1789
4 1848 1702 183 182
4 183 1702 1848 1794
4 183 184 1848 182
4 1848 184 183 1794
4 147 1715 145 884
4 147 145 1715 1808
4 1796 1988 1462 1336
4 1462 1988 1796 1666
4 1847 1865 1667 1291
4 1667 1865 1847 1612
4 425 1670 711 710
4 425 711 1670 1919
4 1134 126 12 1141
4 1134 12 126 927
4 1881 1032 124 1094
4 1881 124 1032 1482
4 1918 1878 1604 1303
4 1918 1604 1878 1404
4 1420 314 1954 840
4 1420 1954 314 1706

CELL_TYPES 10703
5
5
5
5
5
5
5
5
5
5
5
5
5
5
5
5
5
5
5
5
5
5
5
5
5
5
5
5
5
5
5
5
5
5
5
5
5
5
5
5
5
5
5
5
5
5
5
5
5
5
5
5
5
5
5
5
5
5
5
5
5
5
5
5
5
5
5
5
5
5
5
5
5
5
5
5
5
5
5
5
5
5
5
5
5
5
5
5
5
5
5
5
5
5
5
5
5
5
5
5
5
5
5
5
5
5
5
5
5
5
5
5
5
5
5
5
5
5
5
5
5
5
5
5
5
5
5
5
5
5
5
5
5
5
5
5
5
5
5
5
5
5
5
5
5
5
5
5
5
5
5
5
5
5
5
5
5
5
5
5
5
5
5
5
5
5
5
5
5
5
5
5
5
5
5
5
5
5
5
5
5
5
5
5
5
5
5
5
5
5
5
5
5
5
5
5
5
5
5
5
5
5
5
5
5
5
5
5
5
5
5
5
5
5
5
5
5
5
5
5
5
5
5
5
5
5
5
5
5
5
5
5
5
5
5
5
5
5
5
5
5
5
5
5
5
5
5
5
5
5
5
5
5
5
5
5
5
5
5
5
5
5
5
5
5
5
5
5
5
5
5
5
5
5
5
5
5
5
5
5
5
5
5
5
5
5
5
5
5
5
5
5
5
5
5
5
5
5
5
5
5
5
5
5
5
5
5
5
5
5
5
5
5
5
5
5
5
5
5
5
5
5
5
5
5
5
5
5
5
5
5
5
5
5
5
5
5
5
5
5
5
5
5
5
5
5
5
5
5
5
5
5
5
5
5
5
5
5
5
5
5
5
5
5
5
5
5
5
5
5
5
5
5
5
5
5
5
5
5
5
5
5
5
5
5
5
5
5
5
5
5
5
5
5
5
5
5
5
5
5
5
5
5
5
5
5
5
5
5
5
5
5
5
5
5
5
5
5
5
5
5
5
5
5
5
5
5
5
5
5
5
5
5
5
5
5
5
5
5
5
5
5
5
5
5
5
5
5
5
5
5
5
5
5
5
5
5
5
5
5
5
5
5
5
5
5
5
5
5
5
5
5
5
5
5
5
5
5
5
5
5
5
5
5
5
5
5
5
5
5
5
5
5
5
5
5
5
5
5
5
5
5
5
5
5
5
5
5
5
5
5
5
5
5
5
5
5
5
5
5
5
5
5
5
5
5
5
5
5
5
5
5
5
5
5
5
5
5
5
5
5
5
5
5
5
5
5
5
5
5
5
5
5
5
5
5
5
5
5
5
5
5
5
5
5
5
5
5
5
5
5
5
5
5
5
5
5
5
5
5
5
5
5
5
5
5
5
5
5
5
5
5
5
5
5
5
5
5
5
5
5
5
5
5
5
5
5
5
5
5
5
5
5
5
5
5
5
5
5
5
5
5
5
5
5
5
5
5
5
5
5
5
5
5
5
5
5
5
5
5
5
5
5
5
5
5
5
5
5
5
5
5
5
5
5
5
5
5
5
5
5
5
5
5
5
5
5
5
5
5
5
5
5
5
5
5
5
5
5
5
5
5
5
5
5
5
5
5
5
5
5
5
5
5
5
5
5
5
5
5
5
5
5
5
5
5
5
5
5
5
5
5
5
5
5
5
5
5
5
5
5
5
5
5
5
5
5
5
5
5
5
5
5
5
5
5
5
5
5
5
5
5
5
5
5
5
5
5
5
5
5
5
5
5
5
5
5
5
5
5
5
5
5
5
5
5
5
5
5
5
5
5
5
5
5
5
5
5
5
5
5
5
5
5
5
5
5
5
5
5
5
5
5
5
5
5
5
5
5
5
5
5
5
5
5
5
5
5
5
5
5
5
5
5
5
5
5
5
5
5
5
5
5
5
5
5
5
5
5
5
5
5
5
5
5
5
5
5
5
5
5
5
5
5
5
5
5
5
5
5
5
5
5
5
5
5
5
5
5
5
5
5
5
5
5
5
5
5
5
5
5
5
5
5
5
5
5
5
5
5
5
5
5
5
5
5
5
5
5
5
5
5
5
5
5
5
5
5
5
5
5
5
5
5
5
5
5
5
5
5
5
5
5
5
5
5
5
5
5
5
5
5
5
5
5
5
5
5
5
5
5
5
5
5
5
5
5
5
5
5
5
5
5
5
5
5
5
5
5
5
5
5
5
5
5
5
5
5
5
5
5
5
5
5
5
5
5
5
5
5
5
5
5
5
5
5
5
5
5
5
5
5
5
5
5
5
5
5
5
5
5
5
5
5
5
5
5
5
5
5
5
5
5
5
5
5
5
5
5
5
5
5
5
5
5
5
5
5
5
5
5
5
5
5
5
5
5
5
5
5
5
5
5
5
5
5
5
5
5
5
5
5
5
5
5
5
5
5
5
5
5
5
5
5
5
5
5
5
5
5
5
5
5
5
5
5
5
5
5
5
5
5
5
5
5
5
5
5
5
5
5
5
5
5
5
5
5
5
5
5
5
5
5
5
5
5
5
5
5
5
5
5
5
5
5
5
5
5
5
5
5
5
5
5
5
5
5
5
5
5
5
5
5
5
5
5
5
5
5
5
5
5
5
5
5
5
5
5
5
5
5
5
5
5
5
5
5
5
5
5
5
5
5
5
5
5
5
5
5
5
5
5
5
5
5
5
5
5
5
5
5
5
5
5
5
5
5
5
5
5
5
5
5
5
5
5
5
5
5
5
5
5
5
5
5
5
5
5
5
5
5
5
5
5
5
5
5
5
5
5
5
5
5
5
5
5
5
5
5
5
5
5
5
5
5
5
5
5
5
5
5
5
5
5
5
5
5
5
5
5
5
5
5
5
5
5
5
5
5
5
5
5
5
5
5
5
5
5
5
5
5
5
5
5
5
5
5
5
5
5
5
5
5
5
5
5
5
5
5
5
5
5
5
5
5
5
5
5
5
5
5
5
5
5
5
5
5
5
5
5
5
5
5
5
5
5
5
5
5
5
5
5
5
5
5
5
5
5
5
5
5
5
5
5
5
5
5
5
5
5
5
5
5
5
5
5
5
5
5
5
5
5
5
5
5
5
5
5
5
5
5
5
5
5
5
5
5
5
5
5
5
5
5
5
5
5
5
5
5
5
5
5
5
5
5
5
5
5
5
5
5
5
5
5
5
5
5
5
5
5
5
5
5
5
5
5
5
5
5
5
5
5
5
5
5
5
5
5
5
5
5
5
5
5
5
5
5
5
5
5
5
5
5
5
5
5
5
5
5
5
5
5
5
5
5
5
5
5
5
5
5
5
5
5
5
5
5
5
5
5
5
5
5
5
5
5
5
5
5
5
5
5
5
5
5
5
5
5
5
5
5
5
5
5
5
5
5
5
5
5
5
5
5
5
5
5
5
5
5
5
5
5
5
5
5
5
5
5
5
5
5
5
5
5
5
5
5
5
5
5
5
5
5
5
5
5
5
5
5
5
5
5
5
5
5
5
5
5
5
5
5
5
5
5
5
5
5
5
5
5
5
5
5
5
5
5
5
5
5
5
5
5
5
5
5
5
5
5
5
5
5
5
5
5
5
5
5
5
5
5
5
5
5
5
5
5
5
5
5
5
5
5
5
5
5
5
5
5
5
5
5
5
5
5
5
5
5
5
5
5
5
5
5
5
5
5
5
5
5
5
5
5
5
5
5
5
5
5
5
5
5
5
5
5
5
5
5
5
5
5
5
5
5
5
5
5
5
5
5
5
5
5
5
5
5
5
5
5
5
5
5
5
5
5
5
5
5
5
5
5
5
5
5
5
5
5
5
5
5
5
5
5
5
5
5
5
5
5
5
5
5
5
5
5
5
5
5
5
5
5
5
5
5
5
5
5
5
5
5
5
5
5
5
5
5
5
5
5
5
5
5
5
5
5
5
5
5
5
5
5
5
5
5
5
5
5
5
5
5
5
5
5
5
5
5
5
5
5
5
5
5
5
5
5
5
5
5
5
5
5
5
5
5
5
5
5
5
5
5
5
5
5
5
5
5
5
5
5
5
5
5
5
5
5
5
5
5
5
5
5
5
5
5
5
5
5
5
5
5
5
5
5
5
5
5
5
5
5
5
5
5
5
5
5
5
5
5
5
5
5
5
5
5
5
5
5
5
5
5
5
5
5
5
5
5
5
5
5
5
5
5
5
5
5
5
5
5
5
5
5
5
5
5
5
5
5
5
5
5
5
5
5
5
5
5
5
5
5
5
5
5
5
5
5
5
5
5
5
5
5
5
5
5
5
5
5
5
5
5
5
5
5
5
5
5
5
5
5
5
5
5
5
5
5
5
5
5
5
5
5
5
5
5
5
5
5
5
5
5
5
5
5
5
5
5
5
5
5
5
5
5
5
5
5
5
5
5
5
5
5
5
5
5
5
5
5
5
5
5
5
5
5
5
5
5
5
5
5
5
5
5
5
5
5
5
5
5
5
5
5
5
5
5
5
5
5
5
5
5
5
5
5
5
5
5
5
5
5
5
5
5
5
5
5
5
5
5
5
5
5
5
5
5
5
5
5
5
5
5
5
5
5
5
5
5
5
5
5
5
5
5
5
5
5
5
5
5
5
5
5
5
5
5
5
5
5
5
5
5
5
5
5
5
5
5
5
5
5
5
5
5
5
5
5
5
5
5
5
5
5
5
5
5
5
5
5
5
5
5
5
5
5
5
5
5
5
5
5
5
5
5
5
5
5
5
5
5
5
5
5
5
5
5
5
5
5
5
5
5
5
5
5
5
5
5
5
5
5
5
5
5
5
5
5
5
5
5
5
5
5
5
5
5
5
5
5
5
5
5
5
5
5
5
5
5
5
5
5
5
5
5
5
5
5
5
5
5
5
5
5
5
5
5
5
5
5
5
5
5
5
5
5
5
5
5
5
5
5
5
5
5
5
5
5
5
5
5
5
5
5
5
5
5
5
5
5
5
5
5
5
5
5
5
5
5
5
5
5
5
5
5
5
5
5
5
5
5
5
5
5
5
5
5
5
5
5
5
5
5
5
5
5
5
5
5
5
5
5
5
5
5
5
5
5
5
5
5
5
5
5
5
5
5
5
5
5
5
5
5
5
5
5
5
5
5
5
5
5
5
5
5
5
5
5
5
5
5
5
5
5
5
5
5
5
5
5
5
5
5
5
5
5
5
5
5
5
5
5
5
5
5
5
5
5
5
5
5
5
5
5
5
5
5
5
5
5
5
5
5
5
5
5
5
5
5
5
5
5
5
5
5
5
5
5
5
5
5
5
5
5
5
5
5
5
5
5
5
5
5
5
5
5
5
5
5
5
5
5
5
5
5
5
5
5
5
5
5
5
5
5
5
5
5
5
5
5
5
5
5
5
5
5
5
5
5
5
5
5
5
5
5
5
5
5
5
5
5
5
5
5
5
5
5
5
5
5
5
5
5
5
5
5
5
5
5
5
10
10
10
10
10
10
10
10
10
10
10
10
10
10
10
10
10
10
10
10
10
10
10
10
10
10
10
10
10
10
10
10
10
10
10
10
10
10
10
10
10
10
10
10
10
10
10
10
10
10
10
10
10
10
10
10
10
10
10
10
10
10
10
10
10
10
10
10
10
10
10
10
10
10
10
10
10
10
10
10
10
10
10
10
10
10
10
10
10
10
10
10
10
10
10
10
10
10
10
10
10
10
10
10
10
10
10
10
10
10
10
10
10
10
10
10
10
10
10
10
10
10
10
10
10
10
10
10
10
10
10
10
10
10
10
10
10
10
10
10
10
10
10
10
10
10
10
10
10
10
10
10
10
10
10
10
10
10
10
10
10
10
10
10
10
10
10
10
10
10
10
10
10
10
10
10
10
10
10
10
10
10
10
10
10
10
10
10
10
10
10
10
10
10
10
10
10
10
10
10
10
10
10
10
10
10
10
10
10
10
10
10
10
10
10
10
10
10
10
10
10
10
10
10
10
10
10
10
10
10
10
10
10
10
10
10
10
10
10
10
10
10
10
10
10
10
10
10
10
10
10
10
10
10
10
10
10
10
10
10
10
10
10
10
10
10
10
10
10
10
10
10
10
10
10
10
10
10
10
10
10
10
10
10
10
10
10
10
10
10
10
10
10
10
10
10
10
10
10
10
10
10
10
10
10
10
10
10
10
10
10
10
10
10
10
10
10
10
10
10
10
10
10
10
10
10
10
10
10
10
10
10
10
10
10
10
10
10
10
10
10
10
10
10
10
10
10
10
10
10
10
10
10
10
10
10
10
10
10
10
10
10
10
10
10
10
10
10
10
10
10
10
10
10
10
10
10
10
10
10
10
10
10
10
10
10
10
10
10
10
10
10
10
10
10
10
10
10
10
10
10
10
10
10
10
10
10
10
10
10
10
10
10
10
10
10
10
10
10
10
10
10
10
10
10
10
10
10
10
10
10
10
10
10
10
10
10
10
10
10
10
10
10
10
10
10
10
10
10
10
10
10
10
10
10
10
10
10
10
10
10
10
10
10
10
10
10
10
10
10
10
10
10
10
10
10
10
10
10
10
10
10
10
10
10
10
10
10
10
10
10
10
10
10
10
10
10
10
10
10
10
10
10
10
10
10
10
10
10
10
10
10
10
10
10
10
10
10
10
10
10
10
10
10
10
10
10
10
10
10
10
10
10
10
10
10
10
10
10
10
10
10
10
10
10
10
10
10
10
10
10
10
10
10
10
10
10
10
10
10
10
10
10
10
10
10
10
10
10
10
10
10
10
10
10
10
10
10
10
10
10
10
10
10
10
10
10
10
10
10
10
10
10
10
10
10
10
10
10
10
10
10
10
10
10
10
10
10
10
10
10
10
10
10
10
10
10
10
10
10
10
10
10
10
10
10
10
10
10
10
10
10
10
10
10
10
10
10
10
10
10
10
10
10
10
10
10
10
10
10
10
10
10
10
10
10
10
10
10
10
10
10
10
10
10
10
10
10
10
10
10
10
10
10
10
10
10
10
10
10
10
10
10
10
10
10
10
10
10
10
10
10
10
10
10
10
10
10
10
10
10
10
10
10
10
10
10
10
10
10
10
10
10
10
10
10
10
10
10
10
10
10
10
10
10
10
10
10
10
10
10
10
10
10
10
10
10
10
10
10
10
10
10
10
10
10
10
10
10
10
10
10
10
10
10
10
10
10
10
10
10
10
10
10
10
10
10
10
10
10
10
10
10
10
10
10
10
10
10
10
10
10
10
10
10
10
10
10
10
10
10
10
10
10
10
10
10
10
10
10
10
10
10
10
10
10
10
10
10
10
10
10
10
10
10
10
10
10
10
10
10
10
10
10
10
10
10
10
10
10
10
10
10
10
10
10
10
10
10
10
10
10
10
10
10
10
10
10
10
10
10
10
10
10
10
10
10
10
10
10
10
10
10
10
10
10
10
10
10
10
10
10
10
10
10
10
10
10
10
10
10
10
10
10
10
10
10
10
10
10
10
10
10
10
10
10
10
10
10
10
10
10
10
10
10
10
10
10
10
10
10
10
10
10
10
10
10
10
10
10
10
10
10
10
10
10
10
10
10
10
10
10
10
10
10
10
10
10
10
10
10
10
10
10
10
10
10
10
10
10
10
10
10
10
10
10
10
10
10
10
10
10
10
10
10
10
10
10
10
10
10
10
10
10
10
10
10
10
10
10
10
10
10
10
10
10
10
10
10
10
10
10
10
10
10
10
10
10
10
10
10
10
10
10
10
10
10
10
10
10
10
10
10
10
10
10
10
10
10
10
10
10
10
10
10
10
10
10
10
10
10
10
10
10
10
10
10
10
10
10
10
10
10
10
10
10
10
10
10
10
10
10
10
10
10
10
10
10
10
10
10
10
10
10
10
10
10
10
10
10
10
10
10
10
10
10
10
10
10
10
10
10
10
10
10
10
10
10
10
10
10
10
10
10
10
10
10
10
10
10
10
10
10
10
10
10
10
10
10
10
10
10
10
10
10
10
10
10
10
10
10
10
10
10
10
10
10
10
10
10
10
10
10
10
10
10
10
10
10
10
10
10
10
10
10
10
10
10
10
10
10
10
10
10
10
10
10
10
10
10
10
10
10
10
10
10
10
10
10
10
10
10
10
10
10
10
10
10
10
10
10
10
10
10
10
10
10
10
10
10
10
10
10
10
10
10
10
10
10
10
10
10
10
10
10
10
10
10
10
10
10
10
10
10
10
10
10
10
10
10
10
10
10
10
10
10
10
10
10
10
10
10
10
10
10
10
10
10
10
10
10
10
10
10
10
10
10
10
10
10
10
10
10
10
10
10
10
10
10
10
10
10
10
10
10
10
10
10
10
10
10
10
10
10
10
10
10
10
10
10
10
10
10
10
10
10
10
10
10
10
10
10
10
10
10
10
10
10
10
10
10
10
10
10
10
10
10
10
10
10
10
10
10
10
10
10
10
10
10
10
10
10
10
10
10
10
10
10
10
10
10
10
10
10
10
10
10
10
10
10
10
10
10
10
10
10
10
10
10
10
10
10
10
10
10
10
10
10
10
10
10
10
10
10
10
10
10
10
10
10
10
10
10
10
10
10
10
10
10
10
10
10
10
10
10
10
10
10
10
10
10
10
10
10
10
10
10
10
10
10
10
10
10
10
10
10
10
10
10
10
10
10
10
10
10
10
10
10
10
10
10
10
10
10
10
10
10
10
10
10
10
10
10
10
10
10
10
10
10
10
10
10
10
10
10
10
10
10
10
10
10
10
10
10
10
10
10
10
10
10
10
10
10
10
10
10
10
10
10
10
10
10
10
10
10
10
10
10
10
10
10
10
10
10
10
10
10
10
10
10
10
10
10
10
10
10
10
10
10
10
10
10
10
10
10
10
10
10
10
10
10
10
10
10
10
10
10
10
10
10
10
10
10
10
10
10
10
10
10
10
10
10
10
10
10
10
10
10
10
10
10
10
10
10
10
10
10
10
10
10
10
10
10
10
10
10
10
10
10
10
10
10
10
10
10
10
10
10
10
10
10
10
10
10
10
10
10
10
10
10
10
10
10
10
10
10
10
10
10
10
10
10
10
10
10
10
10
10
10
10
10
10
10
10
10
10
10
10
10
10
10
10
10
10
10
10
10
10
10
10
10
10
10
10
10
10
10
10
10
10
10
10
10
10
10
10
10
10
10
10
10
10
10
10
10
10
10
10
10
10
10
10
10
10
10
10
10
10
10
10
10
10
10
10
10
10
10
10
10
10
10
10
10
10
10
10
10
10
10
10
10
10
10
10
10
10
10
10
10
10
10
10
10
10
10
10
10
10
10
10
10
10
10
10
10
10
10
10
10
10
10
10
10
10
10
10
10
10
10
10
10
10
10
10
10
10
10
10
10
10
10
10
10
10
10
10
10
10
10
10
10
10
10
10
10
10
10
10
10
10
10
10
10
10
10
10
10
10
10
10
10
10
10
10
10
10
10
10
10
10
10
10
10
10
10
10
10
10
10
10
10
10
10
10
10
10
10
10
10
10
10
10
10
10
10
10
10
10
10
10
10
10
10
10
10
10
10
10
10
10
10
10
10
10
10
10
10
10
10
10
10
10
10
10
10
10
10
10
10
10
10
10
10
10
10
10
10
10
10
10
10
10
10
10
10
10
10
10
10
10
10
10
10
10
10
10
10
10
10
10
10
10
10
10
10
10
10
10
10
10
10
10
10
10
10
10
10
10
10
10
10
10
10
10
10
10
10
10
10
10
10
10
10
10
10
10
10
10
10
10
10
10
10
10
10
10
10
10
10
10
10
10
10
10
10
10
10
10
10
10
10
10
10
10
10
10
10
10
10
10
10
10
10
10
10
10
10
10
10
10
10
10
10
10
10
10
10
10
10
10
10
10
10
10
10
10
10
10
10
10
10
10
10
10
10
10
10
10
10
10
10
10
10
10
10
10
10
10
10
10
10
10
10
10
10
10
10
10
10
10
10
10
10
10
10
10
10
10
10
10
10
10
10
10
10
10
10
10
10
10
10
10
10
10
10
10
10
10
10
10
10
10
10
10
10
10
10
10
10
10
10
10
10
10
10
10
10
10
10
10
10
10
10
10
10
10
10
10
10
10
10
10
10
10
10
10
10
10
10
10
10
10
10
10
10
10
10
10
10
10
10
10
10
10
10
10
10
10
10
10
10
10
10
10
10
10
10
10
10
10
10
10
10
10
10
10
10
10
10
10
10
10
10
10
10
10
10
10
10
10
10
10
10
10
10
10
10
10
10
10
10
10
10
10
10
10
10
10
10
10
10
10
10
10
10
10
10
10
10
10
10
10
10
10
10
10
10
10
10
10
10
10
10
10
10
10
10
10
10
10
10
10
10
10
10
10
10
10
10
10
10
10
10
10
10
10
10
10
10
10
10
10
10
10
10
10
10
10
10
10
10
10
10
10
10
10
10
10
10
10
10
10
10
10
10
10
10
10
10
10
10
10
10
10
10
10
10
10
10
10
10
10
10
10
10
10
10
10
10
10
10
10
10
10
10
10
10
10
10
10
10
10
10
10
10
10
10
10
10
10
10
10
10
10
10
10
10
10
10
10
10
10
10
10
10
10
10
10
10
10
10
10
10
10
10
10
10
10
10
10
10
10
10
10
10
10
10
10
10
10
10
10
10
10
10
10
10
10
10
10
10
10
10
10
10
10
10
10
10
10
10
10
10
10
10
10
10
10
10
10
10
10
10
10
10
10
10
10
10
10
10
10
10
10
10
10
10
10
10
10
10
10
10
10
10
10
10
10
10
10
10
10
10
10
10
10
10
10
10
10
10
10
10
10
10
10
10
10
10
10
10
10
10
10
10
10
10
10
10
10
10
10
10
10
10
10
10
10
10
10
10
10
10
10
10
10
10
10
10
10
10
10
10
10
10
10
10
10
10
10
10
10
10
10
10
10
10
10
10
10
10
10
10
10
10
10
10
10
10
10
10
10
10
10
10
10
10
10
10
10
10
10
10
10
10
10
10
10
10
10
10
10
10
10
10
10
10
10
10
10
10
10
10
10
10
10
10
10
10
10
10
10
10
10
10
10
10
10
10
10
10
10
10
10
10
10
10
10
10
10
10
10
10
10
10
10
10
10
10
10
10
10
10
10
10
10
10
10
10
10
10
10
10
10
10
10
10
10
10
10
10
10
10
10
10
10
10
10
10
10
10
10
10
10
10
10
10
10
10
10
10
10
10
10
10
10
10
10
10
10
10
10
10
10
10
10
10
10
10
10
10
10
10
10
10
10
10
10
10
10
10
10
10
10
10
10
10
10
10
10
10
10
10
10
10
10
10
10
10
10
10
10
10
10
10
10
10
10
10
10
10
10
10
10
10
10
10
10
10
10
10
10
10
10
10
10
10
10
10
10
10
10
10
10
10
10
10
10
10
10
10
10
10
10
10
10
10
10
10
10
10
10
10
10
10
10
10
10
10
10
10
10
10
10
10
10
10
10
10
10
10
10
10
10
10
10
10
10
10
10
10
10
10
10
10
10
10
10
10
10
10
10
10
10
10
10
10
10
10
10
10
10
10
10
10
10
10
10
10
10
10
10
10
10
10
10
10
10
10
10
10
10
10
10
10
10
10
10
10
10
10
10
10
10
10
10
10
10
10
10
10
10
10
10
10
10
10
10
10
10
10
10
10
10
10
10
10
10
10
10
10
10
10
10
10
10
10
10
10
10
10
10
10
10
10
10
10
10
10
10
10
10
10
10
10
10
10
10
10
10
10
10
10
10
10
10
10
10
10
10
10
10
10
10
10
10
10
10
10
10
10
10
10
10
10
10
10
10
10
10
10
10
10
10
10
10
10
10
10
10
10
10
10
10
10
10
10
10
10
10
10
10
10
10
10
10
10
10
10
10
10
10
10
10
10
10
10
10
10
10
10
10
10
10
10
10
10
10
10
10
10
10
10
10
10
10
10
10
10
10
10
10
10
10
10
10
10
10
10
10
10
10
10
10
10
10
10
10
10
10
10
10
10
10
10
10
10
10
10
10
10
10
10
10
10
10
10
10
10
10
10
10
10
10
10
10
10
10
10
10
10
10
10
10
10
10
10
10
10
10
10
10
10
10
10
10
10
10
10
10
10
10
10
10
10
10
10
10
10
10
10
10
10
10
10
10
10
10
10
10
10
10
10
10
10
10
10
10
10
10
10
10
10
10
10
10
10
10
10
10
10
10
10
10
10
10
10
10
10
10
10
10
10
10
10
10
10
10
10
10
10
10
10
10
10
10
10
10
10
10
10
10
10
10
10
10
10
10
10
10
10
10
10
10
10
10
10
10
10
10
10
10
10
10
10
10
10
10
10
10
10
10
10
10
10
10
10
10
10
10
10
10
10
10
10
10
10
10
10
10
10
10
10
10
10
10
10
10
10
10
10
10
10
10
10
10
10
10
10
10
10
10
10
10
10
10
10
10
10
10
10
10
10
10
10
10
10
10
10
10
10
10
10
10
10
10
10
10
10
10
10
10
10
10
10
10
10
10
10
10
10
10
10
10
10
10
10
10
10
10
10
10
10
10
10
10
10
10
10
10
10
10
10
10
10
10
10
10
10
10
10
10
10
10
10
10
10
10
10
10
10
10
10
10
10
10
10
10
10
10
10
10
10
10
10
10
10
10
10
10
10
10
10
10
10
10
10
10
10
10
10
10
10
10
10
10
10
10
10
10
10
10
10
10
10
10
10
10
10
10
10
10
10
10
10
10
10
10
10
10
10
10
10
10
10
10
10
10
10
10
10
10
10
10
10
10
10
10
10
10
10
10
10
10
10
10
10
10
10
10
10
10
10
10
10
10
10
10
10
10
10
10
10
10
10
10
10
10
10
10
10
10
10
10
10
10
10
10
10
10
10
10
10
10
10
10
10
10
10
10
10
10
10
10
10
10
10
10
10
10
10
10
10
10
10
10
10
10
10
10
10
10
10
10
10
10
10
10
10
10
10
10
10
10
10
10
10
10
10
10
10
10
10
10
10
10
10
10
10
10
10
10
10
10
10
10
10
10
10
10
10
10
10
10
10
10
10
10
10
10
10
10
10
10
10
10
10
10
10
10
10
10
10
10
10
10
10
10
10
10
10
10
10
10
10
10
10
10
10
10
10
10
10
10
10
10
10
10
10
10
10
10
10
10
10
10
10
10
10
10
10
10
10
10
10
10
10
10
10
10
10
10
10
10
10
10
10
10
10
10
10
10
10
10
10
10
10
10
10
10
10
10
10
10
10
10
10
10
10
10
10
10
10
10
10
10
10
10
10
10
10
10
10
10
10
10
10
10
10
10
10
10
10
10
10
10
10
10
10
10
10
10
10
10
10
10
10
10
10
10
10
10
10
10
10
10
10
10
10
10
10
10
10
10
10
10
10
10
10
10
10
10
10
10
10
10
10
10
10
10
10
10
10
10
10
10
10
10
10
10
10
10
10
10
10
10
10
10
10
10
10
10
10
10
10
10
10
10
10
10
10
10
10
10
10
10
10
10
10
10
10
10
10
10
10
10
10
10
10
10
10
10
10
10
10
10
10
10
10
10
10
10
10
10
10
10
10
10
10
10
10
10
10
10
10
10
10
10
10
10
10
10
10
10
10
10
10
10
10
10
10
10
10
10
10
10
10
10
10
10
10
10
10
10
10
10
10
10
10
10
10
10
10
10
10
10
10
10
10
10
10
10
10
10
10
10
10
10
10
10
10
10
10
10
10
10
10
10
10
10
10
10
10
10
10
10
10
10
10
10
10
10
10
10
10
10
10
10
10
10
10
10
10
10
10
10
10
10
10
10
10
10
10
10
10
10
10
10
10
10
10
10
10
10
10
10
10
10
10
10
10
10
10
10
10
10
10
10
10
10
10
10
10
10
10
10
10
10
10
10
10
10
10
10
10
10
10
10
10
10
10
10
10
10
10
10
10
10
10
10
10
10
10
10
10
10
10
10
10
10
10
10
10
10
10
10
10
10
10
10
10
10
10
10
10
10
10
10
10
10
10
10
10
10
10
10
10
10
10
10
10
10
10
10
10
10
10
10
10
10
10
10
10
10
10
10
10
10
10
10
10
10
10
10
10
10
10
10
10
10
10
10
10
10
10
10
10
10
10
10
10
10
10
10
10
10
10
10
10
10
10
10
10
10
10
10
10
10
10
10
10
10
10
10
10
10
10
10
10
10
10
10
10
10
10
10
10
10
10
10
10
10
10
10
10
10
10
10
10
10
10
10
10
10
10
10
10
10
10
10
10
10
10
10
10
10
10
10
10
10
10
10
10
10
10
10
10
10
10
10
10
10
10
10
10
10
10
10
10
10
10
10
10
10
10
10
10
10
10
10
10
10
10
10
10
10
10
10
10
10
10
10
10
10
10
10
10
10
10
10
10
10
10
10
10
10
10
10
10
10
10
10
10
10
10
10
10
10
10
10
10
10
10
10
10
10
10
10
10
10
10
10
10
10
10
10
10
10
10
10
10
10
10
10
10
10
10
10
10
10
10
10
10
10
10
10
10
10
10
10
10
10
10
10
10
10
10
10
10
10
10
10
10
10
10
10
10
10
10
10
10
10
10
10
10
10
10
10
10
10
10
10
10
10
10
10
10
10
10
10
10
10
10
10
10
10
10
10
10
10
10
10
10
10
10
10
10
10
10
10
10
10
10
10
10
10
10
10
10
10
10
10
10
10
10
10
10
10
10
10
10
10
10
10
10
10
10
10
10
10
10
10
10
10
10
10
10
10
10
10
10
10
10
10
10
10
10
10
10
10
10
10
10
10
10
10
10
10
10
10
10
10
10
10
10
10
10
10
10
10
10
10
10
10
10
10
10
10
10
10
10
10
10
10
10
10
10
10
10
10
10
10
10
10
10
10
10
10
10
10
10
10
10
10
10
10
10
10
10
10
10
10
10
10
10
10
10
10
10
10
10
10
10
10
10
10
10
10
10
10
10
10
10
10
10
10
10
10
10
10
10
10
10
10
10
10
10
10
10
10
10
10
10
10
10
10
10
10
10
10
10
10
10
10
10
10
10
10
10
10
10
10
10
10
10
10
10
10
10
10
10
10
10
10
10
10
10
10
10
10
10
10
10
10
10
10
10
10
10
10
10
10
10
10
10
10
10
10
10
10
10
10
10
10
10
10
10
10
10
10
10
10
10
10
10
10
10
10
10
10
10
10
10
10
10
10
10
10
10
10
10
10
10
10
10
10
10
10
10
10
10
10
10
10
10
10
10
10
10
10
10
10
10
10
10
10
10
10
10
10
10
10
10
10
10
10
10
10
10
10
10
10
10
10
10
10
10
10
10
10
10
10
10
10
10
10
10
10
10
10
10
10
10
10
10
10
10
10
10
10
10
10
10
10
10
10
10
10
10
10
10
10
10
10
10
10
10
10
10
10
10
10
10
10
10
10
10
10
10
10
10
10
10
10
10
10
10
10
10
10
10
10
10
10
10
10
10
10
10
10
10
10
10
10
10
10
10
10
10
10
10
10
10
10
10
10
10
10
10
10
10
10
10
10
10
10
10
10
10
10
10
10
10
10
10
10
10
10
10
10
10
10
10
10
10
10
10
10
10
10
10
10
10
10
10
10
10
10
10
10
10
10
10
10
10
10
10
10
10
10
10
10
10
10
10
10
10
10
10
10
10
10
10
10
10
10
10
10
10
10
10
10
10
10
10
10
10
10
10
10
10
10
10
10
10
10
10
10
10
10
10
10
10
10
10
10
10
10
10
10
10
10
10
10
10
10
10
10
10
10
10
10
10
10
10
10
10
10
10
10
10
10
10
10
10
10
10
10
10
10
10
10
10
10
10
10
10
10
10
10
10
10
10
10
10
10
10
10
10
10
10
10
10
10
10
10
10
10
10
10
10
10
10
10
10
10
10
10
10
10
10
10
10
10
10
10
10
10
10
10
10
10
10
10
10
10
10
10
10
10
10
10
10
10
10
10
10
10
10
10
10
10
10
10
10
10
10
10
10
10
10
10
10
10
10
10
10
10
10
10
10
10
10
10
10
10
10
10
10
10
10
10
10
10
10
10
10
10
10
10
10
10
10
10
10
10
10
10
10
10
10
10
10
10
10
10
10
10
10
10
10
10
10
10
10
10
10
10
10
10
10
10
10
10
10
10
10
10
10
10
10
10
10
10
10
10
10
10
10
10
10
10
10
10
10
10
10
10
10
10
10
10
10
10
10
10
10
10
10
10
10
10
10
10
10
10
10
10
10
10
10
10
10
10
10
10
10
10
10
10
10
10
10
10
10
10
10
10
10
10
10
10
10
10
10
10
10
10
10
10
10
10
10
10
10
10
10
10
10
10
10
10
10
10
10
10
10
10
10
10
10
10
10
10
10
10
10
10
10
10
10
10
10
10
10
10
10
10
10
10
10
10
10
10
10
10
10
10
10
10
10
10
10
10
10
10
10
10
10
10
10
10
10
10
10
10
10
10
10
10
10
10
10
10
10
10
10
10
10
10
10
10
10
10
10
10
10
10
10
10
10
10
10
10
10
10
10
10
10
10
10
10
10
10
10
10
10
10
10
10
10
10
10
10
10
10
10
10
10
10
10
10
10
10
10
10
10
10
10
10
10
10
10
10
10
10
10
10
10
10
10
10
10
10
10
10
10
10
10
10
10
10
10
10
10
10
10
10
10
10
10
10
10
10
10
10
10
10
10
10
10
10
10
10
10
10
10
10
10
10
10
10
10
10
10
10
10
10
10
10
10
10
10
10
10
10
10
10
10
10
10
10
10
10
10
10
10
10
10
10
10
10
10
10
10
10
10
10
10
10
10
10
10
10
10
10
10
10
10
10
10
10
10
10
10
10
10
10
10
10
10
10
10
10
10
10
10
10
10
10
10
10
10
10
10
10
10
10
10
10
10
10
10
10
10
10
10
10
10
10
10
10
10
10
10
10
10
10
10
10
10
10
10
10
10
10
10
10
10
10
10
10
10
10
10
10
10
10
10
10
10
10
10
10
10
10
10
10
10
10
10
10
10
10
10
10
10
10
10
10
10
10
10
10
10
10
10
10
10
10
10
10
10
10
10
10
10
10
10
10
10
10
10
10
10
10
10
10
10
10
10
10
10
10
10
10
10
10
10
10
10
10
10
10
10
10
10
10
10
10
10
10
10
10
10
10
10
10
10
10
10
10
10
10
10
10
10
10
10
10
10
10
10
10
10
10
10
10
10
10
10
10
10
10
10
10
10
10
10
10
10
10
10
10
10
10
10
10
10
10
10
10
10
10
10
10
10
10
10
10
10
10
10
10
10
10
10
10
10
10
10
10
10
10
10
10
10
10
10
10
10
10
10
10
10
10
10
10
10
10
10
10
10
10
10
10
10
10
10
10
10
10
10
10
10
10
10
10
10
10
10
10
10
10
10
10
10
10
10
10
10
10
10
10
10
10
10
10
10
10
10
10
10
10
10
10
10
10
10
10
10
10
10
10
10
10
10
10
10
10
10
10
10
10
10
10
10
10
10
10
10
10
10
10
10
10
10
10
10
10
10
10
10
10
10
10
10
10
10
10
10
10
10
10
10
10
10
10
10
10
10
10
10
10
10
10
10
10
10
10
10
10
10
10
10
10
10
10
10
10
10
10
10
10
10
10
10
10
10
10
10
10
10
10
10
10
10
10
10
10
10
10
10
10
10
10
10
10
10
10
10
10
10
10
10
10
10
10
10
10
10
10
10
10
10
10
10
10
10
10
10
10
10
10
10
10
10
10
10
10
10
10
10
10
10
10
10
10
10
10
10
10
10
10
10
10
10
10
10
10
10
10
10
10
10
10
10
10
10
10
10
10
10
10
10
10
10
10
10
10
10
10
10
10
10
10
10
10
10
10
10
10
10
10
10
10
10
10
10
10
10
10
10
10
10
10
10
10
10
10
10
10
10
10
10
10
10
10
10
10
10
10
10
10
10
10
10
10
10
10
10
10
10
10
10
10
10
10
10
10
10
10
10
10
10
10
10
10
10
10
10
10
10
10
10
10
10
10
10
10
10
10
10
10
10
10
10
10
10
10
10
10
10
10
10
10
10
10
10
10
10
10
10
10
10
10
10
10
10
10
10
10
10
10
10
10
10
10
10
10
10
10
10
10
10
10
10
10
10
10
10
10
10
10
10
10
10
10
10
10
10
10
10
10
10
10
10
10
10
10
10
10
10
10
10
10
10
10
10
10
10
10
10
10
10
10
10
10
10
10
10
10
10
10
10
10
10
10
10
10
10
10
10
10
10
10
10
10
10
10
10
10
10
10
10
10
10
10
10
10
10
10
10
10
10
10
10
10
10
10
10
10
10
10
10
10
10
10
10
10
10
10
10
10
10
10
10
10
10
10
10
10
10
10
10
10
10
10
10
10
10
10
10
10
10
10
10
10
10
10
10
10
10
10
10
10
10
10
10
10
10
10
10
10
10
10
10
10
10
10
10
10
10
10
10
10
10
10
10
10
10
10
10
10
10
10
10
10
10
10
10
10
10
10
10
10
10
10
10
10
10
10
10
10
10
10
10
10
10
10
10
10
10
10
10
10
10
10
10
10
10
10
10
10
10
10
10
10
10
10
10
10
10
10
10
10
10
10
10
10
10
10
10
10
10
10
10
10
10
10
10
10
10
10
10
10
10
10
10
10
10
10
10
10
10
10
10
10
10
10
10
10
10
10
10
10
10
10
10
10
10
10
10
10
10
10
10
10
10
10
10
10
10
10
10
10
10
10
10
10
10
10
10
10
10
10
10
10
10
10
10
10
10
10
10
10
10
10
10
10
10
10
10
10
10
10
10
10
10
10
10
10
10
10
10
10
10
10
10
10
10
10
10
10
10
10
10
10
10
10
10
10
10
10
10
10
10
10
10
10
10
10
10
10
10
10
10
10
10
10
10
10
10
10
10
10
10
10
10
10
10
10
10
10
10
10
10
10
10
10
10
10
10
10
10
10
10
10
10
10
10
10
10
10
10
10
10
10
10
10
10
10
10
10
10
10
10
10
10
10
10
10
10
10
10
10
10
10
10
10
10
10
10
10
10
10
10
10
10
10
10
10
10
10
10
10
10
10
10
10
10
10
10
10
10
10
10
10
10
10
10
10
10
10
10
10
10
10
10
10
10
10
10
10
10
10
10
10
10
10
10
10
10
10
10
10
10
10
10
10
10
10
10
10
10
10
10
10
10
10
10
10
10
10
10
10
10
10
10
10
10
10
10
10
10
10
10
10
10
10
10
10
10
10
10
10
10
10
10
10
10
10
10
10
10
10
10
10
10
10
10
10
10
10
10
10
10
10
10
10
10
10
10
10
10
10
10
10
10
10
10
10
10
10
10
10
10
10
10
10
10
10
10
10
10
10
10
10
10
10
10
10
10
10
10
10
10
10
10
10
10
10
10
10
10
10
10
10
10
10
10
10
10
10
10
10
10
10
10
10
10
10
10
10
10
10
10
10
10
10
10
10
10
10
10
10
10
10
10
10
10
10
10
10
10
10
10
10
10
10
10
10
10
10
10
10
10
10
10
10
10
10
10
10
10
10
10
10
10
10
10
10
10
10
10
10
10
10
10
10
10
10
10
10
10
10
10
10
10
10
10
10
10
10
10
10
10
10
10
10
10
10
10
10
10
10
10
10
10
10
10
10
10
10
10
10
10
10
10
10
10
10
10
10
10
10
10
10
10
10
10
10
10
10
10
10
10
10
10
10
10
10
10
10
10
10
10
10
10
10
10
10
10
10
10
10
10
10
10
10
10
10
10
10
10
10
10
10
10
10
10
10
10
10
10
10
10
10
10
10
10
10
10
10
10
10
10
10
10
10
10
10
10
10
10
10
10
10
10
10
10
10
10
10
10
10
10
10
10
10
10
10
10
10
10
10
10
10
10
10
10
10
10
10
10
10
10
10
10
10
10
10
10
10
10
10
10
10
10
10
10
10
10
10
10
10
10
10
10
10
10
10
10
10
10
10
10
10
10
10
10
10
10
10
10
10
10
10
10
10
10
10
10
10
10
10
10
10
10
10
10
10
10
10
10
10
10
10
10
10
10
10
10
10
10
10
10
10
10
10
10
10
10
10
10
10
10
10
10
10
10
10
10
10
10
10
10
10
10
10
10
10
10
10
10
10
10
10
10
10
10
10
10
10
10
10
10
10
10
10
10
10
10
10
10
10
10
10
10
10
10
10
10
10
10
10
10
10
10
10
10
10
10
10
10
10
10
10
10
10
10
10
10
10
10
10
10
10
10
10
10
10
10
10
10
10
10
10
10
10
10
10
10
10
10
10
10
10
10
10
10
10
10
10
10
10
10
10
10
10
10
10
10
10
10
10
10
10
10
10
10
10
10
10
10
10
10
10
10
10
10
10
10
10
10
10
10
10
10
10
10
10
10
10
10
10
10
10
10
10
10
10
10
10
10
10
10
10
10
10
10
10
10
10
10
10
10
10
10
10
10
10
10
10
10
10
10
10
10
10
10
10
10
10
10
10
10
10
10
10
10
10
10
10
10
10
10
10
10
10
10
10
10
10
10
10
10
10
10
10
10
10
10
10
10
10
10
10
10
10
10
10
10
10
10
10
10
10
10
10
10
10
10
10
10
10
10
10
10
10
10
10
10
10
10
10
10
10
10
10
10
10
10
10
10
10
10
10
10
10
10
10
10
10
10
10
10
10
10
10
10
10
10
10
10
10
10
10
10
10
10
10
10
10
10
10
10
10
10
10
10
10
10
10
10
10
10
10
10
10
10
10
10
10
10
10
10
10
10
10
10
10
10
10
10
10
10
10
10
10
10
10
10
10
10
10
10
10
10
10
10
10
10
10
10
10
10
10
10
10
10
10
10
10
10
10
10
10
10
10
10
10
10
10
10
10
10
10
10
10
10
10
10
10
10
10
10
10
10
10
10
10
10
10
10
10
10
10
10
10
10
10
10
10
10
10
10
10
10
10
10
10
10
10
10
10
10
10
10
10
10
10
10
10
10
10
10
10
10
10
10
10
10
10
10
10
10
10
10
10
10
10
10
10
10
10
10
10
10
10
10
10
10
10
10
10
10
10
10
10
10
10
10
10
10
10
10
10
10
10
10
10
10
10
10
10
10
10
10
10
10
10
10
10
10
10
10
10
10
10
10
10
10
10
10
10
10
10
10
10
10
10
10
10
10
10
10
10
10
10
10
10
10
10
10
10
10
10
10
10
10
10
10
10
10
10
10
10
10
10
10
10
10
10
10
10
10
10
10
10
10
10
10
10
10
10
10
10
10
10
10
10
10
10
10
10
10
10
10
10
10
10
10
10
10
10
10
10
10
10
10
10
10
10
10
10
10
10
10
10
10
10
10
10
10
10
10
10
10
10
10
10
10
10
10
10
10
10
10
10
10
10
10
10
10
10
10
10
10
10
10
10
10
10
10
10
10
10
10
10
10
10
10
10
10
10
10
10
10
10
10
10
10
10
10
10
10
10
10
10
10
10
10
10
10
10
10
10
10
10
10
10
10
10
10
10
10
10
10
10
10
10
10
10
10
10
10
10
10
10
10
10
10
10
10
10
10
10
10
10
10
10
10
10
10
10
10
10
10
10
10
10
10
10
10
10
10
10
10
10
10
10
10
10
10
10
10
10
10
10
10
10
10
10
10
10
10
10
10
10
10
10
10
10
10
10
10
10
10
10
10
10
10
10
10
10
10
10
10
10
10
10
10
10
10
10
10
10
10
10
10
10
10
10
10
10
10
10
10
10
10
10
10
10
10
10
10
10
10
10
10
10
10
10
10
10
10
10
10
10
10
10
10
10
10
10
10
10
10
10
10
10
10
10
10
10
10
10
10
10
10
10
10
10
10
10
10
10
10
10
10
10
10
10
10
10
10
10
10
10
10
10
10
10
10
10
10
10
10
10
10
10
10
10
10
10
10
10
10
10
10
10
10
10
10
10
10
10
10
10
10
10
10
10
10
10
10
10
10
10
10
10
10
10
10
10
10
10
10
10
10
10
10
10
10
10
10
10
10
10
10
10
10
10
10
10
10
10
10
10
10
10
10
10
10
10
10
10
10
10
10
10
10
10
10
10
10
10
10
10
10
10
10
10
10
10
10
10
10
10
10
10
10
10
10
10
10
10
10
10
10
10
10
10
10
10
10
10
10
10
10
10
10
10
10
10
10
10
10
10
10
10
10
10
10
10
10
10
10
10
10
10
10
10
10
10
10
10
10
10
10
10
10
10
10
10
10
10
10
10
10
10
10
10
10
10
10
10
10
10
10
10
10
10
10
10
10
10
10
10
10
10
10
10
10
10
10
10
10
10
10
10
10
10
10
10
10
10
10
10
10
10
10
10
10
10
10
10
10
10
10
10
10
10
10
10
10
10
10
10
10
10
10
10
10
10
10
10
10
10
10
10
10
10
10
10
10
10
10
10
10
10
10
10
10
10
10
10
10
10
10
10
10
10
10
10
10
10
10
10
10
10
10
10
10
10
10
10
10
10
10
10
10
10
10
10
10
10
10
10
10
10
10
10
10
10
10
10
10
10
10
10
10
10
10
10
10
10
10
10
10
10
10
10
10
10
10
10
10
10
10
10
10
10
10
10
10
10
10
10
10
10
10
10
10
10
10
10
10
10
10
10
10
10
10
10
10
10
10
10
10
10
10
10
10
10
10
10
10
10
10
10
10
10
10
10
10
10
10
10
10
10
10
10
10
10
10
10
10
10
10
10
10
10
10
10
10
10
10
10
10
10
10
10
10
10
10
10
10
10
10
10
10
10
10
10
10
10
10
10
10
10
10
10
10
10
10
10
10
10
10
10
10
10
10
10
10
10
10
10
10
10
10
10
10
10
10
10
10
10
10
10
10
10
10
10
10
10
10
10
10
10
10
10
10
10
10
10
10
10
10
10
10
10
10
10
10
10
10
10
10
10
10
10
10
10
10
10
10
10
10
10
10
10
10
10
10
10
10
10
10
10
10
10
10
10
10
10
10
10
10
10
10
10
10
10
10
10
10
10
10
10
10
10
10
10
10
10
10
10
10
10
10
10
10
10
10
10
10
10
10
10
10
10
10
10
10
10
10
10
10
10
10
10
10
10
10
10
10
10
10
10
10
10
10
10
10
10
10
10
10
10
10
10
10
10
10
10
10
10
10
10
10
10
10
10
10
10
10
10
10
10
10
10
10
10
10
10
10
10
10
10
10
10
10
10
10
10
10
10
10
10
10
10
10
10
10
10
10
10
10
10
10
10
10
10
10
10
10
10
10
10
10
10
10
10
10
10
10
10
10
10
10
10
10
10
10
10
10
10
10
10
10
10
10
10
10
10
10
10
10
10
10
10
10
10
10
10
10
10
10
10
10
10
10
10
10
10
10
10
10
10
10
10
10
10
10
10
10
10
10
10
10
10
10
10
10
10
10
10
10
10
10
10
10
10
10
10
10
10
10
10
10
10
10
10
10
10
10
10
10
10
10
10
10
10
10
10
10
10
10
10
10
10
10
10
10
10
10
10
10
10
10
10
10
10
10
10
10
10
10
10
10
10
10
10
10
10
10
10
10
10
10
10
10
10
10
10
10
10
10
10
10
10
10
10
10
10
10
10
10
10
10
10
10
10
10
10
10
10
10
10
10
10
10
10
10
10
10
10
10
10
10
10
10
10
10
10
10
10
10
10
10
10
10
10
10
10
10
10
10
10
10
10
10
10
10
10
10
10
10
10
10
10
10
10
10
10
10
10
10
10
10
10
10
10
10
10
10
10
10
10
10
10
10
10
10
10
10
10
10
10
10
10
10
10
10
10
10
10
10
10
10
10
10
10
10
10
10
10
10
10
10
10
10
10
10
10
10
10
10
10
10
10
10
10
10
10
10
10
10
10
10
10
10
10
10
10
10
10
10
10
10
10
10
10
10
10
10
10
10
10
10
10
10
10
10
10
10
10
10
10
10
10
10
10
10
10
10
10
10
10
10
10
10
10
10
10
10
10
10
10
10
10
10
10
10
10
10
10
10
10
10
10
10
10
10
10
10
10
10
10
10
10
10
10
10
10
10
10
10
10
10
10
10
10
10
10
10
10
10
10
10
10
10
10
10
10
10
10
10
10
10
10
10
10
10
10
10
10
10
10
10
10
10
10
10
10
10
10
10
10
10
10
10
10
10
10
10
10
10
10
10
10
10
10
10
10
10
10
10
10
10
10
10
10
10
10
10
10
10
10
10
10
10
10
10

CELL_DATA 10703
SCALARS CellEntityIds int 1
LOOKUP_TABLE default
3
3
3
3
3
3
3
3
3
3
3
3
3
3
3
3
3
3
3
3
3
3
3
3
3
3
3
3
3
3
3
3
3
3
3
3
3
3
3
3
3
3
3
3
3
3
3
3
3
3
3
3
3
3
3
3
3
3
3
3
3
3
3
3
3
3
3
3
3
3
3
3
3
3
3
3
3
3
3
3
3
3
3
3
3
3
3
3
3
3
3
3
3
3
3
3
3
3
3
3
3
3
3
3
3
3
3
3
3
3
3
3
3
3
3
3
3
3
3
3
3
3
3
3
3
3
3
3
3
3
3
3
3
3
3
3
3
3
3
3
3
3
3
3
3
3
3
3
3
3
3
3
3
3
3
3
3
3
3
3
3
3
3
3
3
3
3
3
3
3
3
3
3
3
3
3
3
3
3
3
3
3
3
3
3
3
3
3
3
3
3
3
3
3
3
3
3
3
3
3
3
3
3
3
3
3
3
3
3
3
3
3
3
3
3
3
3
3
3
3
3
3
3
3
3
3
3
3
3
3
3
3
3
3
3
3
3
3
3
3
3
3
3
3
3
3
3
3
3
3
3
3
3
3
3
3
3
3
3
3
3
3
3
3
3
3
3
3
3
3
3
3
3
3
3
3
3
3
3
3
3
3
3
3
3
3
3
3
3
3
3
3
3
3
3
3
3
3
3
3
3
3
3
3
3
3
3
3
3
3
3
3
3
3
3
3
3
3
3
3
3
3
3
3
3
3
3
3
3
3
3
3
3
3
3
3
3
3
3
3
3
3
3
3
3
3
3
3
3
3
3
3
3
3
3
3
3
3
3
3
3
3
3
3
3
3
3
3
3
3
3
3
3
3
3
3
3
3
3
3
3
3
3
3
3
3
3
3
3
3
3
3
3
3
3
3
3
3
3
3
3
3
3
3
3
3
3
3
3
3
3
3
3
3
3
3
3
3
3
3
3
3
3
3
3
3
3
3
3
3
3
3
3
3
3
3
3
3
3
3
3
3
3
3
3
3
3
3
3
3
3
3
3
3
3
3
3
3
3
3
3
3
3
3
3
3
3
3
3
3
3
3
3
3
3
3
3
3
3
3
3
3
3
3
3
3
3
3
3
3
3
3
3
3
3
3
3
3
3
3
3
3
3
3
3
3
3
3
3
3
3
3
3
3
3
3
3
3
3
3
3
3
3
3
3
3
3
3
3
3
3
3
3
3
3
3
3
3
3
3
3
3
3
3
3
3
3
3
3
3
3
3
3
3
3
3
3
3
3
3
3
3
3
3
3
3
3
3
3
3
3
3
3
3
3
3
3
3
3
3
3
3
3
3
3
3
3
3
3
3
3
3
3
3
3
3
3
3
3
3
3
3
3
3
3
3
3
3
3
3
3
3
3
3
3
3
3
3
3
3
3
3
3
3
3
3
3
3
3
3
3
3
3
3
3
3
3
3
3
3
3
3
3
3
3
3
3
3
3
3
3
3
3
3
3
3
3
3
3
3
3
3
3
3
3
3
3
3
3
3
3
3
3
3
3
3
3
3
3
3
3
3
3
3
3
3
3
3
3
3
3
3
3
3
3
3
3
3
3
3
3
3
3
3
3
3
3
3
3
3
3
3
3
3
3
3
3
3
3
3
3
3
3
3
3
3
3
3
3
3
3
3
3
3
3
3
3
3
3
3
3
3
3
3
3
3
3
3
3
3
3
3
3
3
3
3
3
3
3
3
3
3
3
3
3
3
3
3
3
3
3
3
3
3
3
3
3
3
3
3
3
3
3
3
3
3
3
3
3
3
3
3
3
3
3
3
3
3
3
3
3
3
3
3
3
3
3
3
3
3
3
3
3
3
3
3
3
3
3
3
3
3
3
3
3
3
3
3
3
3
3
3
3
3
3
3
3
3
3
3
3
3
3
3
3
3
3
3
3
3
3
3
3
3
3
3
3
3
3
3
3
3
3
3
3
3
3
3
3
3
3
3
3
3
3
3
3
3
3
3
3
3
3
3
3
3
3
3
3
3
3
3
3
3
3
3
3
3
3
3
3
3
3
3
3
3
3
3
3
3
3
3
3
3
3
3
3
3
3
3
3
3
3
3
3
3
3
3
3
3
3
3
3
3
3
3
3
3
3
3
3
3
3
3
3
3
3
3
3
3
3
3
3
3
3
3
3
3
3
3
3
3
3
3
3
3
3
3
3
3
3
3
3
3
3
3
3
3
3
3
3
3
3
3
3
3
3
3
3
3
3
3
3
3
3
3
3
3
3
3
3
3
3
3
3
3
3
3
3
3
3
3
3
3
3
3
3
3
3
3
3
3
3
3
3
3
3
3
3
3
3
3
3
3
3
3
3
3
3
3
3
3
3
3
3
3
3
3
3
3
3
3
3
3
3
3
3
3
3
3
3
3
3
3
3
3
3
3
3
3
3
3
3
3
3
3
3
3
3
3
3
3
3
3
3
3
3
3
3
3
3
3
3
3
3
3
3
3
3
3
3
3
3
3
3
3
3
3
3
3
3
3
3
3
3
3
3
3
3
3
3
3
3
3
3
3
3
3
3
3
3
3
3
3
3
3
3
3
3
3
3
3
3
3
3
3
3
3
3
3
3
3
3
3
3
3
3
3
3
3
3
3
3
3
3
3
3
3
3
3
3
3
3
3
3
3
3
3
3
3
3
3
3
3
3
3
3
3
3
3
3
3
3
3
3
3
3
3
3
3
3
3
3
3
3
3
3
3
3
3
3
3
3
3
3
3
3
3
3
3
3
3
3
3
3
3
3
3
3
3
3
3
3
3
3
3
3
3
3
3
3
3
3
3
3
3
3
3
3
3
3
3
3
3
3
3
3
3
3
3
3
3
3
3
3
3
3
3
3
3
3
3
3
3
3
3
3
3
3
3
3
3
3
3
3
3
3
3
3
3
3
3
3
3
3
3
3
3
3
3
3
3
3
3
3
3
3
3
3
3
3
3
3
3
3
3
3
3
3
3
3
3
3
3
3
3
3
3
3
3
3
3
3
3
3
3
3
3
3
3
3
3
3
3
3
3
3
3
3
3
3
3
3
3
3
3
3
3
3
3
3
3
3
3
3
3
3
3
3
3
3
3
3
3
3
3
3
3
3
3
3
3
3
3
3
3
3
3
3
3
3
3
3
3
3
3
3
3
3
3
3
3
3
3
3
3
3
3
3
3
3
3
3
3
3
3
3
3
3
3
3
3
3
3
3
3
3
3
3
3
3
3
3
3
3
3
3
3
3
3
3
3
3
3
3
3
3
3
3
3
3
3
3
3
3
3
3
3
3
3
3
3
3
3
3
3
3
3
3
3
3
3
3
3
3
3
3
3
3
3
3
3
3
3
3
3
3
3
3
3
3
3
3
3
3
3
3
3
3
3
3
3
3
3
3
3
3
3
3
3
3
3
3
3
3
3
3
3
3
3
3
3
3
3
3
3
3
3
3
3
3
3
3
3
3
3
3
3
3
3
3
3
3
3
3
3
3
3
3
3
3
3
3
3
3
3
3
3
3
3
3
3
3
3
3
3
3
3
3
3
3
3
3
3
3
3
3
3
3
3
3
3
3
3
3
3
3
3
3
3
3
3
3
3
3
3
3
3
3
3
3
3
3
3
3
3
3
3
3
3
3
3
3
3
3
3
3
3
3
3
3
3
3
3
3
3
3
3
3
3
3
3
3
3
3
3
3
3
3
3
3
3
3
3
3
3
3
3
3
3
3
3
3
3
3
3
3
3
3
3
3
3
3
3
3
3
3
3
3
3
3
3
3
3
3
3
3
3
3
3
3
3
3
3
3
3
3
3
3
3
3
3
3
3
3
3
3
3
3
3
3
3
3
3
3
3
3
3
3
3
3
3
3
3
3
3
3
3
3
3
3
3
3
3
3
3
3
3
3
3
3
3
3
3
3
3
3
3
3
3
3
3
3
3
3
3
3
3
3
3
3
3
3
3
3
3
3
3
3
3
3
3
3
3
3
3
3
3
3
3
3
3
3
3
3
3
3
3
3
3
3
3
3
3
3
3
3
3
3
3
3
3
3
3
3
3
3
3
3
3
3
3
3
3
3
3
3
3
3
3
3
3
3
3
3
3
3
3
3
3
3
3
3
3
3
3
3
3
3
3
3
3
3
3
3
3
3
3
3
3
3
3
3
3
3
3
3
3
3
3
3
3
3
3
3
3
3
3
3
3
3
3
3
3
3
3
3
3
3
3
3
3
3
3
3
3
3
3
3
3
3
3
3
3
3
3
3
3
3
3
3
3
3
3
3
3
3
3
3
3
3
3
3
3
3
3
3
3
3
3
3
3
3
3
3
3
3
3
3
3
3
3
3
3
3
3
3
3
3
3
3
3
3
3
3
3
3
3
3
3
3
3
3
3
3
3
3
3
3
3
3
3
3
3
3
3
3
3
3
3
3
3
3
3
3
3
3
3
3
3
3
3
3
3
3
3
3
3
3
3
3
3
3
3
3
3
3
3
3
3
3
3
3
3
3
3
3
3
3
3
3
3
3
3
3
3
3
3
3
3
3
3
3
3
3
3
3
3
3
3
3
3
3
3
3
3
3
3
3
3
3
3
3
3
3
3
3
3
3
3
3
3
3
3
3
3
3
3
3
3
3
3
3
3
3
3
3
3
3
3
3
3
3
3
3
3
3
3
3
3
3
3
3
3
3
3
3
3
3
3
3
3
3
3
3
3
3
3
3
3
3
3
3
3
3
3
3
3
3
3
3
3
3
3
3
3
3
3
3
3
3
3
3
3
3
3
3
3
3
3
3
3
3
3
3
3
3
3
3
3
3
3
3
3
3
3
3
3
3
3
3
3
3
3
3
3
3
3
3
3
3
3
2
2
2
2
2
2
2
2
2
2
2
2
2
2
2
2
2
2
2
2
2
2
2
2
2
2
2
2
2
2
2
2
2
2
2
2
2
2
2
2
2
2
2
2
2
2
2
2
2
2
2
2
2
2
2
2
2
2
2
2
2
2
2
2
2
2
2
2
2
2
2
2
2
2
2
2
2
2
2
2
2
2
2
2
2
2
2
2
2
2
2
2
2
2
2
2
2
2
2
2
2
2
2
2
2
2
2
2
2
2
2
2
2
2
2
2
2
2
2
2
2
2
1
1
1
1
1
1
1
1
1
1
1
1
1
1
1
1
1
1
1
1
1
1
1
1
1
1
1
1
1
1
1
1
1
1
1
1
1
1
1
1
1
1
1
1
1
1
1
1
1
1
1
1
1
1
1
1
1
1
1
1
1
1
1
1
1
1
1
1
1
1
1
1
1
1
1
1
1
1
1
1
1
1
1
1
1
1
1
1
1
1
1
1
1
1
1
1
1
1
1
1
1
1
1
1
1
1
1
1
1
1
1
1
1
1
1
1
1
1
1
1
1
1
4
4
4
4
4
4
4
4
4
4
4
4
4
4
4
4
4
4
4
4
4
4
4
4
4
4
4
4
4
4
4
4
4
4
4
4
4
4
4
4
4
4
4
4
4
4
4
4
4
4
4
4
4
4
4
4
4
4
4
4
4
4
4
4
4
4
4
4
4
4
4
4
4
4
4
4
4
4
4
4
4
4
4
4
4
4
4
4
4
4
4
4
4
4
4
4
4
4
4
4
4
4
4
4
4
4
4
4
4
4
4
4
4
4
4
4
4
4
4
4
4
4
4
4
4
4
4
4
4
4
4
4
4
4
4
4
4
4
4
4
4
4
4
4
4
4
4
4
4
4
4
4
4
4
4
4
4
4
4
4
4
4
4
4
4
4
4
4
4
4
4
4
4
4
4
4
4
4
4
4
4
4
4
4
4
4
4
4
4
4
4
4
4
4
4
4
4
4
4
4
4
4
4
4
4
4
4
4
4
4
4
4
4
4
4
4
4
4
4
4
4
4
4
4
4
4
4
4
4
4
4
4
4
4
4
4
4
4
4
4
4
4
4
4
4
4
4
4
4
4
4
4
4
4
4
4
4
4
4
4
4
4
4
4
4
4
4
4
4
4
4
4
4
4
4
4
4
4
4
4
4
4
4
4
4
4
4
4
4
4
4
4
4
4
4
4
4
4
4
4
4
4
4
4
4
4
4
4
4
4
4
4
4
4
4
4
4
4
4
4
4
4
4
4
4
4
4
4
4
4
4
4
4
4
4
4
4
4
4
4
4
4
4
4
4
4
4
4
4
4
4
4
4
4
4
4
4
4
4
4
4
4
4
4
4
4
4
4
4
4
4
4
4
4
4
4
4
4
4
4
4
4
4
4
4
4
4
4
4
4
4
4
4
4
4
4
4
4
4
4
4
4
4
4
4
4
4
4
4
4
4
4
4
4
4
4
4
4
4
4
4
4
4
4
4
4
4
4
4
4
4
4
4
4
4
4
4
4
4
4
4
4
4
4
4
4
4
4
4
4
4
4
4
4
4
4
4
4
4
4
4
4
4
4
4
4
4
4
4
4
4
4
4
4
4
4
4
4
4
4
4
4
4
4
4
4
4
4
4
4
4
4
4
4
4
4
4
4
4
4
4
4
4
4
4
4
4
4
4
4
4
4
4
4
4
4
4
4
4
4
4
4
4
4
4
4
4
4
4
4
4
4
4
4
4
4
4
4
4
4
4
4
4
4
4
4
4
4
4
4
4
4
4
4
4
4
4
4
4
4
4
4
4
4
4
4
4
4
4
4
4
4
4
4
4
4
4
4
4
4
4
4
4
4
4
4
4
4
4
4
4
4
4
4
4
4
4
4
4
4
4
4
4
4
4
4
4
4
4
4
4
4
4
4
4
4
4
4
4
4
4
4
4
4
4
4
4
4
4
4
4
4
4
4
4
4
4
4
4
4
4
4
4
4
4
4
4
4
4
4
4
4
4
4
4
4
4
4
4
4
4
4
4
4
4
4
4
4
4
4
4
4
4
4
4
4
4
4
4
4
4
4
4
4
4
4
4
4
4
4
4
4
4
4
4
4
4
4
4
4
4
4
4
4
4
4
4
4
4
4
4
4
4
4
4
4
4
4
4
4
4
4
4
4
4
4
4
4
4
4
4
4
4
4
4
4
4
4
4
4
4
4
4
4
4
4
4
4
4
4
4
4
4
4
4
4
4
4
4
4
4
4
4
4
4
4
4
4
4
4
4
4
4
4
4
4
4
4
4
4
4
4
4
4
4
4
4
4
4
4
4
4
4
4
4
4
4
4
4
4
4
4
4
4
4
4
4
4
4
4
4
4
4
4
4
4
4
4
4
4
4
4
4
4
4
4
4
4
4
4
4
4
4
4
4
4
4
4
4
4
4
4
4
4
4
4
4
4
4
4
4
4
4
4
4
4
4
4
4
4
4
4
4
4
4
4
4
4
4
4
4
4
4
4
4
4
4
4
4
4
4
4
4
4
4
4
4
4
4
4
4
4
4
4
4
4
4
4
4
4
4
4
4
4
4
4
4
4
4
4
4
4
4
4
4
4
4
4
4
4
4
4
4
4
4
4
4
4
4
4
4
4
4
4
4
4
4
4
4
4
4
4
4
4
4
4
4
4
4
4
4
4
4
4
4
4
4
4
4
4
4
4
4
4
4
4
4
4
4
4
4
4
4
4
4
4
4
4
4
4
4
4
4
4
4
4
4
4
4
4
4
4
4
4
4
4
4
4
4
4
4
4
4
4
4
4
4
4
4
4
4
4
4
4
4
4
4
4
4
4
4
4
4
4
4
4
4
4
4
4
4
4
4
4
4
4
4
4
4
4
4
4
4
4
4
4
4
4
4
4
4
4
4
4
4
4
4
4
4
4
4
4
4
4
4
4
4
4
4
4
4
4
4
4
4
4
4
4
4
4
4
4
4
4
4
4
4
4
4
4
4
4
4
4
4
4
4
4
4
4
4
4
4
4
4
4
4
4
4
4
4
4
4
4
4
4
4
4
4
4
4
4
4
4
4
4
4
4
4
4
4
4
4
4
4
4
4
4
4
4
4
4
4
4
4
4
4
4
4
4
4
4
4
4
4
4
4
4
4
4
4
4
4
4
4
4
4
4
4
4
4
4
4
4
4
4
4
4
4
4
4
4
4
4
4
4
4
4
4
4
4
4
4
4
4
4
4
4
4
4
4
4
4
4
4
4
4
4
4
4
4
4
4
4
4
4
4
4
4
4
4
4
4
4
4
4
4
4
4
4
4
4
4
4
4
4
4
4
4
4
4
4
4
4
4
4
4
4
4
4
4
4
4
4
4
4
4
4
4
4
4
4
4
4
4
4
4
4
4
4
4
4
4
4
4
4
4
4
4
4
4
4
4
4
4
4
4
4
4
4
4
4
4
4
4
4
4
4
4
4
4
4
4
4
4
4
4
4
4
4
4
4
4
4
4
4
4
4
4
4
4
4
4
4
4
4
4
4
4
4
4
4
4
4
4
4
4
4
4
4
4
4
4
4
4
4
4
4
4
4
4
4
4
4
4
4
4
4
4
4
4
4
4
4
4
4
4
4
4
4
4
4
4
4
4
4
4
4
4
4
4
4
4
4
4
4
4
4
4
4
4
4
4
4
4
4
4
4
4
4
4
4
4
4
4
4
4
4
4
4
4
4
4
4
4
4
4
4
4
4
4
4
4
4
4
4
4
4
4
4
4
4
4
4
4
4
4
4
4
4
4
4
4
4
4
4
4
4
4
4
4
4
4
4
4
4
4
4
4
4
4
4
4
4
4
4
4
4
4
4
4
4
4
4
4
4
4
4
4
4
4
4
4
4
4
4
4
4
4
4
4
4
4
4
4
4
4
4
4
4
4
4
4
4
4
4
4
4
4
4
4
4
4
4
4
4
4
4
4
4
4
4
4
4
4
4
4
4
4
4
4
4
4
4
4
4
4
4
4
4
4
4
4
4
4
4
4
4
4
4
4
4
4
4
4
4
4
4
4
4
4
4
4
4
4
4
4
4
4
4
4
4
4
4
4
4
4
4
4
4
4
4
4
4
4
4
4
4
4
4
4
4
4
4
4
4
4
4
4
4
4
4
4
4
4
4
4
4
4
4
4
4
4
4
4
4
4
4
4
4
4
4
4
4
4
4
4
4
4
4
4
4
4
4
4
4
4
4
4
4
4
4
4
4
4
4
4
4
4
4
4
4
4
4
4
4
4
4
4
4
4
4
4
4
4
4
4
4
4
4
4
4
4
4
4
4
4
4
4
4
4
4
4
4
4
4
4
4
4
4
4
4
4
4
4
4
4
4
4
4
4
4
4
4
4
4
4
4
4
4
4
4
4
4
4
4
4
4
4
4
4
4
4
4
4
4
4
4
4
4
4
4
4
4
4
4
4
4
4
4
4
4
4
4
4
4
4
4
4
4
4
4
4
4
4
4
4
4
4
4
4
4
4
4
4
4
4
4
4
4
4
4
4
4
4
4
4
4
4
4
4
4
4
4
4
4
4
4
4
4
4
4
4
4
4
4
4
4
4
4
4
4
4
4
4
4
4
4
4
4
4
4
4
4
4
4
4
4
4
4
4
4
4
4
4
4
4
4
4
4
4
4
4
4
4
4
4
4
4
4
4
4
4
4
4
4
4
4
4
4
4
4
4
4
4
4
4
4
4
4
4
4
4
4
4
4
4
4
4
4
4
4
4
4
4
4
4
4
4
4
4
4
4
4
4
4
4
4
4
4
4
4
4
4
4
4
4
4
4
4
4
4
4
4
4
4
4
4
4
4
4
4
4
4
4
4
4
4
4
4
4
4
4
4
4
4
4
4
4
4
4
4
4
4
4
4
4
4
4
4
4
4
4
4
4
4
4
4
4
4
4
4
4
4
4
4
4
4
4
4
4
4
4
4
4
4
4
4
4
4
4
4
4
4
4
4
4
4
4
4
4
4
4
4
4
4
4
4
4
4
4
4
4
4
4
4
4
4
4
4
4
4
4
4
4
4
4
4
4
4
4
4
4
4
4
4
4
4
4
4
4
4
4
4
4
4
4
4
4
4
4
4
4
4
4
4
4
4
4
4
4
4
4
4
4
4
4
4
4
4
4
4
4
4
4
4
4
4
4
4
4
4
4
4
4
4
4
4
4
4
4
4
4
4
4
4
4
4
4
4
4
4
4
4
4
4
4
4
4
4
4
4
4
4
4
4
4
4
4
4
4
4
4
4
4
4
4
4
4
4
4
4
4
4
4
4
4
4
4
4
4
4
4
4
4
4
4
4
4
4
4
4
4
4
4
4
4
4
4
4
4
4
4
4
4
4
4
4
4
4
4
4
4
4
4
4
4
4
4
4
4
4
4
4
4
4
4
4
4
4
4
4
4
4
4
4
4
4
4
4
4
4
4
4
4
4
4
4
4
4
4
4
4
4
4
4
4
4
4
4
4
4
4
4
4
4
4
4
4
4
4
4
4
4
4
4
4
4
4
4
4
4
4
4
4
4
4
4
4
4
4
4
4
4
4
4
4
4
4
4
4
4
4
4
4
4
4
4
4
4
4
4
4
4
4
4
4
4
4
4
4
4
4
4
4
4
4
4
4
4
4
4
4
4
4
4
4
4
4
4
4
4
4
4
4
4
4
4
4
4
4
4
4
4
4
4
4
4
4
4
4
4
4
4
4
4
4
4
4
4
4
4
4
4
4
4
4
4
4
4
4
4
4
4
4
4
4
4
4
4
4
4
4
4
4
4
4
4
4
4
4
4
4
4
4
4
4
4
4
4
4
4
4
4
4
4
4
4
4
4
4
4
4
4
4
4
4
4
4
4
4
4
4
4
4
4
4
4
4
4
4
4
4
4
4
4
4
4
4
4
4
4
4
4
4
4
4
4
4
4
4
4
4
4
4
4
4
4
4
4
4
4
4
4
4
4
4
4
4
4
4
4
4
4
4
4
4
4
4
4
4
4
4
4
4
4
4
4
4
4
4
4
4
4
4
4
4
4
4
4
4
4
4
4
4
4
4
4
4
4
4
4
4
4
4
4
4
4
4
4
4
4
4
4
4
4
4
4
4
4
4
4
4
4
4
4
4
4
4
4
4
4
4
4
4
4
4
4
4
4
4
4
4
4
4
4
4
4
4
4
4
4
4
4
4
4
4
4
4
4
4
4
4
4
4
4
4
4
4
4
4
4
4
4
4
4
4
4
4
4
4
4
4
4
4
4
4
4
4
4
4
4
4
4
4
4
4
4
4
4
4
4
4
4
4
4
4
4
4
4
4
4
4
4
4
4
4
4
4
4
4
4
4
4
4
4
4
4
4
4
4
4
4
4
4
4
4
4
4
4
4
4
4
4
4
4
4
4
4
4
4
4
4
4
4
4
4
4
4
4
4
4
4
4
4
4
4
4
4
4
4
4
4
4
4
4
4
4
4
4
4
4
4
4
4
4
4
4
4
4
4
4
4
4
4
4
4
4
4
4
4
4
4
4
4
4
4
4
4
4
4
4
4
4
4
4
4
4
4
4
4
4
4
4
4
4
4
4
4
4
4
4
4
4
4
4
4
4
4
4
4
4
4
4
4
4
4
4
4
4
4
4
4
4
4
4
4
4
4
4
4
4
4
4
4
4
4
4
4
4
4
4
4
4
4
4
4
4
4
4
4
4
4
4
4
4
4
4
4
4
4
4
4
4
4
4
4
4
4
4
4
4
4
4
4
4
4
4
4
4
4
4
4
4
4
4
4
4
4
4
4
4
4
4
4
4
4
4
4
4
4
4
4
4
4
4
4
4
4
4
4
4
4
4
4
4
4
4
4
4
4
4
4
4
4
4
4
4
4
4
4
4
4
4
4
4
4
4
4
4
4
4
4
4
4
4
4
4
4
4
4
4
4
4
4
4
4
4
4
4
4
4
4
4
4
4
4
4
4
4
4
4
4
4
4
4
4
4
4
4
4
4
4
4
4
4
4
4
4
4
4
4
4
4
4
4
4
4
4
4
4
4
4
4
4
4
4
4
4
4
4
4
4
4
4
4
4
4
4
4
4
4
4
4
4
4
4
4
4
4
4
4
4
4
4
4
4
4
4
4
4
4
4
4
4
4
4
4
4
4
4
4
4
4
4
4
4
4
4
4
4
4
4
4
4
4
4
4
4
4
4
4
4
4
4
4
4
4
4
4
4
4
4
4
4
4
4
4
4
4
4
4
4
4
4
4
4
4
4
4
4
4
4
4
4
4
4
4
4
4
4
4
4
4
4
4
4
4
4
4
4
4
4
4
4
4
4
4
4
4
4
4
4
4
4
4
4
4
4
4
4
4
4
4
4
4
4
4
4
4
4
4
4
4
4
4
4
4
4
4
4
4
4
4
4
4
4
4
4
4
4
4
4
4
4
4
4
4
4
4
4
4
4
4
4
4
4
4
4
4
4
4
4
4
4
4
4
4
4
4
4
4
4
4
4
4
4
4
4
4
4
4
4
4
4
4
4
4
4
4
4
4
4
4
4
4
4
4
4
4
4
4
4
4
4
4
4
4
4
4
4
4
4
4
4
4
4
4
4
4
4
4
4
4
4
4
4
4
4
4
4
4
4
4
4
4
4
4
4
4
4
4
4
4
4
4
4
4
4
4
4
4
4
4
4
4
4
4
4
4
4
4
4
4
4
4
4
4
4
4
4
4
4
4
4
4
4
4
4
4
4
4
4
4
4
4
4
4
4
4
4
4
4
4
4
4
4
4
4
4
4
4
4
4
4
4
4
4
4
4
4
4
4
4
4
4
4
4
4
4
4
4
4
4
4
4
4
4
4
4
4
4
4
4
4
4
4
4
4
4
4
4
4
4
4
4
4
4
4
4
4
4
4
4
4
4
4
4
4
4
4
4
4
4
4
4
4
4
4
4
4
4
4
4
4
4
4
4
4
4
4
4
4
4
4
4
4
4
4
4
4
4
4
4
4
4
4
4
4
4
4
4
4
4
4
4
4
4
4
4
4
4
4
4
4
4
4
4
4
4
4
4
4
4
4
4
4
4
4
4
4
4
4
4
4
4
4
4
4
4
4
4
4
4
4
4
4
4
4
4
4
4
4
4
4
4
4
4
4
4
4
4
4
4
4
4
4
4
4
4
4
4
4
4
4
4
4
4
4
4
4
4
4
4
4
4
4
4
4
4
4
4
4
4
4
4
4
4
4
4
4
4
4
4
4
4
4
4
4
4
4
4
4
4
4
4
4
4
4
4
4
4
4
4
4
4
4
4
4
4
4
4
4
4
4
4
4
4
4
4
4
4
4
4
4
4
4
4
4
4
4
4
4
4
4
4
4
4
4
4
4
4
4
4
4
4
4
4
4
4
4
4
4
4
4
4
4
4
4
4
4
4
4
4
4
4
4
4
4
4
4
4
4
4
4
4
4
4
4
4
4
4
4
4
4
4
4
4
4
4
4
4
4
4
4
4
4
4
4
4
4
4
4
4
4
4
4
4
4
4
4
4
4
4
4
4
4
4
4
4
4
4
4
4
4
4
4
4
4
4
4
4
4
4
4
4
4
4
4
4
4
4
4
4
4
4
4
4
4
4
4
4
4
4
4
4
4
4
4
4
4
4
4
4
4
4
4
4
4
4
4
4
4
4
4
4
4
4
4
4
4
4
4
4
4
4
4
4
4
4
4
4
4
4
4
4
4
4
4
4
4
4
4
4
4
4
4
4
4
4
4
4
4
4
4
4
4
4
4
4
4
4
4
4
4
4
4
4
4
4
4
4
4
4
4
4
4
4
4
4
4
4
4
4
4
4
4
4
4
4
4
4
4
4
4
4
4
4
4
4
4
4
4
4
4
4
4
4
4
4
4
4
4
4
4
4
4
4
4
4
4
4
4
4
4
4
4
4
4
4
4
4
4
4
4
4
4
4
4
4
4
4
4
4
4
4
4
4
4
4
4
4
4
4
4
4
4
4
4
4
4
4
4
4
4
4
4
4
4
4
4
4
4
4
4
4
4
4
4
4
4
4
4
4
4
4
4
4
4
4
4
4
4
4
4
4
4
4
4
4
4
4
4
4
4
4
4
4
4
4
4
4
4
4
4
4
4
4
4
4
4
4
4
4
4
4
4
4
4
4
4
4
4
4
4
4
4
4
4
4
4
4
4
4
4
4
4
4
4
4
4
4
4
4
4
4
4
4
4
4
4
4
4
4
4
4
4
4
4
4
4
4
4
4
4
4
4
4
4
4
4
4
4
4
4
4
4
4
4
4
4
4
4
4
4
4
4
4
4
4
4
4
4
4
4
4
4
4
4
4
4
4
4
4
4
4
4
4
4
4
4
4
4
4
4
4
4
4
4
4
4
4
4
4
4
4
4
4
4
4
4
4
4
4
4
4
4
4
4
4
4
4
4
4
4
4
4
4
4
4
4
4
4
4
4
4
4
4
4
4
4
4
4
4
4
4
4
4
4
4
4
4
4
4
4
4
4
4
4
4
4
4
4
4
4
4
4
4
4
4
4
4
4
4
4
4
4
4
4
4
4
4
4
4
4
4
4
4
4
4
4
4
4
4
4
4
4
4
4
4
4
4
4
4
4
4
4
4
4
4
4
4
4
4
4
4
4
4
4
4
4
4
4
4
4
4
4
4
4
4
4
4
4
4
4
4
4
4
4
4
4
4
4
4
4
4
4
4
4
4
4
4
4
4
4
4
4
4
4
4
4
4
4
4
4
4
4
4
4
4
4
4
4
4
4
4
4
4
4
4
4
4
4
4
4
4
4
4
4
4
4
4
4
4
4
4
4
4
4
4
4
4
4
4
4
4
4
4
4
4
4
4
4
4
4
4
4
4
4
4
4
4
4
4
4
4
4
4
4
4
4
4
4
4
4
4
4
4
4
4
4
4
4
4
4
4
4
4
4
4
4
4
4
4
4
4
4
4
4
4
4
4
4
4
4
4
4
4
4
4
4
4
4
4
4
4
4
4
4
4
4
4
4
4
4
4
4
4
4
4
4
4
4
4
4
4
4
4
4
4
4
4
4
4
4
4
4
4
4
4
4
4
4
4
4
4
4
4
4
4
4
4
4
4
4
4
4
4
4
4
4
4
4
4
4
4
4
4
4
4
4
4
4
4
4
4
4
4
4
4
4
4
4
4
4
4
4
4
4
4
4
4
4
4
4
4
4
4
4
4
4
4
4
4
4
4
4
4
4
4
4
4
4
4
4
4
4
4
4
4
4
4
4
4
4
4
4
4
4
4
4
4
4
4
4
4
4
4
4
4
4
4
4
4
4
4
4
4
4
4
4
4
4
4
4
4
4
4
4
4
4
4
4
4
4
4
4
4
4
4
4
4
4
4
4
4
4
4
4
4
4
4
4
4
4
4
4
4
4
4
4
4
4
4
4
4
4
4
4
4
4
4
4
4
4
4
4
4
4
4
4
4
4
4
4
4
4
4
4
4
4
4
4
4
4
4
4
4
4
4
4
4
4
4
4
4
4
4
4
4
4
4
4
4
4
4
4
4
4
4
4
4
4
4
4
4
4
4
4
4
4
4
4
4
4
4
4
4
4
4
4
4
4
4
4
4
4
4
4
4
4
4
4
4
4
4
4
4
4
4
4
4
4
4
4
4
4
4
4
4
4
4
4
4
4
4
4
4
4
4
4
4
4
4
4
4
4
4
4
4
4
4
4
4
4
4
4
4
4
4
4
4
4
4
4
4
4
4
4
4
4
4
4
4
4
4
4
4
4
4
4
4
4
4
4
4
4
4
4
4
4
4
4
4
4
4
4
4
4
4
4
4
4
4
4
4
4
4
4
4
4
4
4
4
4
4
4
4
4
4
4
4
4
4
4
4
4
4
4
4
4
4
4
4
4
4
4
4
4
4
4
4
4
4
4
4
4
4
4
4
4
4
4
4
4
4
4
4
4
4
4
4
4
4
4
4
4
4
4
4
4
4
4
4
4
4
4
4
4
4
4
4
4
4
4
4
4
4
4
4
4
4
4
4
4
4
4
4
4
4
4
4
4
4
4
4
4
4
4
4
4
4
4
4
4
4
4
4
4
4
4
4
4
4
4
4
4
4
4
4
4
4
4
4
4
4
4
4
4
4
4
4
4
4
4
4
4
4
4
4
4
4
4
4
4
4
4
4
4
4
4
4
4
4
4
4
4
4
4
4
4
4
4
4
4
4
4
4
4
4
4
4
4
4
4
4
4
4
4
4
4
4
4
4
4
4
4
4
4
4
4
4
4
4
4
4
4
4
4
4
4
4
4
4
4
4
4
4
4
4
4
4
4
4
4
4
4
4
4
4
4
4
4
4
4
4
4
4
4
4
4
4
4
4
4
4
4
4
4
4
4
4
4
4
4
4
4
4
4
4
4
4
4
4
4
4
4
4
4
4
4
4
4
4
4
4
4
4
4
4
4
4
4
4
4
4
4
4
4
4
4
4
4
4
4
4
4
4
4
4
4
4
4
4
4
4
4
4
4
4
4
4
4
4
4
4
4
4
4
4
4
4
4
4
4
4
4
4
4
4
4
4
4
4
4
4
4
4
4
4
4
4
4
4
4
4
4
4
4
4
4
4
4
4
4
4
4
4
4
4
4
4
4
4
4
4
4
4
4
4
4
4
4
4
4
4
4
4
4
4
4
4
4
4
4
4
4
4
4
4
4
4
4
4
4
4
4
4
4
4
4
4
4
4
4
4
4
4
4
4
4
4
4
4
4
4
4
4
4
4
4
4
4
4
4
4
4
4
4
4
4
4
4
4
4
4
4
4
4
4
4
4
4
4
4
4
4
4
4
4
4
4
4
4
4
4
4
4
4
4
4
4
4
4
4
4
4
4
4
4
4
4
4
4
4
4
4
4
4
4
4
4
4
4
4
4
4
4
4
4
4
4
4
4
4
4
4
4
4
4
4
4
4
4
4
4
4
4
4
4
4
4
4
4
4
4
4
4
4
4
4
4
4
4
4
4
4
4
4
4
4
4
4
4
4
4
4
4
4
4
4
4
4
4
4
4
4
4
4
4
4
4
4
4
4
4
4
4
4
4
4
4
4
4
4
4
4
4
4
4
4
4
4
4
4
4
4
4
4
4
4
4
4
4
4
4
4
4
4
4
4
4
4
4
4
4
4
4
4
4
4
4
4
4
4
4
4
4
4
4
4
4
4
4
4
4
4
4
4
4
4
4
4
4
4
4
4
4
4
4
4
4
4
4
4
4
4
4
4
4
4
4
4
4
4
4
4
4
4
4
4
4
4
4
4
4
4
4
4
4
4
4
4
4
4
4
4
4
4
4
4
4
4
4
4
4
4
4
4
4
4
4
4
4
4
4
4
4
4
4
4
4
4
4
4
4
4
4
4
4
4
4
4
4
4
4
4
4
4
4
4
4
4
4
4
4
4
4
4
4
4
4
4
4
4
4
4
4
4
4
4
4
4
4
4
4
4
4
4
4
4
4
4
4
4
4
4
4
4
4
4
4
4
4
4
4
4
4
4
4
4
4
4
4
4
4
4
4
4
4
4
4
4
4
4
4
4
4
4
4
4
4
4
4
4
4
4
4
4
4
4
4
4
4
4
4
4
4
4
4
4
4
4
4
4
4
4
4
4
4
4
4
4
4
4
4
4
4
4
4
4
4
4
4
4
4
4
4
4
4
4
4
4
4
4
4
4
4
4
4
4
4
4
4
4
4
4
4
4
4
4
4
4
4
4
4
4
4
4
4
4
4
4
4
4
4
4
4
4
4
4
4
4
4
4
4
4
4
4
4
4
4
4
4
4
4
4
4
4
4
4
4
4
4
4
4
4
4
4
4
4
4
4
4
4
4
4
4
4
4
4
4
4
4
4
4
4
4
4
4
4
4
4
4
4
4
4
4
4
4
4
4
4
4
4
4
4
4
4
4
4
4
4
4
4
4
4
4
4
4
4
4
4
4
4
4
4
4
4
4
4
4
4
4
4
4
4
4
4
4
4
4
4
4
4
4
4
4
4
4
4
4
4
4
4
4
4
4
4
4
4
4
4
4
4
4
4
4
4
4
4
4
4
4
4
4
4
4
4
4
4
4
4
4
4
4
4
4
4
4
4
4
4
4
4
4
4
4
4
4
4
4
4
4
4
4
4
4
4
4
4
4
4
4
4
4
4
4
4
4
4
4
4
4
4
4
4
4
4
4
4
4
4
4
4
4
4
4
4
4
4
4
4
4
4
4
4
4
4
4
4
4
4
4
4
4
4
4
4
4
4
4
4
4
4
4
4
4
4
4
4
4
4
4
4
4
4
4
4
4
4
4
4
4
4
4
4
4
4
4
4
4
4
4
4
4
4
4
4
4
4
4
4
4
4
4
4
4
4
4
4
4
4
4
4
4
4
4
4
4
4
4
4
4
4
4
4
4
4
4
4
4
4
4
4
4
4
4
4
4
4
4
4
4
4
4
4
4
4
4
4
4
4
4
4
4
4
4
4
4
4
4
4
4
4
4
4
4
4
4
4
4
4
4
4
4
4
4
4
4
4
4
4
4
4
4
4
4
4
4
4
4
4
4
4
4
4
4
4
4
4
4
4
4
4
4
4
4
4
4
4
4
4
4
4
4
4
4
4
4
4
4
4
4
4
4
4
4
4
4
4
4
4
4
4
4
4
4
4
4
4
4
4
4
4
4
4
4
4
4
4
4
4
4
4
4
4
4
4
4
4
4
4
4
4
4
4
4
4
4
4
4
4
4
4
4
4
4
4
4
4
4
4
4
4
4
4
4
4
4
4
4
4
4
4
4
4
4
4
4
4
4
4
4
4
4
4
4
4
4
4
4
4
4
4
4
4
4
4
4
4
4
4
4
4
4
4
4
4
4
4
4
4
4
4
4
4
4
4
4
4
4
4
4
4
4
4
4
4
4
4
4
4
4
4
4
4
4
4
4
4
4
4
4
4
4
4
4
4
4
4
4
4
4
4
4
4
4
4
4
4
4
4
4
4
4
4
4
4
4
4
4
4
4
4
4
4
4
4
4
4
4
4
4
4
4
4
4
4
4
4
4
4
4
4
4
4
4
4
4
4
4
4
4
4
4
4
4
4
4
4
4
4
4
4
4
4
4
4
4
4
4
4
4
4
4
4
4
4
4
4
4
4
4
4
4
4
4
4
4
4
4
4
4
4
4
4
4
4
4
4
4
4
4
4
4
4
4
4
4
4
4
4
4
4
4
4
4
4
4
4
4
4
4
4
4
4
4
4
4
4
4
4
4
4
4
4
4
4
4
4
4
4
4
4
4
4
4
4
4
4
4
4
4
4
4
4
4
4
4
4
4
4
4
4
4
4
4
4
4
4
4
4
4
4
4
4
4
4
4
4
4
4
4
4
4
4
4
4
4
4
4
4
4
4
4
4
4
4
4
4
4
4
4
4
4
4
4
4
4
4
4
4
4
4
4
4
4
4
4
4
4
4
4
4
4
4
4
4
4
4
4
4
4
4
4
4
4
4
4
4
4
4
4
4
4
4
4
4
4
4
4
4
4
4
4
4
4
4
4
4
4
4
4
4
4
4
4
4
4
4
4
4
4
4
4
4
4
4
4
4
4
4
4
4
4
4
4
4
4
4
4
4
4
4
4
4
4
4
4
4
4
4
4
4
4
4
4
4
4
4
4
4
4
4
4
4
4
4
4
4
4
4
4
4
4
4
4
4
4
4
4
4
4
4
4
4
4
4
4
4
4
4
4
4
4
4
4
4
4
4
4
4
4
4
4
4
4
4
4
4
4
4
4
4
4
4
4
4
4
4
4
4
4
4
4
4
4
4
4
4
4
4
4
4
4
4
4
4
4
4
4
4
4
4
4
4
4
4
4
4
4
4
4
4
4
4
4
4
4
4
4
4
4
4
4
4
4
4
4
4
4
4
4
4
4
4
4
4
4
4
4
4
4
4
4
4
4
4
4
4
4
4
4
4
4
4
4
4
4
4
4
4
4
4
4
4
4
4
4
4
4
4
4
4
4
4
4
4
4
4
4
4
4
4
4
4
4
4
4
4
4
4
4
4
4
4
4
4
4
4
4
4
4
4
4
4
4
4
4
4
4
4
4
4
4
4
4
4
4
4
4
4
4
4
4
4
4
4
4
4
4
4
4
4
4
4
4
4
4
4
4
4
4
4
4
4
4
4
4
4
4
4
4
4
4
4
4
4
4
4
4
4
4
4
4
4
4
4
4
4
4
4
4
4
4
4
4
4
4
4
4
4
4
4
4
4
4
4
4
4
4
4
4
4
4
4
4
4
4
4
4
4
4
4
4
4
4
4
4
4
4
4
4
4
4
4
4
4
4
4
4
4
4
4
4
4
4
4
4
4
4
4
4
4
4
4
4
4
4
4
4
4
4
4
4
4
4
4
4
4
4
4
4
4
4
4
4
4
4
4
4
4
4
4
4
4
4
4
4
4
4
4
4
4
4
4
4
4
4
4
4
4
4
4
4
4
4
4
4
4
4
4
4
4
4
4
4
4
4
4
4
4
4
4
4
4
4
4
4
4
4
4
4
4
4
4
4
4
4
4
4
4
4
4
4
4
4
4
4
4
4
4
4
4
4
4
4
4
4
4
4
4
4
4
4
4
4
4
4
4
4
4
4
4
4
4
4
4
4
4
4
4
4
4
4
4
4
4
4
4
4
4
4
4
4
4
4
4
4
4
4
4
4
4
4
4
4
4
4
4
4
4
4
4
4
4
4
4
4
4
4
4
4
4
4
4
4
4
4
4
4
4
4
4
4
4
4
4
4
4
4
4
4
4
4
4
4
4
4
4
4
4
4
4
4
4
4
4
4
4
4
4
4
4
4
4
4
4
4
4
4
4
4
4
4
4
4
4
4
4
4
4
4
4
4
4
4
4
4
4
4
4
4
4
4
4
4
4
4
4
4
4
4
4
4
4
4
4
4
4
4
4
4
4
4
4
4
4
4
4
4
4
4
4
4
4
4
4
4
4
4
4
4
4
4
4
4
4
4
4
4
4
4
4
4
4
4
4
4
4
4
4
4
4
4
4
4
4
4
4
4
4
4
4
4
4
4
4
4
4
4
4
4
4
4
4
4
4
4
4
4
4
4
4
4
4
4
4
4
4
4
4
4
4
4
4
4
4
4
4
4
4
4
4
4
4
4
4
4
4
4
4
4
4
4
4
4
4
4
4
4
4
4
4
4
4
4
4
4
4
4
4
4
4
4
4
4
4
4
4
4
4
4
4
4
4
4
4
4
4
4
4
4
4
4
4
4
4
4
4
4
4
4
4
4
4
4
4
4
4
4
4
4
4
4
4
4
4
4
4
4
4
4
4
4
4
4
4
4
4
4
4
4
4
4
4
4
4
4
4
4
4
4
4
4
4
4
4
4
4
4
4
4
4
4
4
4
4
4
4
4
4
4
4
4
4
4
4
4
4
4
4
4
4
4
4
4
4
4
4
4
4
4
4
4
4
4
4
4
4
4
4
4
4
4
4
4
4
4
4
4
4
4
4
4
4
4
4
4
4
4
4
4
4
4
4
4
4
4
4
4
4
4
4
4
4
4
4
4
4
4
4
4
4
4
4
4
4
4
4
4
4
4
4
4
4
4
4
4
4
4
4
4
4
4
4
4
4
4
4
4
4
4
4
4
4
4
4
4
4
4
4
4
4
4
4
4
4
4
4
4
4
4
4
4
4
4
4
4
4
4
4
4
4
4
4
4
4
4
4
4
4
4
4
4
4
4
4
4
4
4
4
4
4
4
4
4
4
4
4
4
4
4
4
4
4
4
4
4
4
4
4
4
4
4
4
4
4
4
4
4
4
4
4
4
4
4
4
4
4
4
4
4
4
4
4
4
4
4
4
4
4
4
4
4
4
4
4
4
4
4
4
4
4
4
4
4
4
4
4
4
4
4
4
4
4
4
4
4
4
4
4
4
4
4
4
4
4
4
4
4
4
4
4
4
4
4
4
4
4
4
4
4
4
4
4
4
4
4
4
4
4
4
4
4
4
4
4
4
4
4
4
4
4
4
4
4
4
4
4
4
4
4
4
4
4
4
4
4
4
4
4
4
4
4
4
4
4
4
4
4
4
4
4
4
4
4
4
4
4
4
4
4
4
4
4
4
4
4
4
4
4
4
4
4
4
4
4
4
4
4
4
4
4
4
4
4
4
4
4
4
4
4
4
4
4
4
4
4
4
4
4
4
4
4
4
4
4
4
4
4
4
4
4
4
4
4
4
4
4
4
4
4
4
4
4
4
4
4
4
4
4
4
4
4
4
4
4
4
4
4
4
4
4
4
4
4
4
4
4
4
4
4
4
4
4
4
4
4
4
4
4
4
4
4
4
4
4
4
4
4
4
4
4
4
4
4
4
4
4
4
4
4
4
4
4
4
4
4
4
4
4
4
4
4
4
4
4
4
4
4
4
4
4
4
4
4
4
4
4
4
4
4
4
4
4
4
4
4
4
4
4
4
4
4
4
4
4
4
4
4
4
4
4
4
4
4
4
4
4
4
4
4
4
4
4
4
4
4
4
4
4
4
4
4
4
4
4
4
4
4
4
4
4
4
4
4
4
4
4
4
4
4
4
4
4
4
4
4
4
4
4
4
4
4
4
4
4
4
4
4
4
4
4
4
4
4
4
4
4
4
4
4
4
4
4
4
4
4
4
4
4
4
4
4
4
4
4
4
4
4
4
4
4
4
4
4
4
4
4
4
4
4
4
4
4
4
4
4
4
4
4
4
4
4
4
4
4
4
4
4
4
4
4
4
4
4
4
4
4
4
4
4
4
4
4
4
4
4
4
4
4
4
4
4
4
4
4
4
4
4
4
4
4
4
4
4
4
4
4
4
4
4
4
4
4
4
4
4
4
4
4
4
4
4
4
4
4
4
4
4
4
4
4
4
4
4
4
4
4
4
4
4
4
4
4
4
4
4
4
4
4
4
4
4
4
4
4
4
4
4
4
4
4
4
4
4
4
4
4
4
4
4
4
4
4
4
4
4
4
4
4
4
4
4
4
4
4
4
4
4
4
4
4
4
4
4
4
4
4
4
4
4
4
4
4
4
4
4
4
4
4
4
4
4
4
4
4
4
4
4
4
4
4
4
4
4
4
4
4
4
4
4
4
4
4
4
4
4
4
4
4
4
4
4
4
4
4
4
4
4
4
4
4
4
4
4
4
4
4
4
4
4
4
4
4
4
4
4
4
4
4
4
4
4
4
4
4
4
4
4
4
4
4
4
4
4
4
4
4
4
4
4
4
4
4
4
4
4
4
4
4
4
4
4
4
4
4
4
4
4
4
4
4
4
4
4
4
4
4
4
4
4
4
4
4
4
4
4
4
4
4
4
4
4
4
4
4
4
4
4
4
4
4
4
4
4
4
4
4
4
4
4
4
4
4
4
4
4
4
4
4
4
4
4
4
4
4
4
4
4
4
4
4
4
4
4
4
4
4
4
4
4
4
4
4
4
4
4
4
4
4
4
4
4
4
4
4
4
4
4
4
4
4
4
4
4
4
4
4
4
4
4
4
4
4
4
4
4
4
4
4
4
4
4
4
4
4
4
4
4
4
4
4
4
4
4
4
4
4
4
4
4
4
4
4
4
4
4
4
4
4
4
4
4
4
4
4
4
4
4
4
4
4
4
4
4
4
4
4
4
4
4
4
4
4
4
4
4
4
4
4
4
4
4
4
4
4
4
4
4
4
4
4
4
4
4
4
4
4
4
4
4
4
4
4
4
4
4
4
4
4
4
4
4
4
4
4
4
4
4
4
4
4
4
4
4
4
4
4
4
4
4
4
4
4
4
4
4
4
4
4
4
4
4
4
4
4
4
4
4
4
4
4
4
4
4
4
4
4
4
4
4
4
4
4
4
4
4
4
4
4
4
4
4
4
4
4
4
4
4
4
4
4
4
4
4
4
4
4
4
4
4
4
4
4
4
4
4
4
4
4
4
4
4
4
4
4
4
4
4
4
4
4
4
4
4
4
4
4
4
4
4
4
4
4
4
4
4
4
4
4
4
4
4
4
4
4
4
4
4
4
4
4
4
4
4
4
4
4
4
4
4
4
4
4
4
4
4
4
4
4
4
4
4
4
4
4
4
4
4
4
4
4
4
4
4
4
4
4
4
4
4
4
4
4
4
4
4
4
4
4
4
4
4
4
4
4
4
4
4
4
4
4
4
4
4
4
4
4
4
4
4
4
4
4
